scenario_id,qubits,N,data_count,target_count,requested_j,predicate_mode,target_mask_sha256,shared_input_prepare_seconds,backend,repeat,execution_seconds,target_probability,norm,phase_aligned_l2_vs_numpy,success_probability_error_vs_numpy
q8_m1_j12,8,256,256,1,12,EQ,d577b6dfa736657f93c3223b466c256c988d5eb5f02cc27ad47f92c1406f7dd2,1.689803320914507e-05,NUMPY_FLOAT64,0,0.0003559299511834979,0.9999470421032738,0.9999999999999994,0.0,0.0
q8_m1_j12,8,256,256,1,12,EQ,d577b6dfa736657f93c3223b466c256c988d5eb5f02cc27ad47f92c1406f7dd2,1.689803320914507e-05,NUMPY_FLOAT64,1,0.00046461401507258415,0.9999470421032738,0.9999999999999994,0.0,0.0
q8_m1_j12,8,256,256,1,12,EQ,d577b6dfa736657f93c3223b466c256c988d5eb5f02cc27ad47f92c1406f7dd2,1.689803320914507e-05,NUMPY_FLOAT64,2,0.0003757009981200099,0.9999470421032738,0.9999999999999994,0.0,0.0
q8_m1_j12,8,256,256,1,12,EQ,d577b6dfa736657f93c3223b466c256c988d5eb5f02cc27ad47f92c1406f7dd2,1.689803320914507e-05,NUMPY_FLOAT64,3,0.0004512680461630225,0.9999470421032738,0.9999999999999994,0.0,0.0
q8_m1_j12,8,256,256,1,12,EQ,d577b6dfa736657f93c3223b466c256c988d5eb5f02cc27ad47f92c1406f7dd2,1.689803320914507e-05,NUMPY_FLOAT64,4,0.0006626549875363708,0.9999470421032738,0.9999999999999994,0.0,0.0
q8_m1_j12,8,256,256,1,12,EQ,d577b6dfa736657f93c3223b466c256c988d5eb5f02cc27ad47f92c1406f7dd2,1.689803320914507e-05,NUMPY_FLOAT64,5,0.0004699400160461664,0.9999470421032738,0.9999999999999994,0.0,0.0
q8_m1_j12,8,256,256,1,12,EQ,d577b6dfa736657f93c3223b466c256c988d5eb5f02cc27ad47f92c1406f7dd2,1.689803320914507e-05,NUMPY_FLOAT64,6,0.00034557702019810677,0.9999470421032738,0.9999999999999994,0.0,0.0
q8_m1_j12,8,256,256,1,12,EQ,d577b6dfa736657f93c3223b466c256c988d5eb5f02cc27ad47f92c1406f7dd2,1.689803320914507e-05,NUMPY_FLOAT64,7,0.0003813569201156497,0.9999470421032738,0.9999999999999994,0.0,0.0
q8_m1_j12,8,256,256,1,12,EQ,d577b6dfa736657f93c3223b466c256c988d5eb5f02cc27ad47f92c1406f7dd2,1.689803320914507e-05,NUMPY_FLOAT64,8,0.0006747259758412838,0.9999470421032738,0.9999999999999994,0.0,0.0
q8_m1_j12,8,256,256,1,12,EQ,d577b6dfa736657f93c3223b466c256c988d5eb5f02cc27ad47f92c1406f7dd2,1.689803320914507e-05,NUMPY_FLOAT64,9,0.0005452790064737201,0.9999470421032738,0.9999999999999994,0.0,0.0
q8_m1_j12,8,256,256,1,12,EQ,d577b6dfa736657f93c3223b466c256c988d5eb5f02cc27ad47f92c1406f7dd2,1.689803320914507e-05,QISKIT_AER_STATEVECTOR,0,0.0052719059167429805,0.9999470421032702,0.9999999999999959,2.188734831589348e-15,3.552713678800501e-15
q8_m1_j12,8,256,256,1,12,EQ,d577b6dfa736657f93c3223b466c256c988d5eb5f02cc27ad47f92c1406f7dd2,1.689803320914507e-05,QISKIT_AER_STATEVECTOR,1,0.0068313980009406805,0.9999470421032702,0.9999999999999959,2.188734831589348e-15,3.552713678800501e-15
q8_m1_j12,8,256,256,1,12,EQ,d577b6dfa736657f93c3223b466c256c988d5eb5f02cc27ad47f92c1406f7dd2,1.689803320914507e-05,QISKIT_AER_STATEVECTOR,2,0.008633266086690128,0.9999470421032702,0.9999999999999959,2.188734831589348e-15,3.552713678800501e-15
q8_m1_j12,8,256,256,1,12,EQ,d577b6dfa736657f93c3223b466c256c988d5eb5f02cc27ad47f92c1406f7dd2,1.689803320914507e-05,QISKIT_AER_STATEVECTOR,3,0.008848141063936055,0.9999470421032702,0.9999999999999959,2.188734831589348e-15,3.552713678800501e-15
q8_m1_j12,8,256,256,1,12,EQ,d577b6dfa736657f93c3223b466c256c988d5eb5f02cc27ad47f92c1406f7dd2,1.689803320914507e-05,QISKIT_AER_STATEVECTOR,4,0.008781317970715463,0.9999470421032702,0.9999999999999959,2.188734831589348e-15,3.552713678800501e-15
q8_m1_j12,8,256,256,1,12,EQ,d577b6dfa736657f93c3223b466c256c988d5eb5f02cc27ad47f92c1406f7dd2,1.689803320914507e-05,QISKIT_AER_STATEVECTOR,5,0.0057581240544095635,0.9999470421032702,0.9999999999999959,2.188734831589348e-15,3.552713678800501e-15
q8_m1_j12,8,256,256,1,12,EQ,d577b6dfa736657f93c3223b466c256c988d5eb5f02cc27ad47f92c1406f7dd2,1.689803320914507e-05,QISKIT_AER_STATEVECTOR,6,0.00444617704488337,0.9999470421032702,0.9999999999999959,2.188734831589348e-15,3.552713678800501e-15
q8_m1_j12,8,256,256,1,12,EQ,d577b6dfa736657f93c3223b466c256c988d5eb5f02cc27ad47f92c1406f7dd2,1.689803320914507e-05,QISKIT_AER_STATEVECTOR,7,0.004568766918964684,0.9999470421032702,0.9999999999999959,2.188734831589348e-15,3.552713678800501e-15
q8_m1_j12,8,256,256,1,12,EQ,d577b6dfa736657f93c3223b466c256c988d5eb5f02cc27ad47f92c1406f7dd2,1.689803320914507e-05,QISKIT_AER_STATEVECTOR,8,0.005221385974436998,0.9999470421032702,0.9999999999999959,2.188734831589348e-15,3.552713678800501e-15
q8_m1_j12,8,256,256,1,12,EQ,d577b6dfa736657f93c3223b466c256c988d5eb5f02cc27ad47f92c1406f7dd2,1.689803320914507e-05,QISKIT_AER_STATEVECTOR,9,0.005226047011092305,0.9999470421032702,0.9999999999999959,2.188734831589348e-15,3.552713678800501e-15
q8_m4_j6,8,256,256,4,6,EQ,2c37c27dc27c989cd1c0ce391e96e8b6c6c3b8f099114bd196ba6e24cbcf239b,5.381996743381023e-06,NUMPY_FLOAT64,0,0.00017661903984844685,0.996585680786799,0.9999999999999991,0.0,0.0
q8_m4_j6,8,256,256,4,6,EQ,2c37c27dc27c989cd1c0ce391e96e8b6c6c3b8f099114bd196ba6e24cbcf239b,5.381996743381023e-06,NUMPY_FLOAT64,1,0.000174080953001976,0.996585680786799,0.9999999999999991,0.0,0.0
q8_m4_j6,8,256,256,4,6,EQ,2c37c27dc27c989cd1c0ce391e96e8b6c6c3b8f099114bd196ba6e24cbcf239b,5.381996743381023e-06,NUMPY_FLOAT64,2,0.0001826429506763816,0.996585680786799,0.9999999999999991,0.0,0.0
q8_m4_j6,8,256,256,4,6,EQ,2c37c27dc27c989cd1c0ce391e96e8b6c6c3b8f099114bd196ba6e24cbcf239b,5.381996743381023e-06,NUMPY_FLOAT64,3,0.00017779599875211716,0.996585680786799,0.9999999999999991,0.0,0.0
q8_m4_j6,8,256,256,4,6,EQ,2c37c27dc27c989cd1c0ce391e96e8b6c6c3b8f099114bd196ba6e24cbcf239b,5.381996743381023e-06,NUMPY_FLOAT64,4,0.0001799529418349266,0.996585680786799,0.9999999999999991,0.0,0.0
q8_m4_j6,8,256,256,4,6,EQ,2c37c27dc27c989cd1c0ce391e96e8b6c6c3b8f099114bd196ba6e24cbcf239b,5.381996743381023e-06,NUMPY_FLOAT64,5,0.00029059802182018757,0.996585680786799,0.9999999999999991,0.0,0.0
q8_m4_j6,8,256,256,4,6,EQ,2c37c27dc27c989cd1c0ce391e96e8b6c6c3b8f099114bd196ba6e24cbcf239b,5.381996743381023e-06,NUMPY_FLOAT64,6,0.00017383007798343897,0.996585680786799,0.9999999999999991,0.0,0.0
q8_m4_j6,8,256,256,4,6,EQ,2c37c27dc27c989cd1c0ce391e96e8b6c6c3b8f099114bd196ba6e24cbcf239b,5.381996743381023e-06,NUMPY_FLOAT64,7,0.0001813489943742752,0.996585680786799,0.9999999999999991,0.0,0.0
q8_m4_j6,8,256,256,4,6,EQ,2c37c27dc27c989cd1c0ce391e96e8b6c6c3b8f099114bd196ba6e24cbcf239b,5.381996743381023e-06,NUMPY_FLOAT64,8,0.00017365708481520414,0.996585680786799,0.9999999999999991,0.0,0.0
q8_m4_j6,8,256,256,4,6,EQ,2c37c27dc27c989cd1c0ce391e96e8b6c6c3b8f099114bd196ba6e24cbcf239b,5.381996743381023e-06,NUMPY_FLOAT64,9,0.00017229910008609295,0.996585680786799,0.9999999999999991,0.0,0.0
q8_m4_j6,8,256,256,4,6,EQ,2c37c27dc27c989cd1c0ce391e96e8b6c6c3b8f099114bd196ba6e24cbcf239b,5.381996743381023e-06,QISKIT_AER_STATEVECTOR,0,0.0028177539352327585,0.9965856807867967,0.9999999999999984,1.5590665946170216e-15,2.3314683517128287e-15
q8_m4_j6,8,256,256,4,6,EQ,2c37c27dc27c989cd1c0ce391e96e8b6c6c3b8f099114bd196ba6e24cbcf239b,5.381996743381023e-06,QISKIT_AER_STATEVECTOR,1,0.0027164960047230124,0.9965856807867967,0.9999999999999984,1.5590665946170216e-15,2.3314683517128287e-15
q8_m4_j6,8,256,256,4,6,EQ,2c37c27dc27c989cd1c0ce391e96e8b6c6c3b8f099114bd196ba6e24cbcf239b,5.381996743381023e-06,QISKIT_AER_STATEVECTOR,2,0.0027884559240192175,0.9965856807867967,0.9999999999999984,1.5590665946170216e-15,2.3314683517128287e-15
q8_m4_j6,8,256,256,4,6,EQ,2c37c27dc27c989cd1c0ce391e96e8b6c6c3b8f099114bd196ba6e24cbcf239b,5.381996743381023e-06,QISKIT_AER_STATEVECTOR,3,0.003147425944916904,0.9965856807867967,0.9999999999999984,1.5590665946170216e-15,2.3314683517128287e-15
q8_m4_j6,8,256,256,4,6,EQ,2c37c27dc27c989cd1c0ce391e96e8b6c6c3b8f099114bd196ba6e24cbcf239b,5.381996743381023e-06,QISKIT_AER_STATEVECTOR,4,0.002904684981331229,0.9965856807867967,0.9999999999999984,1.5590665946170216e-15,2.3314683517128287e-15
q8_m4_j6,8,256,256,4,6,EQ,2c37c27dc27c989cd1c0ce391e96e8b6c6c3b8f099114bd196ba6e24cbcf239b,5.381996743381023e-06,QISKIT_AER_STATEVECTOR,5,0.004545195028185844,0.9965856807867967,0.9999999999999984,1.5590665946170216e-15,2.3314683517128287e-15
q8_m4_j6,8,256,256,4,6,EQ,2c37c27dc27c989cd1c0ce391e96e8b6c6c3b8f099114bd196ba6e24cbcf239b,5.381996743381023e-06,QISKIT_AER_STATEVECTOR,6,0.0048263989156112075,0.9965856807867967,0.9999999999999984,1.5590665946170216e-15,2.3314683517128287e-15
q8_m4_j6,8,256,256,4,6,EQ,2c37c27dc27c989cd1c0ce391e96e8b6c6c3b8f099114bd196ba6e24cbcf239b,5.381996743381023e-06,QISKIT_AER_STATEVECTOR,7,0.004860979039222002,0.9965856807867967,0.9999999999999984,1.5590665946170216e-15,2.3314683517128287e-15
q8_m4_j6,8,256,256,4,6,EQ,2c37c27dc27c989cd1c0ce391e96e8b6c6c3b8f099114bd196ba6e24cbcf239b,5.381996743381023e-06,QISKIT_AER_STATEVECTOR,8,0.00497812288813293,0.9965856807867967,0.9999999999999984,1.5590665946170216e-15,2.3314683517128287e-15
q8_m4_j6,8,256,256,4,6,EQ,2c37c27dc27c989cd1c0ce391e96e8b6c6c3b8f099114bd196ba6e24cbcf239b,5.381996743381023e-06,QISKIT_AER_STATEVECTOR,9,0.004116790019907057,0.9965856807867967,0.9999999999999984,1.5590665946170216e-15,2.3314683517128287e-15
q8_m16_j3,8,256,256,16,3,EQ,5612911632a875a572c7dd19a148e1cde73854812fa69e10f93cf24bd9dee479,5.7319412007927895e-06,NUMPY_FLOAT64,0,0.00020479701925069094,0.9613189697265625,1.0,0.0,0.0
q8_m16_j3,8,256,256,16,3,EQ,5612911632a875a572c7dd19a148e1cde73854812fa69e10f93cf24bd9dee479,5.7319412007927895e-06,NUMPY_FLOAT64,1,0.00019633898045867682,0.9613189697265625,1.0,0.0,0.0
q8_m16_j3,8,256,256,16,3,EQ,5612911632a875a572c7dd19a148e1cde73854812fa69e10f93cf24bd9dee479,5.7319412007927895e-06,NUMPY_FLOAT64,2,0.00020161399152129889,0.9613189697265625,1.0,0.0,0.0
q8_m16_j3,8,256,256,16,3,EQ,5612911632a875a572c7dd19a148e1cde73854812fa69e10f93cf24bd9dee479,5.7319412007927895e-06,NUMPY_FLOAT64,3,0.0001854320289567113,0.9613189697265625,1.0,0.0,0.0
q8_m16_j3,8,256,256,16,3,EQ,5612911632a875a572c7dd19a148e1cde73854812fa69e10f93cf24bd9dee479,5.7319412007927895e-06,NUMPY_FLOAT64,4,0.0001942630624398589,0.9613189697265625,1.0,0.0,0.0
q8_m16_j3,8,256,256,16,3,EQ,5612911632a875a572c7dd19a148e1cde73854812fa69e10f93cf24bd9dee479,5.7319412007927895e-06,NUMPY_FLOAT64,5,0.00019619904924184084,0.9613189697265625,1.0,0.0,0.0
q8_m16_j3,8,256,256,16,3,EQ,5612911632a875a572c7dd19a148e1cde73854812fa69e10f93cf24bd9dee479,5.7319412007927895e-06,NUMPY_FLOAT64,6,0.00019990804139524698,0.9613189697265625,1.0,0.0,0.0
q8_m16_j3,8,256,256,16,3,EQ,5612911632a875a572c7dd19a148e1cde73854812fa69e10f93cf24bd9dee479,5.7319412007927895e-06,NUMPY_FLOAT64,7,0.00010116200428456068,0.9613189697265625,1.0,0.0,0.0
q8_m16_j3,8,256,256,16,3,EQ,5612911632a875a572c7dd19a148e1cde73854812fa69e10f93cf24bd9dee479,5.7319412007927895e-06,NUMPY_FLOAT64,8,9.950692765414715e-05,0.9613189697265625,1.0,0.0,0.0
q8_m16_j3,8,256,256,16,3,EQ,5612911632a875a572c7dd19a148e1cde73854812fa69e10f93cf24bd9dee479,5.7319412007927895e-06,NUMPY_FLOAT64,9,9.88229876384139e-05,0.9613189697265625,1.0,0.0,0.0
q8_m16_j3,8,256,256,16,3,EQ,5612911632a875a572c7dd19a148e1cde73854812fa69e10f93cf24bd9dee479,5.7319412007927895e-06,QISKIT_AER_STATEVECTOR,0,0.0018014300148934126,0.9613189697265614,0.999999999999999,8.778273458587317e-16,1.1102230246251565e-15
q8_m16_j3,8,256,256,16,3,EQ,5612911632a875a572c7dd19a148e1cde73854812fa69e10f93cf24bd9dee479,5.7319412007927895e-06,QISKIT_AER_STATEVECTOR,1,0.0015719629591330886,0.9613189697265614,0.999999999999999,8.778273458587317e-16,1.1102230246251565e-15
q8_m16_j3,8,256,256,16,3,EQ,5612911632a875a572c7dd19a148e1cde73854812fa69e10f93cf24bd9dee479,5.7319412007927895e-06,QISKIT_AER_STATEVECTOR,2,0.0016386070055887103,0.9613189697265614,0.999999999999999,8.778273458587317e-16,1.1102230246251565e-15
q8_m16_j3,8,256,256,16,3,EQ,5612911632a875a572c7dd19a148e1cde73854812fa69e10f93cf24bd9dee479,5.7319412007927895e-06,QISKIT_AER_STATEVECTOR,3,0.0019996128976345062,0.9613189697265614,0.999999999999999,8.778273458587317e-16,1.1102230246251565e-15
q8_m16_j3,8,256,256,16,3,EQ,5612911632a875a572c7dd19a148e1cde73854812fa69e10f93cf24bd9dee479,5.7319412007927895e-06,QISKIT_AER_STATEVECTOR,4,0.0016061660135164857,0.9613189697265614,0.999999999999999,8.778273458587317e-16,1.1102230246251565e-15
q8_m16_j3,8,256,256,16,3,EQ,5612911632a875a572c7dd19a148e1cde73854812fa69e10f93cf24bd9dee479,5.7319412007927895e-06,QISKIT_AER_STATEVECTOR,5,0.002031964948400855,0.9613189697265614,0.999999999999999,8.778273458587317e-16,1.1102230246251565e-15
q8_m16_j3,8,256,256,16,3,EQ,5612911632a875a572c7dd19a148e1cde73854812fa69e10f93cf24bd9dee479,5.7319412007927895e-06,QISKIT_AER_STATEVECTOR,6,0.002128635998815298,0.9613189697265614,0.999999999999999,8.778273458587317e-16,1.1102230246251565e-15
q8_m16_j3,8,256,256,16,3,EQ,5612911632a875a572c7dd19a148e1cde73854812fa69e10f93cf24bd9dee479,5.7319412007927895e-06,QISKIT_AER_STATEVECTOR,7,0.0015116529539227486,0.9613189697265614,0.999999999999999,8.778273458587317e-16,1.1102230246251565e-15
q8_m16_j3,8,256,256,16,3,EQ,5612911632a875a572c7dd19a148e1cde73854812fa69e10f93cf24bd9dee479,5.7319412007927895e-06,QISKIT_AER_STATEVECTOR,8,0.001514911069534719,0.9613189697265614,0.999999999999999,8.778273458587317e-16,1.1102230246251565e-15
q8_m16_j3,8,256,256,16,3,EQ,5612911632a875a572c7dd19a148e1cde73854812fa69e10f93cf24bd9dee479,5.7319412007927895e-06,QISKIT_AER_STATEVECTOR,9,0.0016336360713467002,0.9613189697265614,0.999999999999999,8.778273458587317e-16,1.1102230246251565e-15
q8_m64_j1,8,256,256,64,1,EQ,b8a63a62f6097f15c8e3345e42bc482129e8df77fbc8e7393435006f9352f641,4.966044798493385e-06,NUMPY_FLOAT64,0,5.391193553805351e-05,1.0,1.0,0.0,0.0
q8_m64_j1,8,256,256,64,1,EQ,b8a63a62f6097f15c8e3345e42bc482129e8df77fbc8e7393435006f9352f641,4.966044798493385e-06,NUMPY_FLOAT64,1,7.14160269126296e-05,1.0,1.0,0.0,0.0
q8_m64_j1,8,256,256,64,1,EQ,b8a63a62f6097f15c8e3345e42bc482129e8df77fbc8e7393435006f9352f641,4.966044798493385e-06,NUMPY_FLOAT64,2,0.00011975306551903486,1.0,1.0,0.0,0.0
q8_m64_j1,8,256,256,64,1,EQ,b8a63a62f6097f15c8e3345e42bc482129e8df77fbc8e7393435006f9352f641,4.966044798493385e-06,NUMPY_FLOAT64,3,5.046394653618336e-05,1.0,1.0,0.0,0.0
q8_m64_j1,8,256,256,64,1,EQ,b8a63a62f6097f15c8e3345e42bc482129e8df77fbc8e7393435006f9352f641,4.966044798493385e-06,NUMPY_FLOAT64,4,4.9717025831341743e-05,1.0,1.0,0.0,0.0
q8_m64_j1,8,256,256,64,1,EQ,b8a63a62f6097f15c8e3345e42bc482129e8df77fbc8e7393435006f9352f641,4.966044798493385e-06,NUMPY_FLOAT64,5,4.9317022785544395e-05,1.0,1.0,0.0,0.0
q8_m64_j1,8,256,256,64,1,EQ,b8a63a62f6097f15c8e3345e42bc482129e8df77fbc8e7393435006f9352f641,4.966044798493385e-06,NUMPY_FLOAT64,6,4.848209209740162e-05,1.0,1.0,0.0,0.0
q8_m64_j1,8,256,256,64,1,EQ,b8a63a62f6097f15c8e3345e42bc482129e8df77fbc8e7393435006f9352f641,4.966044798493385e-06,NUMPY_FLOAT64,7,4.7907931730151176e-05,1.0,1.0,0.0,0.0
q8_m64_j1,8,256,256,64,1,EQ,b8a63a62f6097f15c8e3345e42bc482129e8df77fbc8e7393435006f9352f641,4.966044798493385e-06,NUMPY_FLOAT64,8,4.7595007345080376e-05,1.0,1.0,0.0,0.0
q8_m64_j1,8,256,256,64,1,EQ,b8a63a62f6097f15c8e3345e42bc482129e8df77fbc8e7393435006f9352f641,4.966044798493385e-06,NUMPY_FLOAT64,9,4.832400009036064e-05,1.0,1.0,0.0,0.0
q8_m64_j1,8,256,256,64,1,EQ,b8a63a62f6097f15c8e3345e42bc482129e8df77fbc8e7393435006f9352f641,4.966044798493385e-06,QISKIT_AER_STATEVECTOR,0,0.0007725119357928634,0.9999999999999996,0.9999999999999996,4.006111297196738e-16,4.440892098500626e-16
q8_m64_j1,8,256,256,64,1,EQ,b8a63a62f6097f15c8e3345e42bc482129e8df77fbc8e7393435006f9352f641,4.966044798493385e-06,QISKIT_AER_STATEVECTOR,1,0.0007788200164213777,0.9999999999999996,0.9999999999999996,4.006111297196738e-16,4.440892098500626e-16
q8_m64_j1,8,256,256,64,1,EQ,b8a63a62f6097f15c8e3345e42bc482129e8df77fbc8e7393435006f9352f641,4.966044798493385e-06,QISKIT_AER_STATEVECTOR,2,0.0007746729534119368,0.9999999999999996,0.9999999999999996,4.006111297196738e-16,4.440892098500626e-16
q8_m64_j1,8,256,256,64,1,EQ,b8a63a62f6097f15c8e3345e42bc482129e8df77fbc8e7393435006f9352f641,4.966044798493385e-06,QISKIT_AER_STATEVECTOR,3,0.0007796910358592868,0.9999999999999996,0.9999999999999996,4.006111297196738e-16,4.440892098500626e-16
q8_m64_j1,8,256,256,64,1,EQ,b8a63a62f6097f15c8e3345e42bc482129e8df77fbc8e7393435006f9352f641,4.966044798493385e-06,QISKIT_AER_STATEVECTOR,4,0.0007722490699961782,0.9999999999999996,0.9999999999999996,4.006111297196738e-16,4.440892098500626e-16
q8_m64_j1,8,256,256,64,1,EQ,b8a63a62f6097f15c8e3345e42bc482129e8df77fbc8e7393435006f9352f641,4.966044798493385e-06,QISKIT_AER_STATEVECTOR,5,0.000748954014852643,0.9999999999999996,0.9999999999999996,4.006111297196738e-16,4.440892098500626e-16
q8_m64_j1,8,256,256,64,1,EQ,b8a63a62f6097f15c8e3345e42bc482129e8df77fbc8e7393435006f9352f641,4.966044798493385e-06,QISKIT_AER_STATEVECTOR,6,0.0007717330008745193,0.9999999999999996,0.9999999999999996,4.006111297196738e-16,4.440892098500626e-16
q8_m64_j1,8,256,256,64,1,EQ,b8a63a62f6097f15c8e3345e42bc482129e8df77fbc8e7393435006f9352f641,4.966044798493385e-06,QISKIT_AER_STATEVECTOR,7,0.0007685250602662563,0.9999999999999996,0.9999999999999996,4.006111297196738e-16,4.440892098500626e-16
q8_m64_j1,8,256,256,64,1,EQ,b8a63a62f6097f15c8e3345e42bc482129e8df77fbc8e7393435006f9352f641,4.966044798493385e-06,QISKIT_AER_STATEVECTOR,8,0.0007617770461365581,0.9999999999999996,0.9999999999999996,4.006111297196738e-16,4.440892098500626e-16
q8_m64_j1,8,256,256,64,1,EQ,b8a63a62f6097f15c8e3345e42bc482129e8df77fbc8e7393435006f9352f641,4.966044798493385e-06,QISKIT_AER_STATEVECTOR,9,0.0007399549940600991,0.9999999999999996,0.9999999999999996,4.006111297196738e-16,4.440892098500626e-16
q8_m256_j0,8,256,256,256,0,EQ,2661920f2409dd6c8adeb0c44972959f232b6429afa913845d0fd95e7e768234,4.698988050222397e-06,NUMPY_FLOAT64,0,2.3800996132194996e-05,1.0,1.0,0.0,0.0
q8_m256_j0,8,256,256,256,0,EQ,2661920f2409dd6c8adeb0c44972959f232b6429afa913845d0fd95e7e768234,4.698988050222397e-06,NUMPY_FLOAT64,1,2.6913010515272617e-05,1.0,1.0,0.0,0.0
q8_m256_j0,8,256,256,256,0,EQ,2661920f2409dd6c8adeb0c44972959f232b6429afa913845d0fd95e7e768234,4.698988050222397e-06,NUMPY_FLOAT64,2,2.167699858546257e-05,1.0,1.0,0.0,0.0
q8_m256_j0,8,256,256,256,0,EQ,2661920f2409dd6c8adeb0c44972959f232b6429afa913845d0fd95e7e768234,4.698988050222397e-06,NUMPY_FLOAT64,3,2.0361971110105515e-05,1.0,1.0,0.0,0.0
q8_m256_j0,8,256,256,256,0,EQ,2661920f2409dd6c8adeb0c44972959f232b6429afa913845d0fd95e7e768234,4.698988050222397e-06,NUMPY_FLOAT64,4,1.9814004190266132e-05,1.0,1.0,0.0,0.0
q8_m256_j0,8,256,256,256,0,EQ,2661920f2409dd6c8adeb0c44972959f232b6429afa913845d0fd95e7e768234,4.698988050222397e-06,NUMPY_FLOAT64,5,2.171494998037815e-05,1.0,1.0,0.0,0.0
q8_m256_j0,8,256,256,256,0,EQ,2661920f2409dd6c8adeb0c44972959f232b6429afa913845d0fd95e7e768234,4.698988050222397e-06,NUMPY_FLOAT64,6,1.9932049326598644e-05,1.0,1.0,0.0,0.0
q8_m256_j0,8,256,256,256,0,EQ,2661920f2409dd6c8adeb0c44972959f232b6429afa913845d0fd95e7e768234,4.698988050222397e-06,NUMPY_FLOAT64,7,2.2851047106087208e-05,1.0,1.0,0.0,0.0
q8_m256_j0,8,256,256,256,0,EQ,2661920f2409dd6c8adeb0c44972959f232b6429afa913845d0fd95e7e768234,4.698988050222397e-06,NUMPY_FLOAT64,8,2.0451960153877735e-05,1.0,1.0,0.0,0.0
q8_m256_j0,8,256,256,256,0,EQ,2661920f2409dd6c8adeb0c44972959f232b6429afa913845d0fd95e7e768234,4.698988050222397e-06,NUMPY_FLOAT64,9,2.0109000615775585e-05,1.0,1.0,0.0,0.0
q8_m256_j0,8,256,256,256,0,EQ,2661920f2409dd6c8adeb0c44972959f232b6429afa913845d0fd95e7e768234,4.698988050222397e-06,QISKIT_AER_STATEVECTOR,0,0.00041938398499041796,1.0,1.0,2.172217384091364e-16,0.0
q8_m256_j0,8,256,256,256,0,EQ,2661920f2409dd6c8adeb0c44972959f232b6429afa913845d0fd95e7e768234,4.698988050222397e-06,QISKIT_AER_STATEVECTOR,1,0.00039871304761618376,1.0,1.0,2.172217384091364e-16,0.0
q8_m256_j0,8,256,256,256,0,EQ,2661920f2409dd6c8adeb0c44972959f232b6429afa913845d0fd95e7e768234,4.698988050222397e-06,QISKIT_AER_STATEVECTOR,2,0.00039909803308546543,1.0,1.0,2.172217384091364e-16,0.0
q8_m256_j0,8,256,256,256,0,EQ,2661920f2409dd6c8adeb0c44972959f232b6429afa913845d0fd95e7e768234,4.698988050222397e-06,QISKIT_AER_STATEVECTOR,3,0.00048121996223926544,1.0,1.0,2.172217384091364e-16,0.0
q8_m256_j0,8,256,256,256,0,EQ,2661920f2409dd6c8adeb0c44972959f232b6429afa913845d0fd95e7e768234,4.698988050222397e-06,QISKIT_AER_STATEVECTOR,4,0.0003906100755557418,1.0,1.0,2.172217384091364e-16,0.0
q8_m256_j0,8,256,256,256,0,EQ,2661920f2409dd6c8adeb0c44972959f232b6429afa913845d0fd95e7e768234,4.698988050222397e-06,QISKIT_AER_STATEVECTOR,5,0.000394730013795197,1.0,1.0,2.172217384091364e-16,0.0
q8_m256_j0,8,256,256,256,0,EQ,2661920f2409dd6c8adeb0c44972959f232b6429afa913845d0fd95e7e768234,4.698988050222397e-06,QISKIT_AER_STATEVECTOR,6,0.0003881680313497782,1.0,1.0,2.172217384091364e-16,0.0
q8_m256_j0,8,256,256,256,0,EQ,2661920f2409dd6c8adeb0c44972959f232b6429afa913845d0fd95e7e768234,4.698988050222397e-06,QISKIT_AER_STATEVECTOR,7,0.0005191949894651771,1.0,1.0,2.172217384091364e-16,0.0
q8_m256_j0,8,256,256,256,0,EQ,2661920f2409dd6c8adeb0c44972959f232b6429afa913845d0fd95e7e768234,4.698988050222397e-06,QISKIT_AER_STATEVECTOR,8,0.00038935604970902205,1.0,1.0,2.172217384091364e-16,0.0
q8_m256_j0,8,256,256,256,0,EQ,2661920f2409dd6c8adeb0c44972959f232b6429afa913845d0fd95e7e768234,4.698988050222397e-06,QISKIT_AER_STATEVECTOR,9,0.00039627705700695515,1.0,1.0,2.172217384091364e-16,0.0
q10_m1_j25,10,1024,1024,1,25,EQ,91fd9dbe4d5a5fd8a32c47425d44e07358443d88ddc196ecd52b491fd32382b9,5.814945325255394e-06,NUMPY_FLOAT64,0,0.0007900410564616323,0.9994612447444077,1.0000000000000004,0.0,0.0
q10_m1_j25,10,1024,1024,1,25,EQ,91fd9dbe4d5a5fd8a32c47425d44e07358443d88ddc196ecd52b491fd32382b9,5.814945325255394e-06,NUMPY_FLOAT64,1,0.0007807650836184621,0.9994612447444077,1.0000000000000004,0.0,0.0
q10_m1_j25,10,1024,1024,1,25,EQ,91fd9dbe4d5a5fd8a32c47425d44e07358443d88ddc196ecd52b491fd32382b9,5.814945325255394e-06,NUMPY_FLOAT64,2,0.001048011938109994,0.9994612447444077,1.0000000000000004,0.0,0.0
q10_m1_j25,10,1024,1024,1,25,EQ,91fd9dbe4d5a5fd8a32c47425d44e07358443d88ddc196ecd52b491fd32382b9,5.814945325255394e-06,NUMPY_FLOAT64,3,0.0007817639270797372,0.9994612447444077,1.0000000000000004,0.0,0.0
q10_m1_j25,10,1024,1024,1,25,EQ,91fd9dbe4d5a5fd8a32c47425d44e07358443d88ddc196ecd52b491fd32382b9,5.814945325255394e-06,NUMPY_FLOAT64,4,0.0007965209661051631,0.9994612447444077,1.0000000000000004,0.0,0.0
q10_m1_j25,10,1024,1024,1,25,EQ,91fd9dbe4d5a5fd8a32c47425d44e07358443d88ddc196ecd52b491fd32382b9,5.814945325255394e-06,NUMPY_FLOAT64,5,0.000782656017690897,0.9994612447444077,1.0000000000000004,0.0,0.0
q10_m1_j25,10,1024,1024,1,25,EQ,91fd9dbe4d5a5fd8a32c47425d44e07358443d88ddc196ecd52b491fd32382b9,5.814945325255394e-06,NUMPY_FLOAT64,6,0.000780705944634974,0.9994612447444077,1.0000000000000004,0.0,0.0
q10_m1_j25,10,1024,1024,1,25,EQ,91fd9dbe4d5a5fd8a32c47425d44e07358443d88ddc196ecd52b491fd32382b9,5.814945325255394e-06,NUMPY_FLOAT64,7,0.0007838649908080697,0.9994612447444077,1.0000000000000004,0.0,0.0
q10_m1_j25,10,1024,1024,1,25,EQ,91fd9dbe4d5a5fd8a32c47425d44e07358443d88ddc196ecd52b491fd32382b9,5.814945325255394e-06,NUMPY_FLOAT64,8,0.0007802329491823912,0.9994612447444077,1.0000000000000004,0.0,0.0
q10_m1_j25,10,1024,1024,1,25,EQ,91fd9dbe4d5a5fd8a32c47425d44e07358443d88ddc196ecd52b491fd32382b9,5.814945325255394e-06,NUMPY_FLOAT64,9,0.0007963050156831741,0.9994612447444077,1.0000000000000004,0.0,0.0
q10_m1_j25,10,1024,1024,1,25,EQ,91fd9dbe4d5a5fd8a32c47425d44e07358443d88ddc196ecd52b491fd32382b9,5.814945325255394e-06,QISKIT_AER_STATEVECTOR,0,0.020305305952206254,0.999461244744399,0.9999999999999918,4.7884157157569465e-15,8.659739592076221e-15
q10_m1_j25,10,1024,1024,1,25,EQ,91fd9dbe4d5a5fd8a32c47425d44e07358443d88ddc196ecd52b491fd32382b9,5.814945325255394e-06,QISKIT_AER_STATEVECTOR,1,0.02184147702064365,0.999461244744399,0.9999999999999918,4.7884157157569465e-15,8.659739592076221e-15
q10_m1_j25,10,1024,1024,1,25,EQ,91fd9dbe4d5a5fd8a32c47425d44e07358443d88ddc196ecd52b491fd32382b9,5.814945325255394e-06,QISKIT_AER_STATEVECTOR,2,0.03597188007552177,0.999461244744399,0.9999999999999918,4.7884157157569465e-15,8.659739592076221e-15
q10_m1_j25,10,1024,1024,1,25,EQ,91fd9dbe4d5a5fd8a32c47425d44e07358443d88ddc196ecd52b491fd32382b9,5.814945325255394e-06,QISKIT_AER_STATEVECTOR,3,0.03951951896306127,0.999461244744399,0.9999999999999918,4.7884157157569465e-15,8.659739592076221e-15
q10_m1_j25,10,1024,1024,1,25,EQ,91fd9dbe4d5a5fd8a32c47425d44e07358443d88ddc196ecd52b491fd32382b9,5.814945325255394e-06,QISKIT_AER_STATEVECTOR,4,0.03837130090687424,0.999461244744399,0.9999999999999918,4.7884157157569465e-15,8.659739592076221e-15
q10_m1_j25,10,1024,1024,1,25,EQ,91fd9dbe4d5a5fd8a32c47425d44e07358443d88ddc196ecd52b491fd32382b9,5.814945325255394e-06,QISKIT_AER_STATEVECTOR,5,0.036322691943496466,0.999461244744399,0.9999999999999918,4.7884157157569465e-15,8.659739592076221e-15
q10_m1_j25,10,1024,1024,1,25,EQ,91fd9dbe4d5a5fd8a32c47425d44e07358443d88ddc196ecd52b491fd32382b9,5.814945325255394e-06,QISKIT_AER_STATEVECTOR,6,0.02519563992973417,0.999461244744399,0.9999999999999918,4.7884157157569465e-15,8.659739592076221e-15
q10_m1_j25,10,1024,1024,1,25,EQ,91fd9dbe4d5a5fd8a32c47425d44e07358443d88ddc196ecd52b491fd32382b9,5.814945325255394e-06,QISKIT_AER_STATEVECTOR,7,0.03028584597632289,0.999461244744399,0.9999999999999918,4.7884157157569465e-15,8.659739592076221e-15
q10_m1_j25,10,1024,1024,1,25,EQ,91fd9dbe4d5a5fd8a32c47425d44e07358443d88ddc196ecd52b491fd32382b9,5.814945325255394e-06,QISKIT_AER_STATEVECTOR,8,0.0394620270235464,0.999461244744399,0.9999999999999918,4.7884157157569465e-15,8.659739592076221e-15
q10_m1_j25,10,1024,1024,1,25,EQ,91fd9dbe4d5a5fd8a32c47425d44e07358443d88ddc196ecd52b491fd32382b9,5.814945325255394e-06,QISKIT_AER_STATEVECTOR,9,0.03843027795664966,0.999461244744399,0.9999999999999918,4.7884157157569465e-15,8.659739592076221e-15
q10_m4_j12,10,1024,1024,4,12,EQ,4c20682ae214faba016a81eb6afc295199358426f32ac7e6d534b17e9e2c0384,1.0004965588450432e-05,NUMPY_FLOAT64,0,0.0007199400570243597,0.9999470421032738,0.9999999999999994,0.0,0.0
q10_m4_j12,10,1024,1024,4,12,EQ,4c20682ae214faba016a81eb6afc295199358426f32ac7e6d534b17e9e2c0384,1.0004965588450432e-05,NUMPY_FLOAT64,1,0.0007243970176205039,0.9999470421032738,0.9999999999999994,0.0,0.0
q10_m4_j12,10,1024,1024,4,12,EQ,4c20682ae214faba016a81eb6afc295199358426f32ac7e6d534b17e9e2c0384,1.0004965588450432e-05,NUMPY_FLOAT64,2,0.0007525850087404251,0.9999470421032738,0.9999999999999994,0.0,0.0
q10_m4_j12,10,1024,1024,4,12,EQ,4c20682ae214faba016a81eb6afc295199358426f32ac7e6d534b17e9e2c0384,1.0004965588450432e-05,NUMPY_FLOAT64,3,0.0007354780100286007,0.9999470421032738,0.9999999999999994,0.0,0.0
q10_m4_j12,10,1024,1024,4,12,EQ,4c20682ae214faba016a81eb6afc295199358426f32ac7e6d534b17e9e2c0384,1.0004965588450432e-05,NUMPY_FLOAT64,4,0.0007337960414588451,0.9999470421032738,0.9999999999999994,0.0,0.0
q10_m4_j12,10,1024,1024,4,12,EQ,4c20682ae214faba016a81eb6afc295199358426f32ac7e6d534b17e9e2c0384,1.0004965588450432e-05,NUMPY_FLOAT64,5,0.0007339529693126678,0.9999470421032738,0.9999999999999994,0.0,0.0
q10_m4_j12,10,1024,1024,4,12,EQ,4c20682ae214faba016a81eb6afc295199358426f32ac7e6d534b17e9e2c0384,1.0004965588450432e-05,NUMPY_FLOAT64,6,0.0007502369116991758,0.9999470421032738,0.9999999999999994,0.0,0.0
q10_m4_j12,10,1024,1024,4,12,EQ,4c20682ae214faba016a81eb6afc295199358426f32ac7e6d534b17e9e2c0384,1.0004965588450432e-05,NUMPY_FLOAT64,7,0.0007454169681295753,0.9999470421032738,0.9999999999999994,0.0,0.0
q10_m4_j12,10,1024,1024,4,12,EQ,4c20682ae214faba016a81eb6afc295199358426f32ac7e6d534b17e9e2c0384,1.0004965588450432e-05,NUMPY_FLOAT64,8,0.0007338259601965547,0.9999470421032738,0.9999999999999994,0.0,0.0
q10_m4_j12,10,1024,1024,4,12,EQ,4c20682ae214faba016a81eb6afc295199358426f32ac7e6d534b17e9e2c0384,1.0004965588450432e-05,NUMPY_FLOAT64,9,0.0007494889432564378,0.9999470421032738,0.9999999999999994,0.0,0.0
q10_m4_j12,10,1024,1024,4,12,EQ,4c20682ae214faba016a81eb6afc295199358426f32ac7e6d534b17e9e2c0384,1.0004965588450432e-05,QISKIT_AER_STATEVECTOR,0,0.009892507921904325,0.9999470421032698,0.9999999999999954,2.4943629140774083e-15,3.9968028886505635e-15
q10_m4_j12,10,1024,1024,4,12,EQ,4c20682ae214faba016a81eb6afc295199358426f32ac7e6d534b17e9e2c0384,1.0004965588450432e-05,QISKIT_AER_STATEVECTOR,1,0.010479005984961987,0.9999470421032698,0.9999999999999954,2.4943629140774083e-15,3.9968028886505635e-15
q10_m4_j12,10,1024,1024,4,12,EQ,4c20682ae214faba016a81eb6afc295199358426f32ac7e6d534b17e9e2c0384,1.0004965588450432e-05,QISKIT_AER_STATEVECTOR,2,0.010617164080031216,0.9999470421032698,0.9999999999999954,2.4943629140774083e-15,3.9968028886505635e-15
q10_m4_j12,10,1024,1024,4,12,EQ,4c20682ae214faba016a81eb6afc295199358426f32ac7e6d534b17e9e2c0384,1.0004965588450432e-05,QISKIT_AER_STATEVECTOR,3,0.01360775507055223,0.9999470421032698,0.9999999999999954,2.4943629140774083e-15,3.9968028886505635e-15
q10_m4_j12,10,1024,1024,4,12,EQ,4c20682ae214faba016a81eb6afc295199358426f32ac7e6d534b17e9e2c0384,1.0004965588450432e-05,QISKIT_AER_STATEVECTOR,4,0.011163953109644353,0.9999470421032698,0.9999999999999954,2.4943629140774083e-15,3.9968028886505635e-15
q10_m4_j12,10,1024,1024,4,12,EQ,4c20682ae214faba016a81eb6afc295199358426f32ac7e6d534b17e9e2c0384,1.0004965588450432e-05,QISKIT_AER_STATEVECTOR,5,0.015340324956923723,0.9999470421032698,0.9999999999999954,2.4943629140774083e-15,3.9968028886505635e-15
q10_m4_j12,10,1024,1024,4,12,EQ,4c20682ae214faba016a81eb6afc295199358426f32ac7e6d534b17e9e2c0384,1.0004965588450432e-05,QISKIT_AER_STATEVECTOR,6,0.018029994913376868,0.9999470421032698,0.9999999999999954,2.4943629140774083e-15,3.9968028886505635e-15
q10_m4_j12,10,1024,1024,4,12,EQ,4c20682ae214faba016a81eb6afc295199358426f32ac7e6d534b17e9e2c0384,1.0004965588450432e-05,QISKIT_AER_STATEVECTOR,7,0.013218046049587429,0.9999470421032698,0.9999999999999954,2.4943629140774083e-15,3.9968028886505635e-15
q10_m4_j12,10,1024,1024,4,12,EQ,4c20682ae214faba016a81eb6afc295199358426f32ac7e6d534b17e9e2c0384,1.0004965588450432e-05,QISKIT_AER_STATEVECTOR,8,0.015305954962968826,0.9999470421032698,0.9999999999999954,2.4943629140774083e-15,3.9968028886505635e-15
q10_m4_j12,10,1024,1024,4,12,EQ,4c20682ae214faba016a81eb6afc295199358426f32ac7e6d534b17e9e2c0384,1.0004965588450432e-05,QISKIT_AER_STATEVECTOR,9,0.014730773982591927,0.9999470421032698,0.9999999999999954,2.4943629140774083e-15,3.9968028886505635e-15
q10_m16_j6,10,1024,1024,16,6,EQ,7751ebb6459f30381c538982485f2bb82559c28fac40db963ac55efeaa4e0a42,9.36200376600027e-06,NUMPY_FLOAT64,0,0.00041566998697817326,0.996585680786799,0.9999999999999996,0.0,0.0
q10_m16_j6,10,1024,1024,16,6,EQ,7751ebb6459f30381c538982485f2bb82559c28fac40db963ac55efeaa4e0a42,9.36200376600027e-06,NUMPY_FLOAT64,1,0.0004075519973412156,0.996585680786799,0.9999999999999996,0.0,0.0
q10_m16_j6,10,1024,1024,16,6,EQ,7751ebb6459f30381c538982485f2bb82559c28fac40db963ac55efeaa4e0a42,9.36200376600027e-06,NUMPY_FLOAT64,2,0.00040109409019351006,0.996585680786799,0.9999999999999996,0.0,0.0
q10_m16_j6,10,1024,1024,16,6,EQ,7751ebb6459f30381c538982485f2bb82559c28fac40db963ac55efeaa4e0a42,9.36200376600027e-06,NUMPY_FLOAT64,3,0.000408182037062943,0.996585680786799,0.9999999999999996,0.0,0.0
q10_m16_j6,10,1024,1024,16,6,EQ,7751ebb6459f30381c538982485f2bb82559c28fac40db963ac55efeaa4e0a42,9.36200376600027e-06,NUMPY_FLOAT64,4,0.00039854191709309816,0.996585680786799,0.9999999999999996,0.0,0.0
q10_m16_j6,10,1024,1024,16,6,EQ,7751ebb6459f30381c538982485f2bb82559c28fac40db963ac55efeaa4e0a42,9.36200376600027e-06,NUMPY_FLOAT64,5,0.00037013005930930376,0.996585680786799,0.9999999999999996,0.0,0.0
q10_m16_j6,10,1024,1024,16,6,EQ,7751ebb6459f30381c538982485f2bb82559c28fac40db963ac55efeaa4e0a42,9.36200376600027e-06,NUMPY_FLOAT64,6,0.0003362019779160619,0.996585680786799,0.9999999999999996,0.0,0.0
q10_m16_j6,10,1024,1024,16,6,EQ,7751ebb6459f30381c538982485f2bb82559c28fac40db963ac55efeaa4e0a42,9.36200376600027e-06,NUMPY_FLOAT64,7,0.0003570389235392213,0.996585680786799,0.9999999999999996,0.0,0.0
q10_m16_j6,10,1024,1024,16,6,EQ,7751ebb6459f30381c538982485f2bb82559c28fac40db963ac55efeaa4e0a42,9.36200376600027e-06,NUMPY_FLOAT64,8,0.00039608206134289503,0.996585680786799,0.9999999999999996,0.0,0.0
q10_m16_j6,10,1024,1024,16,6,EQ,7751ebb6459f30381c538982485f2bb82559c28fac40db963ac55efeaa4e0a42,9.36200376600027e-06,NUMPY_FLOAT64,9,0.00040023704059422016,0.996585680786799,0.9999999999999996,0.0,0.0
q10_m16_j6,10,1024,1024,16,6,EQ,7751ebb6459f30381c538982485f2bb82559c28fac40db963ac55efeaa4e0a42,9.36200376600027e-06,QISKIT_AER_STATEVECTOR,0,0.008192443987354636,0.9965856807867968,0.9999999999999973,1.5645407992364067e-15,2.220446049250313e-15
q10_m16_j6,10,1024,1024,16,6,EQ,7751ebb6459f30381c538982485f2bb82559c28fac40db963ac55efeaa4e0a42,9.36200376600027e-06,QISKIT_AER_STATEVECTOR,1,0.006045060930773616,0.9965856807867968,0.9999999999999973,1.5645407992364067e-15,2.220446049250313e-15
q10_m16_j6,10,1024,1024,16,6,EQ,7751ebb6459f30381c538982485f2bb82559c28fac40db963ac55efeaa4e0a42,9.36200376600027e-06,QISKIT_AER_STATEVECTOR,2,0.005252360017038882,0.9965856807867968,0.9999999999999973,1.5645407992364067e-15,2.220446049250313e-15
q10_m16_j6,10,1024,1024,16,6,EQ,7751ebb6459f30381c538982485f2bb82559c28fac40db963ac55efeaa4e0a42,9.36200376600027e-06,QISKIT_AER_STATEVECTOR,3,0.005705980001948774,0.9965856807867968,0.9999999999999973,1.5645407992364067e-15,2.220446049250313e-15
q10_m16_j6,10,1024,1024,16,6,EQ,7751ebb6459f30381c538982485f2bb82559c28fac40db963ac55efeaa4e0a42,9.36200376600027e-06,QISKIT_AER_STATEVECTOR,4,0.010013589984737337,0.9965856807867968,0.9999999999999973,1.5645407992364067e-15,2.220446049250313e-15
q10_m16_j6,10,1024,1024,16,6,EQ,7751ebb6459f30381c538982485f2bb82559c28fac40db963ac55efeaa4e0a42,9.36200376600027e-06,QISKIT_AER_STATEVECTOR,5,0.010069989948533475,0.9965856807867968,0.9999999999999973,1.5645407992364067e-15,2.220446049250313e-15
q10_m16_j6,10,1024,1024,16,6,EQ,7751ebb6459f30381c538982485f2bb82559c28fac40db963ac55efeaa4e0a42,9.36200376600027e-06,QISKIT_AER_STATEVECTOR,6,0.008664779947139323,0.9965856807867968,0.9999999999999973,1.5645407992364067e-15,2.220446049250313e-15
q10_m16_j6,10,1024,1024,16,6,EQ,7751ebb6459f30381c538982485f2bb82559c28fac40db963ac55efeaa4e0a42,9.36200376600027e-06,QISKIT_AER_STATEVECTOR,7,0.006220445968210697,0.9965856807867968,0.9999999999999973,1.5645407992364067e-15,2.220446049250313e-15
q10_m16_j6,10,1024,1024,16,6,EQ,7751ebb6459f30381c538982485f2bb82559c28fac40db963ac55efeaa4e0a42,9.36200376600027e-06,QISKIT_AER_STATEVECTOR,8,0.006985282991081476,0.9965856807867968,0.9999999999999973,1.5645407992364067e-15,2.220446049250313e-15
q10_m16_j6,10,1024,1024,16,6,EQ,7751ebb6459f30381c538982485f2bb82559c28fac40db963ac55efeaa4e0a42,9.36200376600027e-06,QISKIT_AER_STATEVECTOR,9,0.006579303997568786,0.9965856807867968,0.9999999999999973,1.5645407992364067e-15,2.220446049250313e-15
q10_m64_j3,10,1024,1024,64,3,EQ,38e97df0f61a94a065658d880453275de895d6dd67d63dd5088a2b5482f07998,9.796000085771084e-06,NUMPY_FLOAT64,0,0.00022791605442762375,0.9613189697265625,1.0,0.0,0.0
q10_m64_j3,10,1024,1024,64,3,EQ,38e97df0f61a94a065658d880453275de895d6dd67d63dd5088a2b5482f07998,9.796000085771084e-06,NUMPY_FLOAT64,1,0.0001900489442050457,0.9613189697265625,1.0,0.0,0.0
q10_m64_j3,10,1024,1024,64,3,EQ,38e97df0f61a94a065658d880453275de895d6dd67d63dd5088a2b5482f07998,9.796000085771084e-06,NUMPY_FLOAT64,2,0.00014401297084987164,0.9613189697265625,1.0,0.0,0.0
q10_m64_j3,10,1024,1024,64,3,EQ,38e97df0f61a94a065658d880453275de895d6dd67d63dd5088a2b5482f07998,9.796000085771084e-06,NUMPY_FLOAT64,3,0.00016300904098898172,0.9613189697265625,1.0,0.0,0.0
q10_m64_j3,10,1024,1024,64,3,EQ,38e97df0f61a94a065658d880453275de895d6dd67d63dd5088a2b5482f07998,9.796000085771084e-06,NUMPY_FLOAT64,4,0.0001719989813864231,0.9613189697265625,1.0,0.0,0.0
q10_m64_j3,10,1024,1024,64,3,EQ,38e97df0f61a94a065658d880453275de895d6dd67d63dd5088a2b5482f07998,9.796000085771084e-06,NUMPY_FLOAT64,5,0.0001648480538278818,0.9613189697265625,1.0,0.0,0.0
q10_m64_j3,10,1024,1024,64,3,EQ,38e97df0f61a94a065658d880453275de895d6dd67d63dd5088a2b5482f07998,9.796000085771084e-06,NUMPY_FLOAT64,6,0.0001598650123924017,0.9613189697265625,1.0,0.0,0.0
q10_m64_j3,10,1024,1024,64,3,EQ,38e97df0f61a94a065658d880453275de895d6dd67d63dd5088a2b5482f07998,9.796000085771084e-06,NUMPY_FLOAT64,7,0.0001863189972937107,0.9613189697265625,1.0,0.0,0.0
q10_m64_j3,10,1024,1024,64,3,EQ,38e97df0f61a94a065658d880453275de895d6dd67d63dd5088a2b5482f07998,9.796000085771084e-06,NUMPY_FLOAT64,8,0.0001600509276613593,0.9613189697265625,1.0,0.0,0.0
q10_m64_j3,10,1024,1024,64,3,EQ,38e97df0f61a94a065658d880453275de895d6dd67d63dd5088a2b5482f07998,9.796000085771084e-06,NUMPY_FLOAT64,9,0.00017863709945231676,0.9613189697265625,1.0,0.0,0.0
q10_m64_j3,10,1024,1024,64,3,EQ,38e97df0f61a94a065658d880453275de895d6dd67d63dd5088a2b5482f07998,9.796000085771084e-06,QISKIT_AER_STATEVECTOR,0,0.002784605952911079,0.9613189697265612,0.9999999999999988,8.864361444667482e-16,1.3322676295501878e-15
q10_m64_j3,10,1024,1024,64,3,EQ,38e97df0f61a94a065658d880453275de895d6dd67d63dd5088a2b5482f07998,9.796000085771084e-06,QISKIT_AER_STATEVECTOR,1,0.0030520319705829024,0.9613189697265612,0.9999999999999988,8.864361444667482e-16,1.3322676295501878e-15
q10_m64_j3,10,1024,1024,64,3,EQ,38e97df0f61a94a065658d880453275de895d6dd67d63dd5088a2b5482f07998,9.796000085771084e-06,QISKIT_AER_STATEVECTOR,2,0.004437212948687375,0.9613189697265612,0.9999999999999988,8.864361444667482e-16,1.3322676295501878e-15
q10_m64_j3,10,1024,1024,64,3,EQ,38e97df0f61a94a065658d880453275de895d6dd67d63dd5088a2b5482f07998,9.796000085771084e-06,QISKIT_AER_STATEVECTOR,3,0.004901205073110759,0.9613189697265612,0.9999999999999988,8.864361444667482e-16,1.3322676295501878e-15
q10_m64_j3,10,1024,1024,64,3,EQ,38e97df0f61a94a065658d880453275de895d6dd67d63dd5088a2b5482f07998,9.796000085771084e-06,QISKIT_AER_STATEVECTOR,4,0.004725842038169503,0.9613189697265612,0.9999999999999988,8.864361444667482e-16,1.3322676295501878e-15
q10_m64_j3,10,1024,1024,64,3,EQ,38e97df0f61a94a065658d880453275de895d6dd67d63dd5088a2b5482f07998,9.796000085771084e-06,QISKIT_AER_STATEVECTOR,5,0.004814794985577464,0.9613189697265612,0.9999999999999988,8.864361444667482e-16,1.3322676295501878e-15
q10_m64_j3,10,1024,1024,64,3,EQ,38e97df0f61a94a065658d880453275de895d6dd67d63dd5088a2b5482f07998,9.796000085771084e-06,QISKIT_AER_STATEVECTOR,6,0.005151698016561568,0.9613189697265612,0.9999999999999988,8.864361444667482e-16,1.3322676295501878e-15
q10_m64_j3,10,1024,1024,64,3,EQ,38e97df0f61a94a065658d880453275de895d6dd67d63dd5088a2b5482f07998,9.796000085771084e-06,QISKIT_AER_STATEVECTOR,7,0.005174226011149585,0.9613189697265612,0.9999999999999988,8.864361444667482e-16,1.3322676295501878e-15
q10_m64_j3,10,1024,1024,64,3,EQ,38e97df0f61a94a065658d880453275de895d6dd67d63dd5088a2b5482f07998,9.796000085771084e-06,QISKIT_AER_STATEVECTOR,8,0.00494191306643188,0.9613189697265612,0.9999999999999988,8.864361444667482e-16,1.3322676295501878e-15
q10_m64_j3,10,1024,1024,64,3,EQ,38e97df0f61a94a065658d880453275de895d6dd67d63dd5088a2b5482f07998,9.796000085771084e-06,QISKIT_AER_STATEVECTOR,9,0.005036643007770181,0.9613189697265612,0.9999999999999988,8.864361444667482e-16,1.3322676295501878e-15
q10_m256_j1,10,1024,1024,256,1,EQ,707c273223d3cd54d5745f1645be1cb857dfa801a853fbebd84069e057fc5bcf,9.214971214532852e-06,NUMPY_FLOAT64,0,0.00012316694483160973,1.0,1.0,0.0,0.0
q10_m256_j1,10,1024,1024,256,1,EQ,707c273223d3cd54d5745f1645be1cb857dfa801a853fbebd84069e057fc5bcf,9.214971214532852e-06,NUMPY_FLOAT64,1,8.670496754348278e-05,1.0,1.0,0.0,0.0
q10_m256_j1,10,1024,1024,256,1,EQ,707c273223d3cd54d5745f1645be1cb857dfa801a853fbebd84069e057fc5bcf,9.214971214532852e-06,NUMPY_FLOAT64,2,9.01069724932313e-05,1.0,1.0,0.0,0.0
q10_m256_j1,10,1024,1024,256,1,EQ,707c273223d3cd54d5745f1645be1cb857dfa801a853fbebd84069e057fc5bcf,9.214971214532852e-06,NUMPY_FLOAT64,3,8.748401887714863e-05,1.0,1.0,0.0,0.0
q10_m256_j1,10,1024,1024,256,1,EQ,707c273223d3cd54d5745f1645be1cb857dfa801a853fbebd84069e057fc5bcf,9.214971214532852e-06,NUMPY_FLOAT64,4,8.345895912498236e-05,1.0,1.0,0.0,0.0
q10_m256_j1,10,1024,1024,256,1,EQ,707c273223d3cd54d5745f1645be1cb857dfa801a853fbebd84069e057fc5bcf,9.214971214532852e-06,NUMPY_FLOAT64,5,7.03639816492796e-05,1.0,1.0,0.0,0.0
q10_m256_j1,10,1024,1024,256,1,EQ,707c273223d3cd54d5745f1645be1cb857dfa801a853fbebd84069e057fc5bcf,9.214971214532852e-06,NUMPY_FLOAT64,6,5.393405444920063e-05,1.0,1.0,0.0,0.0
q10_m256_j1,10,1024,1024,256,1,EQ,707c273223d3cd54d5745f1645be1cb857dfa801a853fbebd84069e057fc5bcf,9.214971214532852e-06,NUMPY_FLOAT64,7,7.743295282125473e-05,1.0,1.0,0.0,0.0
q10_m256_j1,10,1024,1024,256,1,EQ,707c273223d3cd54d5745f1645be1cb857dfa801a853fbebd84069e057fc5bcf,9.214971214532852e-06,NUMPY_FLOAT64,8,8.339900523424149e-05,1.0,1.0,0.0,0.0
q10_m256_j1,10,1024,1024,256,1,EQ,707c273223d3cd54d5745f1645be1cb857dfa801a853fbebd84069e057fc5bcf,9.214971214532852e-06,NUMPY_FLOAT64,9,8.880707900971174e-05,1.0,1.0,0.0,0.0
q10_m256_j1,10,1024,1024,256,1,EQ,707c273223d3cd54d5745f1645be1cb857dfa801a853fbebd84069e057fc5bcf,9.214971214532852e-06,QISKIT_AER_STATEVECTOR,0,0.002140728058293462,0.9999999999999998,0.9999999999999998,4.27839269961583e-16,2.220446049250313e-16
q10_m256_j1,10,1024,1024,256,1,EQ,707c273223d3cd54d5745f1645be1cb857dfa801a853fbebd84069e057fc5bcf,9.214971214532852e-06,QISKIT_AER_STATEVECTOR,1,0.0024814619682729244,0.9999999999999998,0.9999999999999998,4.27839269961583e-16,2.220446049250313e-16
q10_m256_j1,10,1024,1024,256,1,EQ,707c273223d3cd54d5745f1645be1cb857dfa801a853fbebd84069e057fc5bcf,9.214971214532852e-06,QISKIT_AER_STATEVECTOR,2,0.0024992399848997593,0.9999999999999998,0.9999999999999998,4.27839269961583e-16,2.220446049250313e-16
q10_m256_j1,10,1024,1024,256,1,EQ,707c273223d3cd54d5745f1645be1cb857dfa801a853fbebd84069e057fc5bcf,9.214971214532852e-06,QISKIT_AER_STATEVECTOR,3,0.002506418968550861,0.9999999999999998,0.9999999999999998,4.27839269961583e-16,2.220446049250313e-16
q10_m256_j1,10,1024,1024,256,1,EQ,707c273223d3cd54d5745f1645be1cb857dfa801a853fbebd84069e057fc5bcf,9.214971214532852e-06,QISKIT_AER_STATEVECTOR,4,0.00256788800470531,0.9999999999999998,0.9999999999999998,4.27839269961583e-16,2.220446049250313e-16
q10_m256_j1,10,1024,1024,256,1,EQ,707c273223d3cd54d5745f1645be1cb857dfa801a853fbebd84069e057fc5bcf,9.214971214532852e-06,QISKIT_AER_STATEVECTOR,5,0.002525020041503012,0.9999999999999998,0.9999999999999998,4.27839269961583e-16,2.220446049250313e-16
q10_m256_j1,10,1024,1024,256,1,EQ,707c273223d3cd54d5745f1645be1cb857dfa801a853fbebd84069e057fc5bcf,9.214971214532852e-06,QISKIT_AER_STATEVECTOR,6,0.0025375779950991273,0.9999999999999998,0.9999999999999998,4.27839269961583e-16,2.220446049250313e-16
q10_m256_j1,10,1024,1024,256,1,EQ,707c273223d3cd54d5745f1645be1cb857dfa801a853fbebd84069e057fc5bcf,9.214971214532852e-06,QISKIT_AER_STATEVECTOR,7,0.0025377869606018066,0.9999999999999998,0.9999999999999998,4.27839269961583e-16,2.220446049250313e-16
q10_m256_j1,10,1024,1024,256,1,EQ,707c273223d3cd54d5745f1645be1cb857dfa801a853fbebd84069e057fc5bcf,9.214971214532852e-06,QISKIT_AER_STATEVECTOR,8,0.002508551930077374,0.9999999999999998,0.9999999999999998,4.27839269961583e-16,2.220446049250313e-16
q10_m256_j1,10,1024,1024,256,1,EQ,707c273223d3cd54d5745f1645be1cb857dfa801a853fbebd84069e057fc5bcf,9.214971214532852e-06,QISKIT_AER_STATEVECTOR,9,0.0016603670082986355,0.9999999999999998,0.9999999999999998,4.27839269961583e-16,2.220446049250313e-16
q12_m1_j50,12,4096,4096,1,50,EQ,f0c500e2401e1aee33d11ae25ae14e574820fbdb1731670af1888f88f3c17794,5.2209943532943726e-06,NUMPY_FLOAT64,0,0.0023582469439134,0.9999453461091224,1.0000000000000073,0.0,0.0
q12_m1_j50,12,4096,4096,1,50,EQ,f0c500e2401e1aee33d11ae25ae14e574820fbdb1731670af1888f88f3c17794,5.2209943532943726e-06,NUMPY_FLOAT64,1,0.0018514209659770131,0.9999453461091224,1.0000000000000073,0.0,0.0
q12_m1_j50,12,4096,4096,1,50,EQ,f0c500e2401e1aee33d11ae25ae14e574820fbdb1731670af1888f88f3c17794,5.2209943532943726e-06,NUMPY_FLOAT64,2,0.0018160290783271194,0.9999453461091224,1.0000000000000073,0.0,0.0
q12_m1_j50,12,4096,4096,1,50,EQ,f0c500e2401e1aee33d11ae25ae14e574820fbdb1731670af1888f88f3c17794,5.2209943532943726e-06,NUMPY_FLOAT64,3,0.0018606759840622544,0.9999453461091224,1.0000000000000073,0.0,0.0
q12_m1_j50,12,4096,4096,1,50,EQ,f0c500e2401e1aee33d11ae25ae14e574820fbdb1731670af1888f88f3c17794,5.2209943532943726e-06,NUMPY_FLOAT64,4,0.0017814100719988346,0.9999453461091224,1.0000000000000073,0.0,0.0
q12_m1_j50,12,4096,4096,1,50,EQ,f0c500e2401e1aee33d11ae25ae14e574820fbdb1731670af1888f88f3c17794,5.2209943532943726e-06,NUMPY_FLOAT64,5,0.0017950430046766996,0.9999453461091224,1.0000000000000073,0.0,0.0
q12_m1_j50,12,4096,4096,1,50,EQ,f0c500e2401e1aee33d11ae25ae14e574820fbdb1731670af1888f88f3c17794,5.2209943532943726e-06,NUMPY_FLOAT64,6,0.001777424942702055,0.9999453461091224,1.0000000000000073,0.0,0.0
q12_m1_j50,12,4096,4096,1,50,EQ,f0c500e2401e1aee33d11ae25ae14e574820fbdb1731670af1888f88f3c17794,5.2209943532943726e-06,NUMPY_FLOAT64,7,0.0017834489699453115,0.9999453461091224,1.0000000000000073,0.0,0.0
q12_m1_j50,12,4096,4096,1,50,EQ,f0c500e2401e1aee33d11ae25ae14e574820fbdb1731670af1888f88f3c17794,5.2209943532943726e-06,NUMPY_FLOAT64,8,0.0018662899965420365,0.9999453461091224,1.0000000000000073,0.0,0.0
q12_m1_j50,12,4096,4096,1,50,EQ,f0c500e2401e1aee33d11ae25ae14e574820fbdb1731670af1888f88f3c17794,5.2209943532943726e-06,NUMPY_FLOAT64,9,0.0020908070728182793,0.9999453461091224,1.0000000000000073,0.0,0.0
q12_m1_j50,12,4096,4096,1,50,EQ,f0c500e2401e1aee33d11ae25ae14e574820fbdb1731670af1888f88f3c17794,5.2209943532943726e-06,QISKIT_AER_STATEVECTOR,0,0.19036341190803796,0.9999453461090889,0.999999999999974,1.700428371832388e-14,3.352873534367973e-14
q12_m1_j50,12,4096,4096,1,50,EQ,f0c500e2401e1aee33d11ae25ae14e574820fbdb1731670af1888f88f3c17794,5.2209943532943726e-06,QISKIT_AER_STATEVECTOR,1,0.21342528297100216,0.9999453461090889,0.999999999999974,1.700428371832388e-14,3.352873534367973e-14
q12_m1_j50,12,4096,4096,1,50,EQ,f0c500e2401e1aee33d11ae25ae14e574820fbdb1731670af1888f88f3c17794,5.2209943532943726e-06,QISKIT_AER_STATEVECTOR,2,0.13279019901528955,0.9999453461090889,0.999999999999974,1.700428371832388e-14,3.352873534367973e-14
q12_m1_j50,12,4096,4096,1,50,EQ,f0c500e2401e1aee33d11ae25ae14e574820fbdb1731670af1888f88f3c17794,5.2209943532943726e-06,QISKIT_AER_STATEVECTOR,3,0.16653988498728722,0.9999453461090889,0.999999999999974,1.700428371832388e-14,3.352873534367973e-14
q12_m1_j50,12,4096,4096,1,50,EQ,f0c500e2401e1aee33d11ae25ae14e574820fbdb1731670af1888f88f3c17794,5.2209943532943726e-06,QISKIT_AER_STATEVECTOR,4,0.1898760370677337,0.9999453461090889,0.999999999999974,1.700428371832388e-14,3.352873534367973e-14
q12_m1_j50,12,4096,4096,1,50,EQ,f0c500e2401e1aee33d11ae25ae14e574820fbdb1731670af1888f88f3c17794,5.2209943532943726e-06,QISKIT_AER_STATEVECTOR,5,0.22565163997933269,0.9999453461090889,0.999999999999974,1.700428371832388e-14,3.352873534367973e-14
q12_m1_j50,12,4096,4096,1,50,EQ,f0c500e2401e1aee33d11ae25ae14e574820fbdb1731670af1888f88f3c17794,5.2209943532943726e-06,QISKIT_AER_STATEVECTOR,6,0.2296795699512586,0.9999453461090889,0.999999999999974,1.700428371832388e-14,3.352873534367973e-14
q12_m1_j50,12,4096,4096,1,50,EQ,f0c500e2401e1aee33d11ae25ae14e574820fbdb1731670af1888f88f3c17794,5.2209943532943726e-06,QISKIT_AER_STATEVECTOR,7,0.18724552995990962,0.9999453461090889,0.999999999999974,1.700428371832388e-14,3.352873534367973e-14
q12_m1_j50,12,4096,4096,1,50,EQ,f0c500e2401e1aee33d11ae25ae14e574820fbdb1731670af1888f88f3c17794,5.2209943532943726e-06,QISKIT_AER_STATEVECTOR,8,0.2074777139350772,0.9999453461090889,0.999999999999974,1.700428371832388e-14,3.352873534367973e-14
q12_m1_j50,12,4096,4096,1,50,EQ,f0c500e2401e1aee33d11ae25ae14e574820fbdb1731670af1888f88f3c17794,5.2209943532943726e-06,QISKIT_AER_STATEVECTOR,9,0.1310603650053963,0.9999453461090889,0.999999999999974,1.700428371832388e-14,3.352873534367973e-14
q12_m4_j25,12,4096,4096,4,25,EQ,4c761b8e6b14848b7d3bd50829f49b544b7d62932fdc00f8b8895146a81d86a4,6.393063813447952e-06,NUMPY_FLOAT64,0,0.0008803240489214659,0.9994612447444077,1.0000000000000004,0.0,0.0
q12_m4_j25,12,4096,4096,4,25,EQ,4c761b8e6b14848b7d3bd50829f49b544b7d62932fdc00f8b8895146a81d86a4,6.393063813447952e-06,NUMPY_FLOAT64,1,0.0008813890162855387,0.9994612447444077,1.0000000000000004,0.0,0.0
q12_m4_j25,12,4096,4096,4,25,EQ,4c761b8e6b14848b7d3bd50829f49b544b7d62932fdc00f8b8895146a81d86a4,6.393063813447952e-06,NUMPY_FLOAT64,2,0.0009162629721686244,0.9994612447444077,1.0000000000000004,0.0,0.0
q12_m4_j25,12,4096,4096,4,25,EQ,4c761b8e6b14848b7d3bd50829f49b544b7d62932fdc00f8b8895146a81d86a4,6.393063813447952e-06,NUMPY_FLOAT64,3,0.0009270339505746961,0.9994612447444077,1.0000000000000004,0.0,0.0
q12_m4_j25,12,4096,4096,4,25,EQ,4c761b8e6b14848b7d3bd50829f49b544b7d62932fdc00f8b8895146a81d86a4,6.393063813447952e-06,NUMPY_FLOAT64,4,0.0011066739680245519,0.9994612447444077,1.0000000000000004,0.0,0.0
q12_m4_j25,12,4096,4096,4,25,EQ,4c761b8e6b14848b7d3bd50829f49b544b7d62932fdc00f8b8895146a81d86a4,6.393063813447952e-06,NUMPY_FLOAT64,5,0.0012394989607855678,0.9994612447444077,1.0000000000000004,0.0,0.0
q12_m4_j25,12,4096,4096,4,25,EQ,4c761b8e6b14848b7d3bd50829f49b544b7d62932fdc00f8b8895146a81d86a4,6.393063813447952e-06,NUMPY_FLOAT64,6,0.0012138730380684137,0.9994612447444077,1.0000000000000004,0.0,0.0
q12_m4_j25,12,4096,4096,4,25,EQ,4c761b8e6b14848b7d3bd50829f49b544b7d62932fdc00f8b8895146a81d86a4,6.393063813447952e-06,NUMPY_FLOAT64,7,0.000907425070181489,0.9994612447444077,1.0000000000000004,0.0,0.0
q12_m4_j25,12,4096,4096,4,25,EQ,4c761b8e6b14848b7d3bd50829f49b544b7d62932fdc00f8b8895146a81d86a4,6.393063813447952e-06,NUMPY_FLOAT64,8,0.0009358309907838702,0.9994612447444077,1.0000000000000004,0.0,0.0
q12_m4_j25,12,4096,4096,4,25,EQ,4c761b8e6b14848b7d3bd50829f49b544b7d62932fdc00f8b8895146a81d86a4,6.393063813447952e-06,NUMPY_FLOAT64,9,0.000896778074093163,0.9994612447444077,1.0000000000000004,0.0,0.0
q12_m4_j25,12,4096,4096,4,25,EQ,4c761b8e6b14848b7d3bd50829f49b544b7d62932fdc00f8b8895146a81d86a4,6.393063813447952e-06,QISKIT_AER_STATEVECTOR,0,0.08903883199673146,0.9994612447443953,0.9999999999999881,6.612701689118223e-15,1.2323475573339238e-14
q12_m4_j25,12,4096,4096,4,25,EQ,4c761b8e6b14848b7d3bd50829f49b544b7d62932fdc00f8b8895146a81d86a4,6.393063813447952e-06,QISKIT_AER_STATEVECTOR,1,0.07434207294136286,0.9994612447443953,0.9999999999999881,6.612701689118223e-15,1.2323475573339238e-14
q12_m4_j25,12,4096,4096,4,25,EQ,4c761b8e6b14848b7d3bd50829f49b544b7d62932fdc00f8b8895146a81d86a4,6.393063813447952e-06,QISKIT_AER_STATEVECTOR,2,0.06444056099280715,0.9994612447443953,0.9999999999999881,6.612701689118223e-15,1.2323475573339238e-14
q12_m4_j25,12,4096,4096,4,25,EQ,4c761b8e6b14848b7d3bd50829f49b544b7d62932fdc00f8b8895146a81d86a4,6.393063813447952e-06,QISKIT_AER_STATEVECTOR,3,0.07723190495744348,0.9994612447443953,0.9999999999999881,6.612701689118223e-15,1.2323475573339238e-14
q12_m4_j25,12,4096,4096,4,25,EQ,4c761b8e6b14848b7d3bd50829f49b544b7d62932fdc00f8b8895146a81d86a4,6.393063813447952e-06,QISKIT_AER_STATEVECTOR,4,0.071238455013372,0.9994612447443953,0.9999999999999881,6.612701689118223e-15,1.2323475573339238e-14
q12_m4_j25,12,4096,4096,4,25,EQ,4c761b8e6b14848b7d3bd50829f49b544b7d62932fdc00f8b8895146a81d86a4,6.393063813447952e-06,QISKIT_AER_STATEVECTOR,5,0.07356253801845014,0.9994612447443953,0.9999999999999881,6.612701689118223e-15,1.2323475573339238e-14
q12_m4_j25,12,4096,4096,4,25,EQ,4c761b8e6b14848b7d3bd50829f49b544b7d62932fdc00f8b8895146a81d86a4,6.393063813447952e-06,QISKIT_AER_STATEVECTOR,6,0.08456166100222617,0.9994612447443953,0.9999999999999881,6.612701689118223e-15,1.2323475573339238e-14
q12_m4_j25,12,4096,4096,4,25,EQ,4c761b8e6b14848b7d3bd50829f49b544b7d62932fdc00f8b8895146a81d86a4,6.393063813447952e-06,QISKIT_AER_STATEVECTOR,7,0.11464434606023133,0.9994612447443953,0.9999999999999881,6.612701689118223e-15,1.2323475573339238e-14
q12_m4_j25,12,4096,4096,4,25,EQ,4c761b8e6b14848b7d3bd50829f49b544b7d62932fdc00f8b8895146a81d86a4,6.393063813447952e-06,QISKIT_AER_STATEVECTOR,8,0.07373736891895533,0.9994612447443953,0.9999999999999881,6.612701689118223e-15,1.2323475573339238e-14
q12_m4_j25,12,4096,4096,4,25,EQ,4c761b8e6b14848b7d3bd50829f49b544b7d62932fdc00f8b8895146a81d86a4,6.393063813447952e-06,QISKIT_AER_STATEVECTOR,9,0.07156515296082944,0.9994612447443953,0.9999999999999881,6.612701689118223e-15,1.2323475573339238e-14
q12_m16_j12,12,4096,4096,16,12,EQ,0c09d479507d1b528840be7d70dc7b29a76caa71834d679e754301ef00be1480,1.027202233672142e-05,NUMPY_FLOAT64,0,0.0009006310719996691,0.9999470421032738,0.9999999999999998,0.0,0.0
q12_m16_j12,12,4096,4096,16,12,EQ,0c09d479507d1b528840be7d70dc7b29a76caa71834d679e754301ef00be1480,1.027202233672142e-05,NUMPY_FLOAT64,1,0.0008516850648447871,0.9999470421032738,0.9999999999999998,0.0,0.0
q12_m16_j12,12,4096,4096,16,12,EQ,0c09d479507d1b528840be7d70dc7b29a76caa71834d679e754301ef00be1480,1.027202233672142e-05,NUMPY_FLOAT64,2,0.0008369010174646974,0.9999470421032738,0.9999999999999998,0.0,0.0
q12_m16_j12,12,4096,4096,16,12,EQ,0c09d479507d1b528840be7d70dc7b29a76caa71834d679e754301ef00be1480,1.027202233672142e-05,NUMPY_FLOAT64,3,0.0008679840248078108,0.9999470421032738,0.9999999999999998,0.0,0.0
q12_m16_j12,12,4096,4096,16,12,EQ,0c09d479507d1b528840be7d70dc7b29a76caa71834d679e754301ef00be1480,1.027202233672142e-05,NUMPY_FLOAT64,4,0.0008834470063447952,0.9999470421032738,0.9999999999999998,0.0,0.0
q12_m16_j12,12,4096,4096,16,12,EQ,0c09d479507d1b528840be7d70dc7b29a76caa71834d679e754301ef00be1480,1.027202233672142e-05,NUMPY_FLOAT64,5,0.0008705219952389598,0.9999470421032738,0.9999999999999998,0.0,0.0
q12_m16_j12,12,4096,4096,16,12,EQ,0c09d479507d1b528840be7d70dc7b29a76caa71834d679e754301ef00be1480,1.027202233672142e-05,NUMPY_FLOAT64,6,0.000895565957762301,0.9999470421032738,0.9999999999999998,0.0,0.0
q12_m16_j12,12,4096,4096,16,12,EQ,0c09d479507d1b528840be7d70dc7b29a76caa71834d679e754301ef00be1480,1.027202233672142e-05,NUMPY_FLOAT64,7,0.0008741279598325491,0.9999470421032738,0.9999999999999998,0.0,0.0
q12_m16_j12,12,4096,4096,16,12,EQ,0c09d479507d1b528840be7d70dc7b29a76caa71834d679e754301ef00be1480,1.027202233672142e-05,NUMPY_FLOAT64,8,0.0008904460119083524,0.9999470421032738,0.9999999999999998,0.0,0.0
q12_m16_j12,12,4096,4096,16,12,EQ,0c09d479507d1b528840be7d70dc7b29a76caa71834d679e754301ef00be1480,1.027202233672142e-05,NUMPY_FLOAT64,9,0.0008753499714657664,0.9999470421032738,0.9999999999999998,0.0,0.0
q12_m16_j12,12,4096,4096,16,12,EQ,0c09d479507d1b528840be7d70dc7b29a76caa71834d679e754301ef00be1480,1.027202233672142e-05,QISKIT_AER_STATEVECTOR,0,0.058282851008698344,0.9999470421032683,0.9999999999999943,3.216108894881827e-15,5.440092820663267e-15
q12_m16_j12,12,4096,4096,16,12,EQ,0c09d479507d1b528840be7d70dc7b29a76caa71834d679e754301ef00be1480,1.027202233672142e-05,QISKIT_AER_STATEVECTOR,1,0.05458796804305166,0.9999470421032683,0.9999999999999943,3.216108894881827e-15,5.440092820663267e-15
q12_m16_j12,12,4096,4096,16,12,EQ,0c09d479507d1b528840be7d70dc7b29a76caa71834d679e754301ef00be1480,1.027202233672142e-05,QISKIT_AER_STATEVECTOR,2,0.03618809103500098,0.9999470421032683,0.9999999999999943,3.216108894881827e-15,5.440092820663267e-15
q12_m16_j12,12,4096,4096,16,12,EQ,0c09d479507d1b528840be7d70dc7b29a76caa71834d679e754301ef00be1480,1.027202233672142e-05,QISKIT_AER_STATEVECTOR,3,0.04903764300979674,0.9999470421032683,0.9999999999999943,3.216108894881827e-15,5.440092820663267e-15
q12_m16_j12,12,4096,4096,16,12,EQ,0c09d479507d1b528840be7d70dc7b29a76caa71834d679e754301ef00be1480,1.027202233672142e-05,QISKIT_AER_STATEVECTOR,4,0.058156493003480136,0.9999470421032683,0.9999999999999943,3.216108894881827e-15,5.440092820663267e-15
q12_m16_j12,12,4096,4096,16,12,EQ,0c09d479507d1b528840be7d70dc7b29a76caa71834d679e754301ef00be1480,1.027202233672142e-05,QISKIT_AER_STATEVECTOR,5,0.053586867987178266,0.9999470421032683,0.9999999999999943,3.216108894881827e-15,5.440092820663267e-15
q12_m16_j12,12,4096,4096,16,12,EQ,0c09d479507d1b528840be7d70dc7b29a76caa71834d679e754301ef00be1480,1.027202233672142e-05,QISKIT_AER_STATEVECTOR,6,0.040594327030703425,0.9999470421032683,0.9999999999999943,3.216108894881827e-15,5.440092820663267e-15
q12_m16_j12,12,4096,4096,16,12,EQ,0c09d479507d1b528840be7d70dc7b29a76caa71834d679e754301ef00be1480,1.027202233672142e-05,QISKIT_AER_STATEVECTOR,7,0.033129414077848196,0.9999470421032683,0.9999999999999943,3.216108894881827e-15,5.440092820663267e-15
q12_m16_j12,12,4096,4096,16,12,EQ,0c09d479507d1b528840be7d70dc7b29a76caa71834d679e754301ef00be1480,1.027202233672142e-05,QISKIT_AER_STATEVECTOR,8,0.029949954012408853,0.9999470421032683,0.9999999999999943,3.216108894881827e-15,5.440092820663267e-15
q12_m16_j12,12,4096,4096,16,12,EQ,0c09d479507d1b528840be7d70dc7b29a76caa71834d679e754301ef00be1480,1.027202233672142e-05,QISKIT_AER_STATEVECTOR,9,0.034782106988132,0.9999470421032683,0.9999999999999943,3.216108894881827e-15,5.440092820663267e-15
q12_m64_j6,12,4096,4096,64,6,EQ,c7e9d793e04b64acf3b0017fefa2cfecf1f7289b73b621abeaa80bb86b42fdb1,1.0313000530004501e-05,NUMPY_FLOAT64,0,0.00025199109222739935,0.996585680786799,0.9999999999999999,0.0,0.0
q12_m64_j6,12,4096,4096,64,6,EQ,c7e9d793e04b64acf3b0017fefa2cfecf1f7289b73b621abeaa80bb86b42fdb1,1.0313000530004501e-05,NUMPY_FLOAT64,1,0.0002465290017426014,0.996585680786799,0.9999999999999999,0.0,0.0
q12_m64_j6,12,4096,4096,64,6,EQ,c7e9d793e04b64acf3b0017fefa2cfecf1f7289b73b621abeaa80bb86b42fdb1,1.0313000530004501e-05,NUMPY_FLOAT64,2,0.00023953302297741175,0.996585680786799,0.9999999999999999,0.0,0.0
q12_m64_j6,12,4096,4096,64,6,EQ,c7e9d793e04b64acf3b0017fefa2cfecf1f7289b73b621abeaa80bb86b42fdb1,1.0313000530004501e-05,NUMPY_FLOAT64,3,0.0002425219863653183,0.996585680786799,0.9999999999999999,0.0,0.0
q12_m64_j6,12,4096,4096,64,6,EQ,c7e9d793e04b64acf3b0017fefa2cfecf1f7289b73b621abeaa80bb86b42fdb1,1.0313000530004501e-05,NUMPY_FLOAT64,4,0.00023783603683114052,0.996585680786799,0.9999999999999999,0.0,0.0
q12_m64_j6,12,4096,4096,64,6,EQ,c7e9d793e04b64acf3b0017fefa2cfecf1f7289b73b621abeaa80bb86b42fdb1,1.0313000530004501e-05,NUMPY_FLOAT64,5,0.0002333309967070818,0.996585680786799,0.9999999999999999,0.0,0.0
q12_m64_j6,12,4096,4096,64,6,EQ,c7e9d793e04b64acf3b0017fefa2cfecf1f7289b73b621abeaa80bb86b42fdb1,1.0313000530004501e-05,NUMPY_FLOAT64,6,0.00023878691717982292,0.996585680786799,0.9999999999999999,0.0,0.0
q12_m64_j6,12,4096,4096,64,6,EQ,c7e9d793e04b64acf3b0017fefa2cfecf1f7289b73b621abeaa80bb86b42fdb1,1.0313000530004501e-05,NUMPY_FLOAT64,7,0.00023383996449410915,0.996585680786799,0.9999999999999999,0.0,0.0
q12_m64_j6,12,4096,4096,64,6,EQ,c7e9d793e04b64acf3b0017fefa2cfecf1f7289b73b621abeaa80bb86b42fdb1,1.0313000530004501e-05,NUMPY_FLOAT64,8,0.00024901703000068665,0.996585680786799,0.9999999999999999,0.0,0.0
q12_m64_j6,12,4096,4096,64,6,EQ,c7e9d793e04b64acf3b0017fefa2cfecf1f7289b73b621abeaa80bb86b42fdb1,1.0313000530004501e-05,NUMPY_FLOAT64,9,0.00024304294493049383,0.996585680786799,0.9999999999999999,0.0,0.0
q12_m64_j6,12,4096,4096,64,6,EQ,c7e9d793e04b64acf3b0017fefa2cfecf1f7289b73b621abeaa80bb86b42fdb1,1.0313000530004501e-05,QISKIT_AER_STATEVECTOR,0,0.019157071015797555,0.996585680786797,0.9999999999999979,1.7050788938348009e-15,1.9984014443252818e-15
q12_m64_j6,12,4096,4096,64,6,EQ,c7e9d793e04b64acf3b0017fefa2cfecf1f7289b73b621abeaa80bb86b42fdb1,1.0313000530004501e-05,QISKIT_AER_STATEVECTOR,1,0.020233495975844562,0.996585680786797,0.9999999999999979,1.7050788938348009e-15,1.9984014443252818e-15
q12_m64_j6,12,4096,4096,64,6,EQ,c7e9d793e04b64acf3b0017fefa2cfecf1f7289b73b621abeaa80bb86b42fdb1,1.0313000530004501e-05,QISKIT_AER_STATEVECTOR,2,0.019793433020822704,0.996585680786797,0.9999999999999979,1.7050788938348009e-15,1.9984014443252818e-15
q12_m64_j6,12,4096,4096,64,6,EQ,c7e9d793e04b64acf3b0017fefa2cfecf1f7289b73b621abeaa80bb86b42fdb1,1.0313000530004501e-05,QISKIT_AER_STATEVECTOR,3,0.0179958880180493,0.996585680786797,0.9999999999999979,1.7050788938348009e-15,1.9984014443252818e-15
q12_m64_j6,12,4096,4096,64,6,EQ,c7e9d793e04b64acf3b0017fefa2cfecf1f7289b73b621abeaa80bb86b42fdb1,1.0313000530004501e-05,QISKIT_AER_STATEVECTOR,4,0.015462070005014539,0.996585680786797,0.9999999999999979,1.7050788938348009e-15,1.9984014443252818e-15
q12_m64_j6,12,4096,4096,64,6,EQ,c7e9d793e04b64acf3b0017fefa2cfecf1f7289b73b621abeaa80bb86b42fdb1,1.0313000530004501e-05,QISKIT_AER_STATEVECTOR,5,0.01463653496466577,0.996585680786797,0.9999999999999979,1.7050788938348009e-15,1.9984014443252818e-15
q12_m64_j6,12,4096,4096,64,6,EQ,c7e9d793e04b64acf3b0017fefa2cfecf1f7289b73b621abeaa80bb86b42fdb1,1.0313000530004501e-05,QISKIT_AER_STATEVECTOR,6,0.015145236044190824,0.996585680786797,0.9999999999999979,1.7050788938348009e-15,1.9984014443252818e-15
q12_m64_j6,12,4096,4096,64,6,EQ,c7e9d793e04b64acf3b0017fefa2cfecf1f7289b73b621abeaa80bb86b42fdb1,1.0313000530004501e-05,QISKIT_AER_STATEVECTOR,7,0.01490469602867961,0.996585680786797,0.9999999999999979,1.7050788938348009e-15,1.9984014443252818e-15
q12_m64_j6,12,4096,4096,64,6,EQ,c7e9d793e04b64acf3b0017fefa2cfecf1f7289b73b621abeaa80bb86b42fdb1,1.0313000530004501e-05,QISKIT_AER_STATEVECTOR,8,0.015557982958853245,0.996585680786797,0.9999999999999979,1.7050788938348009e-15,1.9984014443252818e-15
q12_m64_j6,12,4096,4096,64,6,EQ,c7e9d793e04b64acf3b0017fefa2cfecf1f7289b73b621abeaa80bb86b42fdb1,1.0313000530004501e-05,QISKIT_AER_STATEVECTOR,9,0.016132395016029477,0.996585680786797,0.9999999999999979,1.7050788938348009e-15,1.9984014443252818e-15
q12_m256_j3,12,4096,4096,256,3,EQ,76c67fd653b6a3c7a6fe75f038234dee73b60c9ec5e009526f7d77e3e22af09b,6.00994098931551e-06,NUMPY_FLOAT64,0,0.00025371601805090904,0.9613189697265625,1.0,0.0,0.0
q12_m256_j3,12,4096,4096,256,3,EQ,76c67fd653b6a3c7a6fe75f038234dee73b60c9ec5e009526f7d77e3e22af09b,6.00994098931551e-06,NUMPY_FLOAT64,1,0.00028249400202184916,0.9613189697265625,1.0,0.0,0.0
q12_m256_j3,12,4096,4096,256,3,EQ,76c67fd653b6a3c7a6fe75f038234dee73b60c9ec5e009526f7d77e3e22af09b,6.00994098931551e-06,NUMPY_FLOAT64,2,0.00027406495064496994,0.9613189697265625,1.0,0.0,0.0
q12_m256_j3,12,4096,4096,256,3,EQ,76c67fd653b6a3c7a6fe75f038234dee73b60c9ec5e009526f7d77e3e22af09b,6.00994098931551e-06,NUMPY_FLOAT64,3,0.00027616601437330246,0.9613189697265625,1.0,0.0,0.0
q12_m256_j3,12,4096,4096,256,3,EQ,76c67fd653b6a3c7a6fe75f038234dee73b60c9ec5e009526f7d77e3e22af09b,6.00994098931551e-06,NUMPY_FLOAT64,4,0.0002032300690189004,0.9613189697265625,1.0,0.0,0.0
q12_m256_j3,12,4096,4096,256,3,EQ,76c67fd653b6a3c7a6fe75f038234dee73b60c9ec5e009526f7d77e3e22af09b,6.00994098931551e-06,NUMPY_FLOAT64,5,0.00013887695968151093,0.9613189697265625,1.0,0.0,0.0
q12_m256_j3,12,4096,4096,256,3,EQ,76c67fd653b6a3c7a6fe75f038234dee73b60c9ec5e009526f7d77e3e22af09b,6.00994098931551e-06,NUMPY_FLOAT64,6,0.00013735494576394558,0.9613189697265625,1.0,0.0,0.0
q12_m256_j3,12,4096,4096,256,3,EQ,76c67fd653b6a3c7a6fe75f038234dee73b60c9ec5e009526f7d77e3e22af09b,6.00994098931551e-06,NUMPY_FLOAT64,7,0.00013755203690379858,0.9613189697265625,1.0,0.0,0.0
q12_m256_j3,12,4096,4096,256,3,EQ,76c67fd653b6a3c7a6fe75f038234dee73b60c9ec5e009526f7d77e3e22af09b,6.00994098931551e-06,NUMPY_FLOAT64,8,0.00013354304246604443,0.9613189697265625,1.0,0.0,0.0
q12_m256_j3,12,4096,4096,256,3,EQ,76c67fd653b6a3c7a6fe75f038234dee73b60c9ec5e009526f7d77e3e22af09b,6.00994098931551e-06,NUMPY_FLOAT64,9,0.0001341220922768116,0.9613189697265625,1.0,0.0,0.0
q12_m256_j3,12,4096,4096,256,3,EQ,76c67fd653b6a3c7a6fe75f038234dee73b60c9ec5e009526f7d77e3e22af09b,6.00994098931551e-06,QISKIT_AER_STATEVECTOR,0,0.009821667103096843,0.9613189697265612,0.9999999999999988,9.597589930271971e-16,1.3322676295501878e-15
q12_m256_j3,12,4096,4096,256,3,EQ,76c67fd653b6a3c7a6fe75f038234dee73b60c9ec5e009526f7d77e3e22af09b,6.00994098931551e-06,QISKIT_AER_STATEVECTOR,1,0.00794573500752449,0.9613189697265612,0.9999999999999988,9.597589930271971e-16,1.3322676295501878e-15
q12_m256_j3,12,4096,4096,256,3,EQ,76c67fd653b6a3c7a6fe75f038234dee73b60c9ec5e009526f7d77e3e22af09b,6.00994098931551e-06,QISKIT_AER_STATEVECTOR,2,0.007969104102812707,0.9613189697265612,0.9999999999999988,9.597589930271971e-16,1.3322676295501878e-15
q12_m256_j3,12,4096,4096,256,3,EQ,76c67fd653b6a3c7a6fe75f038234dee73b60c9ec5e009526f7d77e3e22af09b,6.00994098931551e-06,QISKIT_AER_STATEVECTOR,3,0.010177938966080546,0.9613189697265612,0.9999999999999988,9.597589930271971e-16,1.3322676295501878e-15
q12_m256_j3,12,4096,4096,256,3,EQ,76c67fd653b6a3c7a6fe75f038234dee73b60c9ec5e009526f7d77e3e22af09b,6.00994098931551e-06,QISKIT_AER_STATEVECTOR,4,0.01478577102534473,0.9613189697265612,0.9999999999999988,9.597589930271971e-16,1.3322676295501878e-15
q12_m256_j3,12,4096,4096,256,3,EQ,76c67fd653b6a3c7a6fe75f038234dee73b60c9ec5e009526f7d77e3e22af09b,6.00994098931551e-06,QISKIT_AER_STATEVECTOR,5,0.015171419945545495,0.9613189697265612,0.9999999999999988,9.597589930271971e-16,1.3322676295501878e-15
q12_m256_j3,12,4096,4096,256,3,EQ,76c67fd653b6a3c7a6fe75f038234dee73b60c9ec5e009526f7d77e3e22af09b,6.00994098931551e-06,QISKIT_AER_STATEVECTOR,6,0.014310271013528109,0.9613189697265612,0.9999999999999988,9.597589930271971e-16,1.3322676295501878e-15
q12_m256_j3,12,4096,4096,256,3,EQ,76c67fd653b6a3c7a6fe75f038234dee73b60c9ec5e009526f7d77e3e22af09b,6.00994098931551e-06,QISKIT_AER_STATEVECTOR,7,0.013725226977840066,0.9613189697265612,0.9999999999999988,9.597589930271971e-16,1.3322676295501878e-15
q12_m256_j3,12,4096,4096,256,3,EQ,76c67fd653b6a3c7a6fe75f038234dee73b60c9ec5e009526f7d77e3e22af09b,6.00994098931551e-06,QISKIT_AER_STATEVECTOR,8,0.01417710306122899,0.9613189697265612,0.9999999999999988,9.597589930271971e-16,1.3322676295501878e-15
q12_m256_j3,12,4096,4096,256,3,EQ,76c67fd653b6a3c7a6fe75f038234dee73b60c9ec5e009526f7d77e3e22af09b,6.00994098931551e-06,QISKIT_AER_STATEVECTOR,9,0.014048218028619885,0.9613189697265612,0.9999999999999988,9.597589930271971e-16,1.3322676295501878e-15
q14_m1_j100,14,16384,16384,1,100,EQ,dfc53015b39cdf85a8eec8608cd7413330a8e260e8954bc315aedd85bd8954a0,0.011721653980202973,NUMPY_FLOAT64,0,0.005136125022545457,0.9999997811142232,0.9999999999999922,0.0,0.0
q14_m1_j100,14,16384,16384,1,100,EQ,dfc53015b39cdf85a8eec8608cd7413330a8e260e8954bc315aedd85bd8954a0,0.011721653980202973,NUMPY_FLOAT64,1,0.005325666978023946,0.9999997811142232,0.9999999999999922,0.0,0.0
q14_m1_j100,14,16384,16384,1,100,EQ,dfc53015b39cdf85a8eec8608cd7413330a8e260e8954bc315aedd85bd8954a0,0.011721653980202973,NUMPY_FLOAT64,2,0.005365666002035141,0.9999997811142232,0.9999999999999922,0.0,0.0
q14_m1_j100,14,16384,16384,1,100,EQ,dfc53015b39cdf85a8eec8608cd7413330a8e260e8954bc315aedd85bd8954a0,0.011721653980202973,NUMPY_FLOAT64,3,0.006567095057107508,0.9999997811142232,0.9999999999999922,0.0,0.0
q14_m1_j100,14,16384,16384,1,100,EQ,dfc53015b39cdf85a8eec8608cd7413330a8e260e8954bc315aedd85bd8954a0,0.011721653980202973,NUMPY_FLOAT64,4,0.009699293063022196,0.9999997811142232,0.9999999999999922,0.0,0.0
q14_m1_j100,14,16384,16384,1,100,EQ,dfc53015b39cdf85a8eec8608cd7413330a8e260e8954bc315aedd85bd8954a0,0.011721653980202973,NUMPY_FLOAT64,5,0.007384942029602826,0.9999997811142232,0.9999999999999922,0.0,0.0
q14_m1_j100,14,16384,16384,1,100,EQ,dfc53015b39cdf85a8eec8608cd7413330a8e260e8954bc315aedd85bd8954a0,0.011721653980202973,NUMPY_FLOAT64,6,0.005168113042600453,0.9999997811142232,0.9999999999999922,0.0,0.0
q14_m1_j100,14,16384,16384,1,100,EQ,dfc53015b39cdf85a8eec8608cd7413330a8e260e8954bc315aedd85bd8954a0,0.011721653980202973,NUMPY_FLOAT64,7,0.005147525924257934,0.9999997811142232,0.9999999999999922,0.0,0.0
q14_m1_j100,14,16384,16384,1,100,EQ,dfc53015b39cdf85a8eec8608cd7413330a8e260e8954bc315aedd85bd8954a0,0.011721653980202973,NUMPY_FLOAT64,8,0.005393550964072347,0.9999997811142232,0.9999999999999922,0.0,0.0
q14_m1_j100,14,16384,16384,1,100,EQ,dfc53015b39cdf85a8eec8608cd7413330a8e260e8954bc315aedd85bd8954a0,0.011721653980202973,NUMPY_FLOAT64,9,0.005155607010237873,0.9999997811142232,0.9999999999999922,0.0,0.0
q14_m1_j100,14,16384,16384,1,100,EQ,dfc53015b39cdf85a8eec8608cd7413330a8e260e8954bc315aedd85bd8954a0,0.011721653980202973,QISKIT_AER_STATEVECTOR,0,1.2971066850004718,0.9999997811141754,0.9999999999999445,2.40630002955385e-14,4.773959005888173e-14
q14_m1_j100,14,16384,16384,1,100,EQ,dfc53015b39cdf85a8eec8608cd7413330a8e260e8954bc315aedd85bd8954a0,0.011721653980202973,QISKIT_AER_STATEVECTOR,1,1.3657833649776876,0.9999997811141754,0.9999999999999445,2.40630002955385e-14,4.773959005888173e-14
q14_m1_j100,14,16384,16384,1,100,EQ,dfc53015b39cdf85a8eec8608cd7413330a8e260e8954bc315aedd85bd8954a0,0.011721653980202973,QISKIT_AER_STATEVECTOR,2,1.3608960330020636,0.9999997811141754,0.9999999999999445,2.40630002955385e-14,4.773959005888173e-14
q14_m1_j100,14,16384,16384,1,100,EQ,dfc53015b39cdf85a8eec8608cd7413330a8e260e8954bc315aedd85bd8954a0,0.011721653980202973,QISKIT_AER_STATEVECTOR,3,1.4480813910486177,0.9999997811141754,0.9999999999999445,2.40630002955385e-14,4.773959005888173e-14
q14_m1_j100,14,16384,16384,1,100,EQ,dfc53015b39cdf85a8eec8608cd7413330a8e260e8954bc315aedd85bd8954a0,0.011721653980202973,QISKIT_AER_STATEVECTOR,4,1.245904144947417,0.9999997811141754,0.9999999999999445,2.40630002955385e-14,4.773959005888173e-14
q14_m1_j100,14,16384,16384,1,100,EQ,dfc53015b39cdf85a8eec8608cd7413330a8e260e8954bc315aedd85bd8954a0,0.011721653980202973,QISKIT_AER_STATEVECTOR,5,1.3840578220551834,0.9999997811141754,0.9999999999999445,2.40630002955385e-14,4.773959005888173e-14
q14_m1_j100,14,16384,16384,1,100,EQ,dfc53015b39cdf85a8eec8608cd7413330a8e260e8954bc315aedd85bd8954a0,0.011721653980202973,QISKIT_AER_STATEVECTOR,6,1.4277157449396327,0.9999997811141754,0.9999999999999445,2.40630002955385e-14,4.773959005888173e-14
q14_m1_j100,14,16384,16384,1,100,EQ,dfc53015b39cdf85a8eec8608cd7413330a8e260e8954bc315aedd85bd8954a0,0.011721653980202973,QISKIT_AER_STATEVECTOR,7,1.2728939430089667,0.9999997811141754,0.9999999999999445,2.40630002955385e-14,4.773959005888173e-14
q14_m1_j100,14,16384,16384,1,100,EQ,dfc53015b39cdf85a8eec8608cd7413330a8e260e8954bc315aedd85bd8954a0,0.011721653980202973,QISKIT_AER_STATEVECTOR,8,1.2826154560316354,0.9999997811141754,0.9999999999999445,2.40630002955385e-14,4.773959005888173e-14
q14_m1_j100,14,16384,16384,1,100,EQ,dfc53015b39cdf85a8eec8608cd7413330a8e260e8954bc315aedd85bd8954a0,0.011721653980202973,QISKIT_AER_STATEVECTOR,9,1.4728502030484378,0.9999997811141754,0.9999999999999445,2.40630002955385e-14,4.773959005888173e-14
q14_m4_j50,14,16384,16384,4,50,EQ,80e9aae098cfa2cecce0f03aeb6d3a938062ea631606f4ad7b815a5aa7e6a063,0.013564835069701076,NUMPY_FLOAT64,0,0.0038037729682400823,0.9999453461091224,1.0000000000000073,0.0,0.0
q14_m4_j50,14,16384,16384,4,50,EQ,80e9aae098cfa2cecce0f03aeb6d3a938062ea631606f4ad7b815a5aa7e6a063,0.013564835069701076,NUMPY_FLOAT64,1,0.002921139937825501,0.9999453461091224,1.0000000000000073,0.0,0.0
q14_m4_j50,14,16384,16384,4,50,EQ,80e9aae098cfa2cecce0f03aeb6d3a938062ea631606f4ad7b815a5aa7e6a063,0.013564835069701076,NUMPY_FLOAT64,2,0.0028477299492806196,0.9999453461091224,1.0000000000000073,0.0,0.0
q14_m4_j50,14,16384,16384,4,50,EQ,80e9aae098cfa2cecce0f03aeb6d3a938062ea631606f4ad7b815a5aa7e6a063,0.013564835069701076,NUMPY_FLOAT64,3,0.00291719997767359,0.9999453461091224,1.0000000000000073,0.0,0.0
q14_m4_j50,14,16384,16384,4,50,EQ,80e9aae098cfa2cecce0f03aeb6d3a938062ea631606f4ad7b815a5aa7e6a063,0.013564835069701076,NUMPY_FLOAT64,4,0.0032502709655091166,0.9999453461091224,1.0000000000000073,0.0,0.0
q14_m4_j50,14,16384,16384,4,50,EQ,80e9aae098cfa2cecce0f03aeb6d3a938062ea631606f4ad7b815a5aa7e6a063,0.013564835069701076,NUMPY_FLOAT64,5,0.003368719946593046,0.9999453461091224,1.0000000000000073,0.0,0.0
q14_m4_j50,14,16384,16384,4,50,EQ,80e9aae098cfa2cecce0f03aeb6d3a938062ea631606f4ad7b815a5aa7e6a063,0.013564835069701076,NUMPY_FLOAT64,6,0.0030296900076791644,0.9999453461091224,1.0000000000000073,0.0,0.0
q14_m4_j50,14,16384,16384,4,50,EQ,80e9aae098cfa2cecce0f03aeb6d3a938062ea631606f4ad7b815a5aa7e6a063,0.013564835069701076,NUMPY_FLOAT64,7,0.0030285799875855446,0.9999453461091224,1.0000000000000073,0.0,0.0
q14_m4_j50,14,16384,16384,4,50,EQ,80e9aae098cfa2cecce0f03aeb6d3a938062ea631606f4ad7b815a5aa7e6a063,0.013564835069701076,NUMPY_FLOAT64,8,0.0030428209574893117,0.9999453461091224,1.0000000000000073,0.0,0.0
q14_m4_j50,14,16384,16384,4,50,EQ,80e9aae098cfa2cecce0f03aeb6d3a938062ea631606f4ad7b815a5aa7e6a063,0.013564835069701076,NUMPY_FLOAT64,9,0.004322511027567089,0.9999453461091224,1.0000000000000073,0.0,0.0
q14_m4_j50,14,16384,16384,4,50,EQ,80e9aae098cfa2cecce0f03aeb6d3a938062ea631606f4ad7b815a5aa7e6a063,0.013564835069701076,QISKIT_AER_STATEVECTOR,0,0.6311252519953996,0.9999453461090889,0.999999999999974,1.716683828577779e-14,3.352873534367973e-14
q14_m4_j50,14,16384,16384,4,50,EQ,80e9aae098cfa2cecce0f03aeb6d3a938062ea631606f4ad7b815a5aa7e6a063,0.013564835069701076,QISKIT_AER_STATEVECTOR,1,0.6874582250602543,0.9999453461090889,0.999999999999974,1.716683828577779e-14,3.352873534367973e-14
q14_m4_j50,14,16384,16384,4,50,EQ,80e9aae098cfa2cecce0f03aeb6d3a938062ea631606f4ad7b815a5aa7e6a063,0.013564835069701076,QISKIT_AER_STATEVECTOR,2,0.6726440099300817,0.9999453461090889,0.999999999999974,1.716683828577779e-14,3.352873534367973e-14
q14_m4_j50,14,16384,16384,4,50,EQ,80e9aae098cfa2cecce0f03aeb6d3a938062ea631606f4ad7b815a5aa7e6a063,0.013564835069701076,QISKIT_AER_STATEVECTOR,3,0.5953936909791082,0.9999453461090889,0.999999999999974,1.716683828577779e-14,3.352873534367973e-14
q14_m4_j50,14,16384,16384,4,50,EQ,80e9aae098cfa2cecce0f03aeb6d3a938062ea631606f4ad7b815a5aa7e6a063,0.013564835069701076,QISKIT_AER_STATEVECTOR,4,0.6091111219720915,0.9999453461090889,0.999999999999974,1.716683828577779e-14,3.352873534367973e-14
q14_m4_j50,14,16384,16384,4,50,EQ,80e9aae098cfa2cecce0f03aeb6d3a938062ea631606f4ad7b815a5aa7e6a063,0.013564835069701076,QISKIT_AER_STATEVECTOR,5,0.5841738189337775,0.9999453461090889,0.999999999999974,1.716683828577779e-14,3.352873534367973e-14
q14_m4_j50,14,16384,16384,4,50,EQ,80e9aae098cfa2cecce0f03aeb6d3a938062ea631606f4ad7b815a5aa7e6a063,0.013564835069701076,QISKIT_AER_STATEVECTOR,6,0.67426829400938,0.9999453461090889,0.999999999999974,1.716683828577779e-14,3.352873534367973e-14
q14_m4_j50,14,16384,16384,4,50,EQ,80e9aae098cfa2cecce0f03aeb6d3a938062ea631606f4ad7b815a5aa7e6a063,0.013564835069701076,QISKIT_AER_STATEVECTOR,7,0.6283528079511598,0.9999453461090889,0.999999999999974,1.716683828577779e-14,3.352873534367973e-14
q14_m4_j50,14,16384,16384,4,50,EQ,80e9aae098cfa2cecce0f03aeb6d3a938062ea631606f4ad7b815a5aa7e6a063,0.013564835069701076,QISKIT_AER_STATEVECTOR,8,0.6924841119907796,0.9999453461090889,0.999999999999974,1.716683828577779e-14,3.352873534367973e-14
q14_m4_j50,14,16384,16384,4,50,EQ,80e9aae098cfa2cecce0f03aeb6d3a938062ea631606f4ad7b815a5aa7e6a063,0.013564835069701076,QISKIT_AER_STATEVECTOR,9,0.6274757189676166,0.9999453461090889,0.999999999999974,1.716683828577779e-14,3.352873534367973e-14
q14_m16_j25,14,16384,16384,16,25,EQ,b8610f79f5f7a24bb7733232f1647b5ac02ea5f0df70594fa23c2485ef968c92,0.014859110000543296,NUMPY_FLOAT64,0,0.0039586370112374425,0.999461244744407,0.9999999999999987,0.0,0.0
q14_m16_j25,14,16384,16384,16,25,EQ,b8610f79f5f7a24bb7733232f1647b5ac02ea5f0df70594fa23c2485ef968c92,0.014859110000543296,NUMPY_FLOAT64,1,0.002554742037318647,0.999461244744407,0.9999999999999987,0.0,0.0
q14_m16_j25,14,16384,16384,16,25,EQ,b8610f79f5f7a24bb7733232f1647b5ac02ea5f0df70594fa23c2485ef968c92,0.014859110000543296,NUMPY_FLOAT64,2,0.003525315085425973,0.999461244744407,0.9999999999999987,0.0,0.0
q14_m16_j25,14,16384,16384,16,25,EQ,b8610f79f5f7a24bb7733232f1647b5ac02ea5f0df70594fa23c2485ef968c92,0.014859110000543296,NUMPY_FLOAT64,3,0.0030932429945096374,0.999461244744407,0.9999999999999987,0.0,0.0
q14_m16_j25,14,16384,16384,16,25,EQ,b8610f79f5f7a24bb7733232f1647b5ac02ea5f0df70594fa23c2485ef968c92,0.014859110000543296,NUMPY_FLOAT64,4,0.0039551310474053025,0.999461244744407,0.9999999999999987,0.0,0.0
q14_m16_j25,14,16384,16384,16,25,EQ,b8610f79f5f7a24bb7733232f1647b5ac02ea5f0df70594fa23c2485ef968c92,0.014859110000543296,NUMPY_FLOAT64,5,0.0022931259591132402,0.999461244744407,0.9999999999999987,0.0,0.0
q14_m16_j25,14,16384,16384,16,25,EQ,b8610f79f5f7a24bb7733232f1647b5ac02ea5f0df70594fa23c2485ef968c92,0.014859110000543296,NUMPY_FLOAT64,6,0.002364603104069829,0.999461244744407,0.9999999999999987,0.0,0.0
q14_m16_j25,14,16384,16384,16,25,EQ,b8610f79f5f7a24bb7733232f1647b5ac02ea5f0df70594fa23c2485ef968c92,0.014859110000543296,NUMPY_FLOAT64,7,0.0025461699115112424,0.999461244744407,0.9999999999999987,0.0,0.0
q14_m16_j25,14,16384,16384,16,25,EQ,b8610f79f5f7a24bb7733232f1647b5ac02ea5f0df70594fa23c2485ef968c92,0.014859110000543296,NUMPY_FLOAT64,8,0.002093037939630449,0.999461244744407,0.9999999999999987,0.0,0.0
q14_m16_j25,14,16384,16384,16,25,EQ,b8610f79f5f7a24bb7733232f1647b5ac02ea5f0df70594fa23c2485ef968c92,0.014859110000543296,NUMPY_FLOAT64,9,0.0015687319682911038,0.999461244744407,0.9999999999999987,0.0,0.0
q14_m16_j25,14,16384,16384,16,25,EQ,b8610f79f5f7a24bb7733232f1647b5ac02ea5f0df70594fa23c2485ef968c92,0.014859110000543296,QISKIT_AER_STATEVECTOR,0,0.3405623889993876,0.9994612447443952,0.9999999999999869,6.439073594657747e-15,1.176836406102666e-14
q14_m16_j25,14,16384,16384,16,25,EQ,b8610f79f5f7a24bb7733232f1647b5ac02ea5f0df70594fa23c2485ef968c92,0.014859110000543296,QISKIT_AER_STATEVECTOR,1,0.3420141530223191,0.9994612447443952,0.9999999999999869,6.439073594657747e-15,1.176836406102666e-14
q14_m16_j25,14,16384,16384,16,25,EQ,b8610f79f5f7a24bb7733232f1647b5ac02ea5f0df70594fa23c2485ef968c92,0.014859110000543296,QISKIT_AER_STATEVECTOR,2,0.3641328869853169,0.9994612447443952,0.9999999999999869,6.439073594657747e-15,1.176836406102666e-14
q14_m16_j25,14,16384,16384,16,25,EQ,b8610f79f5f7a24bb7733232f1647b5ac02ea5f0df70594fa23c2485ef968c92,0.014859110000543296,QISKIT_AER_STATEVECTOR,3,0.3846468520350754,0.9994612447443952,0.9999999999999869,6.439073594657747e-15,1.176836406102666e-14
q14_m16_j25,14,16384,16384,16,25,EQ,b8610f79f5f7a24bb7733232f1647b5ac02ea5f0df70594fa23c2485ef968c92,0.014859110000543296,QISKIT_AER_STATEVECTOR,4,0.3522450739983469,0.9994612447443952,0.9999999999999869,6.439073594657747e-15,1.176836406102666e-14
q14_m16_j25,14,16384,16384,16,25,EQ,b8610f79f5f7a24bb7733232f1647b5ac02ea5f0df70594fa23c2485ef968c92,0.014859110000543296,QISKIT_AER_STATEVECTOR,5,0.29496571491472423,0.9994612447443952,0.9999999999999869,6.439073594657747e-15,1.176836406102666e-14
q14_m16_j25,14,16384,16384,16,25,EQ,b8610f79f5f7a24bb7733232f1647b5ac02ea5f0df70594fa23c2485ef968c92,0.014859110000543296,QISKIT_AER_STATEVECTOR,6,0.3934072370175272,0.9994612447443952,0.9999999999999869,6.439073594657747e-15,1.176836406102666e-14
q14_m16_j25,14,16384,16384,16,25,EQ,b8610f79f5f7a24bb7733232f1647b5ac02ea5f0df70594fa23c2485ef968c92,0.014859110000543296,QISKIT_AER_STATEVECTOR,7,0.3886542080435902,0.9994612447443952,0.9999999999999869,6.439073594657747e-15,1.176836406102666e-14
q14_m16_j25,14,16384,16384,16,25,EQ,b8610f79f5f7a24bb7733232f1647b5ac02ea5f0df70594fa23c2485ef968c92,0.014859110000543296,QISKIT_AER_STATEVECTOR,8,0.2873252929421142,0.9994612447443952,0.9999999999999869,6.439073594657747e-15,1.176836406102666e-14
q14_m16_j25,14,16384,16384,16,25,EQ,b8610f79f5f7a24bb7733232f1647b5ac02ea5f0df70594fa23c2485ef968c92,0.014859110000543296,QISKIT_AER_STATEVECTOR,9,0.31679814599920064,0.9994612447443952,0.9999999999999869,6.439073594657747e-15,1.176836406102666e-14
q14_m64_j12,14,16384,16384,64,12,EQ,ec375bd6c258d4933b0cf68867f4c2acb9c76f6d816a0bd8859c3093dcd33298,0.017798790941014886,NUMPY_FLOAT64,0,0.0008848030120134354,0.9999470421032737,1.0000000000000004,0.0,0.0
q14_m64_j12,14,16384,16384,64,12,EQ,ec375bd6c258d4933b0cf68867f4c2acb9c76f6d816a0bd8859c3093dcd33298,0.017798790941014886,NUMPY_FLOAT64,1,0.0008899070089682937,0.9999470421032737,1.0000000000000004,0.0,0.0
q14_m64_j12,14,16384,16384,64,12,EQ,ec375bd6c258d4933b0cf68867f4c2acb9c76f6d816a0bd8859c3093dcd33298,0.017798790941014886,NUMPY_FLOAT64,2,0.002665177918970585,0.9999470421032737,1.0000000000000004,0.0,0.0
q14_m64_j12,14,16384,16384,64,12,EQ,ec375bd6c258d4933b0cf68867f4c2acb9c76f6d816a0bd8859c3093dcd33298,0.017798790941014886,NUMPY_FLOAT64,3,0.0014537719544023275,0.9999470421032737,1.0000000000000004,0.0,0.0
q14_m64_j12,14,16384,16384,64,12,EQ,ec375bd6c258d4933b0cf68867f4c2acb9c76f6d816a0bd8859c3093dcd33298,0.017798790941014886,NUMPY_FLOAT64,4,0.0010452420683577657,0.9999470421032737,1.0000000000000004,0.0,0.0
q14_m64_j12,14,16384,16384,64,12,EQ,ec375bd6c258d4933b0cf68867f4c2acb9c76f6d816a0bd8859c3093dcd33298,0.017798790941014886,NUMPY_FLOAT64,5,0.0014281909679993987,0.9999470421032737,1.0000000000000004,0.0,0.0
q14_m64_j12,14,16384,16384,64,12,EQ,ec375bd6c258d4933b0cf68867f4c2acb9c76f6d816a0bd8859c3093dcd33298,0.017798790941014886,NUMPY_FLOAT64,6,0.0008892669575288892,0.9999470421032737,1.0000000000000004,0.0,0.0
q14_m64_j12,14,16384,16384,64,12,EQ,ec375bd6c258d4933b0cf68867f4c2acb9c76f6d816a0bd8859c3093dcd33298,0.017798790941014886,NUMPY_FLOAT64,7,0.0008205949561670423,0.9999470421032737,1.0000000000000004,0.0,0.0
q14_m64_j12,14,16384,16384,64,12,EQ,ec375bd6c258d4933b0cf68867f4c2acb9c76f6d816a0bd8859c3093dcd33298,0.017798790941014886,NUMPY_FLOAT64,8,0.0007335540140047669,0.9999470421032737,1.0000000000000004,0.0,0.0
q14_m64_j12,14,16384,16384,64,12,EQ,ec375bd6c258d4933b0cf68867f4c2acb9c76f6d816a0bd8859c3093dcd33298,0.017798790941014886,NUMPY_FLOAT64,9,0.0007620840333402157,0.9999470421032737,1.0000000000000004,0.0,0.0
q14_m64_j12,14,16384,16384,64,12,EQ,ec375bd6c258d4933b0cf68867f4c2acb9c76f6d816a0bd8859c3093dcd33298,0.017798790941014886,QISKIT_AER_STATEVECTOR,0,0.15507537894882262,0.9999470421032675,0.9999999999999942,3.698523818721154e-15,6.217248937900877e-15
q14_m64_j12,14,16384,16384,64,12,EQ,ec375bd6c258d4933b0cf68867f4c2acb9c76f6d816a0bd8859c3093dcd33298,0.017798790941014886,QISKIT_AER_STATEVECTOR,1,0.1942732830066234,0.9999470421032675,0.9999999999999942,3.698523818721154e-15,6.217248937900877e-15
q14_m64_j12,14,16384,16384,64,12,EQ,ec375bd6c258d4933b0cf68867f4c2acb9c76f6d816a0bd8859c3093dcd33298,0.017798790941014886,QISKIT_AER_STATEVECTOR,2,0.1546184360049665,0.9999470421032675,0.9999999999999942,3.698523818721154e-15,6.217248937900877e-15
q14_m64_j12,14,16384,16384,64,12,EQ,ec375bd6c258d4933b0cf68867f4c2acb9c76f6d816a0bd8859c3093dcd33298,0.017798790941014886,QISKIT_AER_STATEVECTOR,3,0.20300396101083606,0.9999470421032675,0.9999999999999942,3.698523818721154e-15,6.217248937900877e-15
q14_m64_j12,14,16384,16384,64,12,EQ,ec375bd6c258d4933b0cf68867f4c2acb9c76f6d816a0bd8859c3093dcd33298,0.017798790941014886,QISKIT_AER_STATEVECTOR,4,0.15402410295791924,0.9999470421032675,0.9999999999999942,3.698523818721154e-15,6.217248937900877e-15
q14_m64_j12,14,16384,16384,64,12,EQ,ec375bd6c258d4933b0cf68867f4c2acb9c76f6d816a0bd8859c3093dcd33298,0.017798790941014886,QISKIT_AER_STATEVECTOR,5,0.14396320597734302,0.9999470421032675,0.9999999999999942,3.698523818721154e-15,6.217248937900877e-15
q14_m64_j12,14,16384,16384,64,12,EQ,ec375bd6c258d4933b0cf68867f4c2acb9c76f6d816a0bd8859c3093dcd33298,0.017798790941014886,QISKIT_AER_STATEVECTOR,6,0.1822029589675367,0.9999470421032675,0.9999999999999942,3.698523818721154e-15,6.217248937900877e-15
q14_m64_j12,14,16384,16384,64,12,EQ,ec375bd6c258d4933b0cf68867f4c2acb9c76f6d816a0bd8859c3093dcd33298,0.017798790941014886,QISKIT_AER_STATEVECTOR,7,0.17243591602891684,0.9999470421032675,0.9999999999999942,3.698523818721154e-15,6.217248937900877e-15
q14_m64_j12,14,16384,16384,64,12,EQ,ec375bd6c258d4933b0cf68867f4c2acb9c76f6d816a0bd8859c3093dcd33298,0.017798790941014886,QISKIT_AER_STATEVECTOR,8,0.14543730695731938,0.9999470421032675,0.9999999999999942,3.698523818721154e-15,6.217248937900877e-15
q14_m64_j12,14,16384,16384,64,12,EQ,ec375bd6c258d4933b0cf68867f4c2acb9c76f6d816a0bd8859c3093dcd33298,0.017798790941014886,QISKIT_AER_STATEVECTOR,9,0.1621654509799555,0.9999470421032675,0.9999999999999942,3.698523818721154e-15,6.217248937900877e-15
q14_m256_j6,14,16384,16384,256,6,EQ,d9e05b4654ca760749d06a9ac23b3a5f9c0b02fd822bbbfe52f2a2e6e2005892,0.01103950198739767,NUMPY_FLOAT64,0,0.00035172898788005114,0.996585680786799,0.9999999999999999,0.0,0.0
q14_m256_j6,14,16384,16384,256,6,EQ,d9e05b4654ca760749d06a9ac23b3a5f9c0b02fd822bbbfe52f2a2e6e2005892,0.01103950198739767,NUMPY_FLOAT64,1,0.0007944459794089198,0.996585680786799,0.9999999999999999,0.0,0.0
q14_m256_j6,14,16384,16384,256,6,EQ,d9e05b4654ca760749d06a9ac23b3a5f9c0b02fd822bbbfe52f2a2e6e2005892,0.01103950198739767,NUMPY_FLOAT64,2,0.0005063259741291404,0.996585680786799,0.9999999999999999,0.0,0.0
q14_m256_j6,14,16384,16384,256,6,EQ,d9e05b4654ca760749d06a9ac23b3a5f9c0b02fd822bbbfe52f2a2e6e2005892,0.01103950198739767,NUMPY_FLOAT64,3,0.0003672620514407754,0.996585680786799,0.9999999999999999,0.0,0.0
q14_m256_j6,14,16384,16384,256,6,EQ,d9e05b4654ca760749d06a9ac23b3a5f9c0b02fd822bbbfe52f2a2e6e2005892,0.01103950198739767,NUMPY_FLOAT64,4,0.00037715700455009937,0.996585680786799,0.9999999999999999,0.0,0.0
q14_m256_j6,14,16384,16384,256,6,EQ,d9e05b4654ca760749d06a9ac23b3a5f9c0b02fd822bbbfe52f2a2e6e2005892,0.01103950198739767,NUMPY_FLOAT64,5,0.0007025330560281873,0.996585680786799,0.9999999999999999,0.0,0.0
q14_m256_j6,14,16384,16384,256,6,EQ,d9e05b4654ca760749d06a9ac23b3a5f9c0b02fd822bbbfe52f2a2e6e2005892,0.01103950198739767,NUMPY_FLOAT64,6,0.0011466550640761852,0.996585680786799,0.9999999999999999,0.0,0.0
q14_m256_j6,14,16384,16384,256,6,EQ,d9e05b4654ca760749d06a9ac23b3a5f9c0b02fd822bbbfe52f2a2e6e2005892,0.01103950198739767,NUMPY_FLOAT64,7,0.0005324219819158316,0.996585680786799,0.9999999999999999,0.0,0.0
q14_m256_j6,14,16384,16384,256,6,EQ,d9e05b4654ca760749d06a9ac23b3a5f9c0b02fd822bbbfe52f2a2e6e2005892,0.01103950198739767,NUMPY_FLOAT64,8,0.0006813049549236894,0.996585680786799,0.9999999999999999,0.0,0.0
q14_m256_j6,14,16384,16384,256,6,EQ,d9e05b4654ca760749d06a9ac23b3a5f9c0b02fd822bbbfe52f2a2e6e2005892,0.01103950198739767,NUMPY_FLOAT64,9,0.00047909608110785484,0.996585680786799,0.9999999999999999,0.0,0.0
q14_m256_j6,14,16384,16384,256,6,EQ,d9e05b4654ca760749d06a9ac23b3a5f9c0b02fd822bbbfe52f2a2e6e2005892,0.01103950198739767,QISKIT_AER_STATEVECTOR,0,0.0884432279272005,0.9965856807867967,0.9999999999999977,1.808848450259358e-15,2.3314683517128287e-15
q14_m256_j6,14,16384,16384,256,6,EQ,d9e05b4654ca760749d06a9ac23b3a5f9c0b02fd822bbbfe52f2a2e6e2005892,0.01103950198739767,QISKIT_AER_STATEVECTOR,1,0.12740345497149974,0.9965856807867967,0.9999999999999977,1.808848450259358e-15,2.3314683517128287e-15
q14_m256_j6,14,16384,16384,256,6,EQ,d9e05b4654ca760749d06a9ac23b3a5f9c0b02fd822bbbfe52f2a2e6e2005892,0.01103950198739767,QISKIT_AER_STATEVECTOR,2,0.11597105499822646,0.9965856807867967,0.9999999999999977,1.808848450259358e-15,2.3314683517128287e-15
q14_m256_j6,14,16384,16384,256,6,EQ,d9e05b4654ca760749d06a9ac23b3a5f9c0b02fd822bbbfe52f2a2e6e2005892,0.01103950198739767,QISKIT_AER_STATEVECTOR,3,0.07449627795722336,0.9965856807867967,0.9999999999999977,1.808848450259358e-15,2.3314683517128287e-15
q14_m256_j6,14,16384,16384,256,6,EQ,d9e05b4654ca760749d06a9ac23b3a5f9c0b02fd822bbbfe52f2a2e6e2005892,0.01103950198739767,QISKIT_AER_STATEVECTOR,4,0.054190124035812914,0.9965856807867967,0.9999999999999977,1.808848450259358e-15,2.3314683517128287e-15
q14_m256_j6,14,16384,16384,256,6,EQ,d9e05b4654ca760749d06a9ac23b3a5f9c0b02fd822bbbfe52f2a2e6e2005892,0.01103950198739767,QISKIT_AER_STATEVECTOR,5,0.053244883893057704,0.9965856807867967,0.9999999999999977,1.808848450259358e-15,2.3314683517128287e-15
q14_m256_j6,14,16384,16384,256,6,EQ,d9e05b4654ca760749d06a9ac23b3a5f9c0b02fd822bbbfe52f2a2e6e2005892,0.01103950198739767,QISKIT_AER_STATEVECTOR,6,0.054023560020141304,0.9965856807867967,0.9999999999999977,1.808848450259358e-15,2.3314683517128287e-15
q14_m256_j6,14,16384,16384,256,6,EQ,d9e05b4654ca760749d06a9ac23b3a5f9c0b02fd822bbbfe52f2a2e6e2005892,0.01103950198739767,QISKIT_AER_STATEVECTOR,7,0.06162211997434497,0.9965856807867967,0.9999999999999977,1.808848450259358e-15,2.3314683517128287e-15
q14_m256_j6,14,16384,16384,256,6,EQ,d9e05b4654ca760749d06a9ac23b3a5f9c0b02fd822bbbfe52f2a2e6e2005892,0.01103950198739767,QISKIT_AER_STATEVECTOR,8,0.07792846101801842,0.9965856807867967,0.9999999999999977,1.808848450259358e-15,2.3314683517128287e-15
q14_m256_j6,14,16384,16384,256,6,EQ,d9e05b4654ca760749d06a9ac23b3a5f9c0b02fd822bbbfe52f2a2e6e2005892,0.01103950198739767,QISKIT_AER_STATEVECTOR,9,0.09988922497723252,0.9965856807867967,0.9999999999999977,1.808848450259358e-15,2.3314683517128287e-15
