scenario_id,qubits,N,data_count,target_count,requested_j,predicate_mode,target_mask_sha256,shared_input_prepare_seconds,backend,sample_count,median_seconds,p95_seconds,min_seconds,max_seconds,build_seconds,transpile_seconds,transpiled_depth,cold_start_total_seconds
q8_m1_j12,8,256,256,1,12,EQ,d577b6dfa736657f93c3223b466c256c988d5eb5f02cc27ad47f92c1406f7dd2,1.689803320914507e-05,NUMPY_FLOAT64,10,0.00045794103061780334,0.000669294031104073,0.00034557702019810677,0.0006747259758412838,,,,
q8_m1_j12,8,256,256,1,12,EQ,d577b6dfa736657f93c3223b466c256c988d5eb5f02cc27ad47f92c1406f7dd2,1.689803320914507e-05,QISKIT_AER_STATEVECTOR,10,0.005515014985576272,0.008818070671986788,0.00444617704488337,0.008848141063936055,0.0037782229483127594,0.11127313098404557,49,0.1205663689179346
q8_m4_j6,8,256,256,4,6,EQ,2c37c27dc27c989cd1c0ce391e96e8b6c6c3b8f099114bd196ba6e24cbcf239b,5.381996743381023e-06,NUMPY_FLOAT64,10,0.000177207519300282,0.00024201823980547475,0.00017229910008609295,0.00029059802182018757,,,,
q8_m4_j6,8,256,256,4,6,EQ,2c37c27dc27c989cd1c0ce391e96e8b6c6c3b8f099114bd196ba6e24cbcf239b,5.381996743381023e-06,QISKIT_AER_STATEVECTOR,10,0.0036321079824119806,0.004925408156123012,0.0027164960047230124,0.00497812288813293,0.0019861659966409206,0.07364802702795714,25,0.07926630100701004
q8_m16_j3,8,256,256,16,3,EQ,5612911632a875a572c7dd19a148e1cde73854812fa69e10f93cf24bd9dee479,5.7319412007927895e-06,NUMPY_FLOAT64,10,0.00019523105584084988,0.0002033646567724645,9.88229876384139e-05,0.00020479701925069094,,,,
q8_m16_j3,8,256,256,16,3,EQ,5612911632a875a572c7dd19a148e1cde73854812fa69e10f93cf24bd9dee479,5.7319412007927895e-06,QISKIT_AER_STATEVECTOR,10,0.0016361215384677052,0.0020851340261287985,0.0015116529539227486,0.002128635998815298,0.0013232870260253549,0.07156135200057179,13,0.07452076056506485
q8_m64_j1,8,256,256,64,1,EQ,b8a63a62f6097f15c8e3345e42bc482129e8df77fbc8e7393435006f9352f641,4.966044798493385e-06,NUMPY_FLOAT64,10,4.951702430844307e-05,9.800139814615245e-05,4.7595007345080376e-05,0.00011975306551903486,,,,
q8_m64_j1,8,256,256,64,1,EQ,b8a63a62f6097f15c8e3345e42bc482129e8df77fbc8e7393435006f9352f641,4.966044798493385e-06,QISKIT_AER_STATEVECTOR,10,0.0007719910354353487,0.0007792990771122276,0.0007399549940600991,0.0007796910358592868,0.0006845749448984861,0.06623153400141746,5,0.06768809998175129
q8_m256_j0,8,256,256,256,0,EQ,2661920f2409dd6c8adeb0c44972959f232b6429afa913845d0fd95e7e768234,4.698988050222397e-06,NUMPY_FLOAT64,10,2.1064479369670153e-05,2.5512604042887685e-05,1.9814004190266132e-05,2.6913010515272617e-05,,,,
q8_m256_j0,8,256,256,256,0,EQ,2661920f2409dd6c8adeb0c44972959f232b6429afa913845d0fd95e7e768234,4.698988050222397e-06,QISKIT_AER_STATEVECTOR,10,0.00039749505231156945,0.0005021062272135168,0.0003881680313497782,0.0005191949894651771,0.0004175460198894143,0.08744460204616189,1,0.08825964311836287
q10_m1_j25,10,1024,1024,1,25,EQ,91fd9dbe4d5a5fd8a32c47425d44e07358443d88ddc196ecd52b491fd32382b9,5.814945325255394e-06,NUMPY_FLOAT64,10,0.0007832605042494833,0.0009348410007078198,0.0007802329491823912,0.001048011938109994,,,,
q10_m1_j25,10,1024,1024,1,25,EQ,91fd9dbe4d5a5fd8a32c47425d44e07358443d88ddc196ecd52b491fd32382b9,5.814945325255394e-06,QISKIT_AER_STATEVECTOR,10,0.036147286009509116,0.03949364759027958,0.020305305952206254,0.03951951896306127,0.019635000033304095,0.07946234697010368,101,0.1352446330129169
q10_m4_j12,10,1024,1024,4,12,EQ,4c20682ae214faba016a81eb6afc295199358426f32ac7e6d534b17e9e2c0384,1.0004965588450432e-05,NUMPY_FLOAT64,10,0.0007347154896706343,0.0007515283650718629,0.0007199400570243597,0.0007525850087404251,,,,
q10_m4_j12,10,1024,1024,4,12,EQ,4c20682ae214faba016a81eb6afc295199358426f32ac7e6d534b17e9e2c0384,1.0004965588450432e-05,QISKIT_AER_STATEVECTOR,10,0.01341290056006983,0.01681964343297295,0.009892507921904325,0.018029994913376868,0.017648358014412224,0.07162249507382512,49,0.10268375364830717
q10_m16_j6,10,1024,1024,16,6,EQ,7751ebb6459f30381c538982485f2bb82559c28fac40db963ac55efeaa4e0a42,9.36200376600027e-06,NUMPY_FLOAT64,10,0.00039938947884365916,0.0004123004095163196,0.0003362019779160619,0.00041566998697817326,,,,
q10_m16_j6,10,1024,1024,16,6,EQ,7751ebb6459f30381c538982485f2bb82559c28fac40db963ac55efeaa4e0a42,9.36200376600027e-06,QISKIT_AER_STATEVECTOR,10,0.006782293494325131,0.010044609964825212,0.005252360017038882,0.010069989948533475,0.009765541995875537,0.09278282802551985,25,0.10933066351572052
q10_m64_j3,10,1024,1024,64,3,EQ,38e97df0f61a94a065658d880453275de895d6dd67d63dd5088a2b5482f07998,9.796000085771084e-06,NUMPY_FLOAT64,10,0.00016842351760715246,0.00021087585482746358,0.00014401297084987164,0.00022791605442762375,,,,
q10_m64_j3,10,1024,1024,64,3,EQ,38e97df0f61a94a065658d880453275de895d6dd67d63dd5088a2b5482f07998,9.796000085771084e-06,QISKIT_AER_STATEVECTOR,10,0.004858000029344112,0.005164088413584978,0.002784605952911079,0.005174226011149585,0.0030959430150687695,0.06847869092598557,13,0.07643263397039846
q10_m256_j1,10,1024,1024,256,1,EQ,707c273223d3cd54d5745f1645be1cb857dfa801a853fbebd84069e057fc5bcf,9.214971214532852e-06,NUMPY_FLOAT64,10,8.508196333423257e-05,0.0001082899572793394,5.393405444920063e-05,0.00012316694483160973,,,,
q10_m256_j1,10,1024,1024,256,1,EQ,707c273223d3cd54d5745f1645be1cb857dfa801a853fbebd84069e057fc5bcf,9.214971214532852e-06,QISKIT_AER_STATEVECTOR,10,0.0025074854493141174,0.0025543425348587335,0.0016603670082986355,0.00256788800470531,0.0025749399792402983,0.08799799799453467,5,0.09308042342308909
q12_m1_j50,12,4096,4096,1,50,EQ,f0c500e2401e1aee33d11ae25ae14e574820fbdb1731670af1888f88f3c17794,5.2209943532943726e-06,NUMPY_FLOAT64,10,0.0018337250221520662,0.0022378990019205954,0.001777424942702055,0.0023582469439134,,,,
q12_m1_j50,12,4096,4096,1,50,EQ,f0c500e2401e1aee33d11ae25ae14e574820fbdb1731670af1888f88f3c17794,5.2209943532943726e-06,QISKIT_AER_STATEVECTOR,10,0.19011972448788583,0.22786700146389194,0.1310603650053963,0.2296795699512586,0.20827449101489037,0.21135881810914725,201,0.6097530336119235
q12_m4_j25,12,4096,4096,4,25,EQ,4c761b8e6b14848b7d3bd50829f49b544b7d62932fdc00f8b8895146a81d86a4,6.393063813447952e-06,NUMPY_FLOAT64,10,0.0009216484613716602,0.0012279672955628484,0.0008803240489214659,0.0012394989607855678,,,,
q12_m4_j25,12,4096,4096,4,25,EQ,4c761b8e6b14848b7d3bd50829f49b544b7d62932fdc00f8b8895146a81d86a4,6.393063813447952e-06,QISKIT_AER_STATEVECTOR,10,0.07403972093015909,0.10312186473165635,0.06444056099280715,0.11464434606023133,0.07830331800505519,0.1067609399324283,101,0.2591039788676426
q12_m16_j12,12,4096,4096,16,12,EQ,0c09d479507d1b528840be7d70dc7b29a76caa71834d679e754301ef00be1480,1.027202233672142e-05,NUMPY_FLOAT64,10,0.0008747389656491578,0.0008983517705928534,0.0008369010174646974,0.0009006310719996691,,,,
q12_m16_j12,12,4096,4096,16,12,EQ,0c09d479507d1b528840be7d70dc7b29a76caa71834d679e754301ef00be1480,1.027202233672142e-05,QISKIT_AER_STATEVECTOR,10,0.04481598502025008,0.058225989906350153,0.029949954012408853,0.058282851008698344,0.05889626406133175,0.1602002299623564,49,0.2639124790439382
q12_m64_j6,12,4096,4096,64,6,EQ,c7e9d793e04b64acf3b0017fefa2cfecf1f7289b73b621abeaa80bb86b42fdb1,1.0313000530004501e-05,NUMPY_FLOAT64,10,0.00024102750467136502,0.00025065276422537864,0.0002333309967070818,0.00025199109222739935,,,,
q12_m64_j6,12,4096,4096,64,6,EQ,c7e9d793e04b64acf3b0017fefa2cfecf1f7289b73b621abeaa80bb86b42fdb1,1.0313000530004501e-05,QISKIT_AER_STATEVECTOR,10,0.01584518898744136,0.020035467646084725,0.01463653496466577,0.020233495975844562,0.021010860102251172,0.1059968100162223,25,0.14285285910591483
q12_m256_j3,12,4096,4096,256,3,EQ,76c67fd653b6a3c7a6fe75f038234dee73b60c9ec5e009526f7d77e3e22af09b,6.00994098931551e-06,NUMPY_FLOAT64,10,0.00017105351435020566,0.00027964640758000315,0.00013354304246604443,0.00028249400202184916,,,,
q12_m256_j3,12,4096,4096,256,3,EQ,76c67fd653b6a3c7a6fe75f038234dee73b60c9ec5e009526f7d77e3e22af09b,6.00994098931551e-06,QISKIT_AER_STATEVECTOR,10,0.013886722503229976,0.01499787793145515,0.00794573500752449,0.015171419945545495,0.012135330005548894,0.06922600802499801,13,0.09524806053377688
q14_m1_j100,14,16384,16384,1,100,EQ,dfc53015b39cdf85a8eec8608cd7413330a8e260e8954bc315aedd85bd8954a0,0.011721653980202973,NUMPY_FLOAT64,10,0.005345666490029544,0.008657835097983476,0.005136125022545457,0.009699293063022196,,,,
q14_m1_j100,14,16384,16384,1,100,EQ,dfc53015b39cdf85a8eec8608cd7413330a8e260e8954bc315aedd85bd8954a0,0.011721653980202973,QISKIT_AER_STATEVECTOR,10,1.3633396989898756,1.4617042376485188,1.245904144947417,1.4728502030484378,1.7587881130166352,2.8099250209052116,401,5.932052832911722
q14_m4_j50,14,16384,16384,4,50,EQ,80e9aae098cfa2cecce0f03aeb6d3a938062ea631606f4ad7b815a5aa7e6a063,0.013564835069701076,NUMPY_FLOAT64,10,0.003036255482584238,0.004089078900869935,0.0028477299492806196,0.004322511027567089,,,,
q14_m4_j50,14,16384,16384,4,50,EQ,80e9aae098cfa2cecce0f03aeb6d3a938062ea631606f4ad7b815a5aa7e6a063,0.013564835069701076,QISKIT_AER_STATEVECTOR,10,0.6297390299732797,0.6902224628720433,0.5841738189337775,0.6924841119907796,1.0462375599890947,0.7430514439474791,201,2.4190280339098535
q14_m16_j25,14,16384,16384,16,25,EQ,b8610f79f5f7a24bb7733232f1647b5ac02ea5f0df70594fa23c2485ef968c92,0.014859110000543296,NUMPY_FLOAT64,10,0.0025504559744149446,0.003957059327512979,0.0015687319682911038,0.0039586370112374425,,,,
q14_m16_j25,14,16384,16384,16,25,EQ,b8610f79f5f7a24bb7733232f1647b5ac02ea5f0df70594fa23c2485ef968c92,0.014859110000543296,QISKIT_AER_STATEVECTOR,10,0.347129613510333,0.39126837397925557,0.2873252929421142,0.3934072370175272,0.6022010799497366,0.2878761839820072,101,1.2372068774420768
q14_m64_j12,14,16384,16384,64,12,EQ,ec375bd6c258d4933b0cf68867f4c2acb9c76f6d816a0bd8859c3093dcd33298,0.017798790941014886,NUMPY_FLOAT64,10,0.0008895869832485914,0.002120045234914868,0.0007335540140047669,0.002665177918970585,,,,
q14_m64_j12,14,16384,16384,64,12,EQ,ec375bd6c258d4933b0cf68867f4c2acb9c76f6d816a0bd8859c3093dcd33298,0.017798790941014886,QISKIT_AER_STATEVECTOR,10,0.15862041496438906,0.19907515590894034,0.14396320597734302,0.20300396101083606,0.18191475793719292,0.16624102997593582,49,0.5067762028775178
q14_m256_j6,14,16384,16384,256,6,EQ,d9e05b4654ca760749d06a9ac23b3a5f9c0b02fd822bbbfe52f2a2e6e2005892,0.01103950198739767,NUMPY_FLOAT64,10,0.000519373978022486,0.0009881609759759154,0.00035172898788005114,0.0011466550640761852,,,,
q14_m256_j6,14,16384,16384,256,6,EQ,d9e05b4654ca760749d06a9ac23b3a5f9c0b02fd822bbbfe52f2a2e6e2005892,0.01103950198739767,QISKIT_AER_STATEVECTOR,10,0.07621236948762089,0.12225887498352675,0.053244883893057704,0.12740345497149974,0.10912346304394305,0.32783209695480764,25,0.5131679294863716
