m,seed_idx,mode,result_index,trial,l_bbht,iter,cycles,policy_cycles,policy_stall,policy_actions,cold,spec,mismatch
1,0,normal,507,25,308,308,93388,0,0,0,0,0,0
1,0,k4,507,25,308,70,30913,8492,3559,899,1,25,0
1,1,normal,507,15,23,23,13104,0,0,0,0,0,0
1,1,k4,507,15,23,9,7857,2382,197,325,1,15,0
1,2,normal,507,22,181,181,58194,0,0,0,0,0,0
1,2,k4,507,22,181,40,18591,4109,355,653,1,22,0
1,3,normal,507,25,239,239,75108,0,0,0,0,0,0
1,3,k4,507,25,239,53,23259,5294,403,864,1,25,0
1,4,normal,507,24,240,240,74800,0,0,0,0,0,0
1,4,k4,507,24,240,58,24374,5401,633,828,1,24,0
1,5,normal,507,23,155,155,51926,0,0,0,0,0,0
1,5,k4,507,23,155,41,19287,4766,285,793,1,23,0
1,6,normal,507,9,14,14,7881,0,0,0,0,0,0
1,6,k4,507,9,14,4,4340,1320,95,172,1,9,0
1,7,normal,507,23,180,180,58433,0,0,0,0,0,0
1,7,k4,507,23,180,52,22217,4821,283,803,1,23,0
1,8,normal,507,26,261,261,81460,0,0,0,0,0,0
1,8,k4,507,26,261,85,32101,6300,358,1063,1,26,0
1,9,normal,507,24,148,148,50443,0,0,0,0,0,0
1,9,k4,507,24,148,68,26778,4282,245,609,1,24,0
1,10,normal,507,20,93,93,33974,0,0,0,0,0,0
1,10,k4,507,20,93,31,15553,4049,223,630,1,20,0
1,11,normal,507,23,175,175,57084,0,0,0,0,0,0
1,11,k4,507,23,175,45,23224,7909,3177,712,1,23,0
1,12,normal,507,18,42,42,19524,0,0,0,0,0,0
1,12,k4,507,18,42,12,9772,2844,301,371,1,18,0
1,13,normal,507,24,218,218,69025,0,0,0,0,0,0
1,13,k4,507,24,218,55,23343,5333,221,851,1,24,0
1,14,normal,507,21,133,133,45032,0,0,0,0,0,0
1,14,k4,507,21,133,37,17504,3938,384,603,1,21,0
1,15,normal,507,27,333,333,100950,0,0,0,0,0,0
1,15,k4,507,27,333,115,40873,6601,637,1142,1,27,0
1,16,normal,507,25,225,225,71356,0,0,0,0,0,0
1,16,k4,507,25,225,45,20852,6042,156,1000,1,25,0
1,17,normal,507,25,152,152,51927,0,0,0,0,0,0
1,17,k4,507,25,152,45,21362,6258,619,1097,1,25,0
1,18,normal,507,24,216,216,68550,0,0,0,0,0,0
1,18,k4,507,24,216,73,28191,5610,369,982,1,24,0
1,19,normal,507,22,122,122,42602,0,0,0,0,0,0
1,19,k4,507,22,122,47,20245,4061,105,568,1,22,0
1,20,normal,507,27,311,311,95060,0,0,0,0,0,0
1,20,k4,507,27,311,109,38608,5429,282,859,1,27,0
1,21,normal,507,26,200,200,65073,0,0,0,0,0,0
1,21,k4,507,26,200,68,30091,9175,2823,941,1,26,0
1,22,normal,507,15,37,37,16773,0,0,0,0,0,0
1,22,k4,507,15,37,9,7763,2720,140,425,1,15,0
1,23,normal,507,23,141,141,48246,0,0,0,0,0,0
1,23,k4,507,23,141,35,17822,5485,378,946,1,23,0
1,24,normal,507,21,159,159,51947,0,0,0,0,0,0
1,24,k4,507,21,159,40,18164,5149,212,942,1,21,0
1,25,normal,507,25,210,210,67232,0,0,0,0,0,0
1,25,k4,507,25,210,79,30150,5373,593,853,1,25,0
1,26,normal,507,27,215,215,69521,0,0,0,0,0,0
1,26,k4,507,27,215,66,26972,5496,146,862,1,27,0
1,27,normal,507,24,174,174,57276,0,0,0,0,0,0
1,27,k4,507,24,174,41,19649,4903,461,733,1,24,0
1,28,normal,507,25,256,256,79491,0,0,0,0,0,0
1,28,k4,507,25,256,65,26185,5093,138,876,1,25,0
1,29,normal,507,21,133,133,45055,0,0,0,0,0,0
1,29,k4,507,21,133,39,17889,3772,208,558,1,21,0
1,30,normal,507,19,63,63,25497,0,0,0,0,0,0
1,30,k4,507,19,63,26,13994,3553,522,574,1,19,0
1,31,normal,507,27,273,273,84947,0,0,0,0,0,0
1,31,k4,507,27,273,80,30900,6740,302,1198,1,27,0
1,32,normal,507,22,93,93,34902,0,0,0,0,0,0
1,32,k4,507,22,93,26,17472,6855,2920,485,1,22,0
1,33,normal,507,19,93,93,33377,0,0,0,0,0,0
1,33,k4,507,19,93,27,13847,4170,180,725,1,19,0
1,34,normal,507,27,290,290,89406,0,0,0,0,0,0
1,34,k4,507,27,290,107,38319,5701,610,889,1,27,0
1,35,normal,507,16,40,40,18098,0,0,0,0,0,0
1,35,k4,507,16,40,12,9102,2264,281,357,1,16,0
1,36,normal,507,24,229,229,71990,0,0,0,0,0,0
1,36,k4,507,24,229,55,23206,4616,165,683,1,24,0
1,37,normal,507,23,169,169,55572,0,0,0,0,0,0
1,37,k4,507,23,169,44,20205,4247,343,672,1,23,0
1,38,normal,507,21,123,123,42506,0,0,0,0,0,0
1,38,k4,507,21,123,29,15413,3770,152,515,1,21,0
1,39,normal,507,21,105,105,37757,0,0,0,0,0,0
1,39,k4,507,21,105,30,15844,4069,428,627,1,21,0
1,40,normal,507,18,48,48,21090,0,0,0,0,0,0
1,40,k4,507,18,48,13,10052,3142,338,474,1,18,0
1,41,normal,507,24,196,196,63134,0,0,0,0,0,0
1,41,k4,507,24,196,78,29861,5845,697,1059,1,24,0
1,42,normal,507,21,126,126,43228,0,0,0,0,0,0
1,42,k4,507,21,126,35,16969,3689,324,548,1,21,0
1,43,normal,507,28,252,252,79927,0,0,0,0,0,0
1,43,k4,507,28,252,57,28600,8911,3544,858,1,28,0
1,44,normal,507,28,368,368,110654,0,0,0,0,0,0
1,44,k4,507,28,368,118,41357,6340,155,1031,1,28,0
1,45,normal,507,21,131,131,44490,0,0,0,0,0,0
1,45,k4,507,21,131,33,16261,3993,215,648,1,21,0
1,46,normal,507,20,96,96,34808,0,0,0,0,0,0
1,46,k4,507,20,96,21,12691,3809,103,591,1,20,0
1,47,normal,507,21,120,120,41591,0,0,0,0,0,0
1,47,k4,507,21,120,26,14536,3525,325,445,1,21,0
1,48,normal,507,25,157,157,53381,0,0,0,0,0,0
1,48,k4,507,25,157,37,19236,5334,484,892,1,25,0
1,49,normal,507,23,148,148,50019,0,0,0,0,0,0
1,49,k4,507,23,148,40,18920,3949,239,545,1,23,0
1,50,normal,507,26,275,275,85009,0,0,0,0,0,0
1,50,k4,507,26,275,66,26711,5832,172,1073,1,26,0
1,51,normal,507,22,122,122,42502,0,0,0,0,0,0
1,51,k4,507,22,122,23,14212,4236,532,615,1,22,0
1,52,normal,507,26,256,256,79932,0,0,0,0,0,0
1,52,k4,507,26,256,89,32999,5592,268,979,1,26,0
1,53,normal,507,24,167,167,55526,0,0,0,0,0,0
1,53,k4,507,24,167,43,20229,8097,142,783,1,24,0
1,54,normal,507,25,283,283,86727,0,0,0,0,0,0
1,54,k4,507,25,283,71,27948,5890,230,1023,1,25,0
1,55,normal,507,26,269,269,83461,0,0,0,0,0,0
1,55,k4,507,26,269,83,31429,4841,220,709,1,26,0
1,56,normal,507,23,142,142,48367,0,0,0,0,0,0
1,56,k4,507,23,142,55,22734,4654,140,769,1,23,0
1,57,normal,507,24,241,241,75057,0,0,0,0,0,0
1,57,k4,507,24,241,67,26272,5383,160,935,1,24,0
1,58,normal,507,28,369,369,110846,0,0,0,0,0,0
1,58,k4,507,28,369,134,46144,6281,775,1009,1,28,0
1,59,normal,507,24,141,141,48642,0,0,0,0,0,0
1,59,k4,507,24,141,33,17627,5003,319,790,1,24,0
1,60,normal,507,21,135,135,45633,0,0,0,0,0,0
1,60,k4,507,21,135,33,16790,4479,649,675,1,21,0
1,61,normal,507,27,306,306,93683,0,0,0,0,0,0
1,61,k4,507,27,306,97,36141,5907,916,942,1,27,0
1,62,normal,507,24,196,196,63138,0,0,0,0,0,0
1,62,k4,507,24,196,44,20301,5063,284,819,1,24,0
1,63,normal,507,19,67,67,26612,0,0,0,0,0,0
1,63,k4,507,19,67,14,10442,2899,103,380,1,19,0
1,64,normal,507,23,129,129,44879,0,0,0,0,0,0
1,64,k4,507,23,129,37,21751,8108,3706,833,1,23,0
1,65,normal,507,26,277,277,85473,0,0,0,0,0,0
1,65,k4,507,26,277,94,34133,5407,111,874,1,26,0
1,66,normal,507,15,45,45,18967,0,0,0,0,0,0
1,66,k4,507,15,45,12,8864,2776,368,429,1,15,0
1,67,normal,507,22,105,105,38126,0,0,0,0,0,0
1,67,k4,507,22,105,48,20891,4674,197,758,1,22,0
1,68,normal,507,26,239,239,75659,0,0,0,0,0,0
1,68,k4,507,26,239,80,30678,5032,247,786,1,26,0
1,69,normal,507,23,160,160,53116,0,0,0,0,0,0
1,69,k4,507,23,160,56,23097,4905,259,845,1,23,0
1,70,normal,507,26,243,243,76504,0,0,0,0,0,0
1,70,k4,507,26,243,98,36016,5597,883,905,1,26,0
1,71,normal,507,25,235,235,73961,0,0,0,0,0,0
1,71,k4,507,25,235,41,19883,4818,298,703,1,25,0
1,72,normal,507,12,15,15,9580,0,0,0,0,0,0
1,72,k4,507,12,15,4,5399,1198,97,119,1,12,0
1,73,normal,507,19,49,49,21707,0,0,0,0,0,0
1,73,k4,507,19,49,13,10084,3420,145,511,1,19,0
1,74,normal,507,23,212,212,66876,0,0,0,0,0,0
1,74,k4,507,23,212,40,18918,4999,334,808,1,23,0
1,75,normal,507,15,42,42,18111,0,0,0,0,0,0
1,75,k4,507,15,42,11,11285,5618,3117,317,1,15,0
1,76,normal,507,17,64,64,24865,0,0,0,0,0,0
1,76,k4,507,17,64,19,11068,3979,100,699,1,17,0
1,77,normal,507,22,113,113,40145,0,0,0,0,0,0
1,77,k4,507,22,113,32,16190,4403,107,723,1,22,0
1,78,normal,507,31,430,430,128295,0,0,0,0,0,0
1,78,k4,507,31,430,118,43117,7236,934,1187,1,31,0
1,79,normal,507,24,138,138,47798,0,0,0,0,0,0
1,79,k4,507,24,138,54,23067,5714,233,1018,1,24,0
1,80,normal,507,27,381,381,113588,0,0,0,0,0,0
1,80,k4,507,27,381,116,40657,6236,365,1078,1,27,0
1,81,normal,507,28,300,300,92583,0,0,0,0,0,0
1,81,k4,507,28,300,95,35492,6575,559,1049,1,28,0
1,82,normal,507,27,336,336,101792,0,0,0,0,0,0
1,82,k4,507,27,336,114,40179,5694,290,909,1,27,0
1,83,normal,507,20,110,110,38527,0,0,0,0,0,0
1,83,k4,507,20,110,33,16102,4913,319,853,1,20,0
1,84,normal,507,26,277,277,85650,0,0,0,0,0,0
1,84,k4,507,26,277,91,33642,6268,228,1059,1,26,0
1,85,normal,507,22,145,145,48667,0,0,0,0,0,0
1,85,k4,507,22,145,43,21534,8044,2353,750,1,22,0
1,86,normal,507,24,200,200,64190,0,0,0,0,0,0
1,86,k4,507,24,200,64,26102,5702,656,966,1,24,0
1,87,normal,507,23,191,191,61398,0,0,0,0,0,0
1,87,k4,507,23,191,53,22218,4516,106,731,1,23,0
1,88,normal,507,24,199,199,63872,0,0,0,0,0,0
1,88,k4,507,24,199,67,26466,5439,280,923,1,24,0
1,89,normal,507,16,41,41,18363,0,0,0,0,0,0
1,89,k4,507,16,41,8,7866,2437,101,303,1,16,0
1,90,normal,507,24,174,174,57483,0,0,0,0,0,0
1,90,k4,507,24,174,71,27654,4828,311,743,1,24,0
1,91,normal,507,17,53,53,22007,0,0,0,0,0,0
1,91,k4,507,17,53,18,10968,3156,214,487,1,17,0
1,92,normal,507,20,86,86,32079,0,0,0,0,0,0
1,92,k4,507,20,86,25,13725,3815,158,564,1,20,0
1,93,normal,507,23,192,192,61624,0,0,0,0,0,0
1,93,k4,507,23,192,51,22029,4240,359,580,1,23,0
1,94,normal,507,18,62,62,24842,0,0,0,0,0,0
1,94,k4,507,18,62,27,13642,3925,168,663,1,18,0
1,95,normal,507,20,75,75,29361,0,0,0,0,0,0
1,95,k4,507,20,75,25,14386,3760,620,531,1,20,0
1,96,normal,507,24,183,183,59694,0,0,0,0,0,0
1,96,k4,507,24,183,68,27191,5492,674,846,1,24,0
1,97,normal,507,21,102,102,36836,0,0,0,0,0,0
1,97,k4,507,21,102,28,18616,7726,3723,763,1,21,0
1,98,normal,507,20,102,102,36364,0,0,0,0,0,0
1,98,k4,507,20,102,20,12484,3665,197,516,1,20,0
1,99,normal,507,27,263,263,82300,0,0,0,0,0,0
1,99,k4,507,27,263,138,46497,5763,401,935,1,27,0
4,0,normal,8685,21,119,119,41310,0,0,0,0,0,0
4,0,k4,8685,21,119,38,17656,3784,281,594,1,21,0
4,1,normal,8685,23,132,132,45827,0,0,0,0,0,0
4,1,k4,8685,23,132,43,19752,4436,228,727,1,23,0
4,2,normal,2852,19,89,89,32387,0,0,0,0,0,0
4,2,k4,2852,19,89,24,13182,3040,242,427,1,19,0
4,3,normal,2852,20,101,101,36150,0,0,0,0,0,0
4,3,k4,2852,20,101,29,15096,3901,371,595,1,20,0
4,4,normal,4724,16,47,47,19949,0,0,0,0,0,0
4,4,k4,4724,16,47,11,8698,2743,138,363,1,16,0
4,5,normal,2852,20,72,72,28557,0,0,0,0,0,0
4,5,k4,2852,20,72,18,12006,3609,106,605,1,20,0
4,6,normal,507,9,14,14,7905,0,0,0,0,0,0
4,6,k4,507,9,14,4,4364,1320,95,172,1,9,0
4,7,normal,507,21,112,112,39495,0,0,0,0,0,0
4,7,k4,507,21,112,36,17274,4298,254,711,1,21,0
4,8,normal,2852,15,40,40,17674,0,0,0,0,0,0
4,8,k4,2852,15,40,8,7645,3091,181,520,1,15,0
4,9,normal,2852,23,94,94,35752,0,0,0,0,0,0
4,9,k4,2852,23,94,40,21476,7417,2625,589,1,23,0
4,10,normal,2852,19,65,65,26001,0,0,0,0,0,0
4,10,k4,2852,19,65,20,12200,3767,217,576,1,19,0
4,11,normal,4724,15,41,41,17833,0,0,0,0,0,0
4,11,k4,4724,15,41,10,8198,2536,308,327,1,15,0
4,12,normal,507,18,42,42,19524,0,0,0,0,0,0
4,12,k4,507,18,42,12,9770,2844,299,371,1,18,0
4,13,normal,2852,22,128,128,44341,0,0,0,0,0,0
4,13,k4,2852,22,128,44,19798,4981,181,790,1,22,0
4,14,normal,4724,17,59,59,23583,0,0,0,0,0,0
4,14,k4,4724,17,59,14,9964,2612,284,337,1,17,0
4,15,normal,8685,21,85,85,32324,0,0,0,0,0,0
4,15,k4,8685,21,85,39,18424,4503,496,729,1,21,0
4,16,normal,2852,21,116,116,40549,0,0,0,0,0,0
4,16,k4,2852,21,116,21,13063,4175,157,639,1,21,0
4,17,normal,507,24,121,121,43302,0,0,0,0,0,0
4,17,k4,507,24,121,43,20419,5357,493,896,1,24,0
4,18,normal,8685,22,116,116,41008,0,0,0,0,0,0
4,18,k4,8685,22,116,28,15329,4354,232,746,1,22,0
4,19,normal,507,21,82,82,31454,0,0,0,0,0,0
4,19,k4,507,21,82,33,16110,3892,109,546,1,21,0
4,20,normal,507,22,112,112,40021,0,0,0,0,0,0
4,20,k4,507,22,112,38,18018,3585,200,464,1,22,0
4,21,normal,2852,9,4,4,5293,0,0,0,0,0,0
4,21,k4,2852,9,4,4,4401,869,94,73,1,9,0
4,22,normal,507,15,37,37,16859,0,0,0,0,0,0
4,22,k4,507,15,37,9,7865,2720,156,425,1,15,0
4,23,normal,8685,12,21,21,11280,0,0,0,0,0,0
4,23,k4,8685,12,21,7,6310,1625,97,197,1,12,0
4,24,normal,8685,9,14,14,7963,0,0,0,0,0,0
4,24,k4,8685,9,14,4,4420,1338,93,194,1,9,0
4,25,normal,4724,19,77,77,29320,0,0,0,0,0,0
4,25,k4,4724,19,77,22,12791,3405,270,493,1,19,0
4,26,normal,2852,21,83,83,31756,0,0,0,0,0,0
4,26,k4,2852,21,83,22,13223,3709,104,539,1,21,0
4,27,normal,507,19,77,77,29333,0,0,0,0,0,0
4,27,k4,507,19,77,22,12823,3243,291,457,1,19,0
4,28,normal,2852,23,142,142,48307,0,0,0,0,0,0
4,28,k4,2852,23,142,32,16718,4901,146,836,1,23,0
4,29,normal,2852,18,62,62,24890,0,0,0,0,0,0
4,29,k4,2852,18,62,21,12135,2949,209,406,1,18,0
4,30,normal,2852,20,80,80,30505,0,0,0,0,0,0
4,30,k4,2852,20,80,26,14379,3773,529,618,1,20,0
4,31,normal,4724,10,14,14,8415,0,0,0,0,0,0
4,31,k4,4724,10,14,4,4745,1335,93,163,1,10,0
4,32,normal,4724,21,70,70,28374,0,0,0,0,0,0
4,32,k4,4724,21,70,26,14350,3384,106,445,1,21,0
4,33,normal,8685,20,98,98,35271,0,0,0,0,0,0
4,33,k4,8685,20,98,31,15309,4584,136,808,1,20,0
4,34,normal,8685,11,17,17,9610,0,0,0,0,0,0
4,34,k4,8685,11,17,4,5026,1391,97,153,1,11,0
4,35,normal,8685,18,73,73,27831,0,0,0,0,0,0
4,35,k4,8685,18,73,17,11225,2907,337,476,1,18,0
4,36,normal,4724,17,47,47,20562,0,0,0,0,0,0
4,36,k4,4724,17,47,18,14044,6020,3141,352,1,17,0
4,37,normal,507,20,85,85,31953,0,0,0,0,0,0
4,37,k4,507,20,85,32,16013,3504,319,533,1,20,0
4,38,normal,8685,16,54,54,21839,0,0,0,0,0,0
4,38,k4,8685,16,54,14,9489,2691,101,350,1,16,0
4,39,normal,4724,18,71,71,27355,0,0,0,0,0,0
4,39,k4,4724,18,71,22,12564,2893,295,394,1,18,0
4,40,normal,507,18,48,48,21126,0,0,0,0,0,0
4,40,k4,507,18,48,13,10080,3142,330,474,1,18,0
4,41,normal,2852,12,14,14,9269,0,0,0,0,0,0
4,41,k4,2852,12,14,7,6211,1631,158,210,1,12,0
4,42,normal,2852,15,34,34,15990,0,0,0,0,0,0
4,42,k4,2852,15,34,12,8672,2165,244,288,1,15,0
4,43,normal,4724,19,98,98,34913,0,0,0,0,0,0
4,43,k4,4724,19,98,20,12505,3316,478,466,1,19,0
4,44,normal,2852,21,123,123,42358,0,0,0,0,0,0
4,44,k4,2852,21,123,32,15921,3963,144,545,1,21,0
4,45,normal,2852,20,102,102,36301,0,0,0,0,0,0
4,45,k4,2852,20,102,33,15894,3665,227,588,1,20,0
4,46,normal,507,18,68,68,26524,0,0,0,0,0,0
4,46,k4,507,18,68,18,11278,3309,101,499,1,18,0
4,47,normal,8685,19,76,76,29001,0,0,0,0,0,0
4,47,k4,8685,19,76,26,13855,3237,324,400,1,19,0
4,48,normal,2852,22,95,95,35613,0,0,0,0,0,0
4,48,k4,2852,22,95,35,17637,4111,380,627,1,22,0
4,49,normal,507,16,44,44,19104,0,0,0,0,0,0
4,49,k4,507,16,44,12,11215,5399,2446,235,1,16,0
4,50,normal,8685,12,9,9,7970,0,0,0,0,0,0
4,50,k4,8685,12,9,2,4849,1388,99,143,1,12,0
4,51,normal,4724,21,111,111,39172,0,0,0,0,0,0
4,51,k4,4724,21,111,23,13927,4131,537,601,1,21,0
4,52,normal,2852,18,73,73,27816,0,0,0,0,0,0
4,52,k4,2852,18,73,21,12037,2957,102,434,1,18,0
4,53,normal,4724,20,77,77,29789,0,0,0,0,0,0
4,53,k4,4724,20,77,26,14198,4249,140,689,1,20,0
4,54,normal,2852,24,217,217,68726,0,0,0,0,0,0
4,54,k4,2852,24,217,66,26234,5600,229,973,1,24,0
4,55,normal,507,23,124,124,43667,0,0,0,0,0,0
4,55,k4,507,23,124,52,22183,3811,187,526,1,23,0
4,56,normal,8685,19,59,59,24530,0,0,0,0,0,0
4,56,k4,8685,19,59,21,12343,3062,111,473,1,19,0
4,57,normal,4724,22,166,166,54250,0,0,0,0,0,0
4,57,k4,4724,22,166,42,19001,4936,204,860,1,22,0
4,58,normal,507,21,97,97,35487,0,0,0,0,0,0
4,58,k4,507,21,97,21,13306,3597,302,500,1,21,0
4,59,normal,2852,20,86,86,32233,0,0,0,0,0,0
4,59,k4,2852,20,86,25,13965,3571,117,507,1,20,0
4,60,normal,507,18,84,84,30707,0,0,0,0,0,0
4,60,k4,507,18,84,23,12932,3479,483,507,1,18,0
4,61,normal,507,22,123,123,42877,0,0,0,0,0,0
4,61,k4,507,22,123,48,22695,7757,2153,701,1,22,0
4,62,normal,2852,23,153,153,51375,0,0,0,0,0,0
4,62,k4,2852,23,153,34,17395,4780,273,764,1,23,0
4,63,normal,2852,18,54,54,22733,0,0,0,0,0,0
4,63,k4,2852,18,54,11,9335,2624,102,329,1,18,0
4,64,normal,507,19,64,64,25841,0,0,0,0,0,0
4,64,k4,507,19,64,16,11378,3282,350,489,1,19,0
4,65,normal,8685,23,131,131,45343,0,0,0,0,0,0
4,65,k4,8685,23,131,64,25113,4568,108,723,1,23,0
4,66,normal,4724,25,172,172,57338,0,0,0,0,0,0
4,66,k4,4724,25,172,65,26681,5237,404,867,1,25,0
4,67,normal,8685,16,30,30,15356,0,0,0,0,0,0
4,67,k4,8685,16,30,9,8253,2882,184,425,1,16,0
4,68,normal,2852,21,81,81,31300,0,0,0,0,0,0
4,68,k4,2852,21,81,31,15824,3687,250,537,1,21,0
4,69,normal,8685,22,106,106,38347,0,0,0,0,0,0
4,69,k4,8685,22,106,27,15076,4469,259,740,1,22,0
4,70,normal,2852,23,119,119,42300,0,0,0,0,0,0
4,70,k4,2852,23,119,42,19849,4566,535,696,1,23,0
4,71,normal,2852,22,124,124,43131,0,0,0,0,0,0
4,71,k4,2852,22,124,40,18572,4120,294,593,1,22,0
4,72,normal,507,12,15,15,9580,0,0,0,0,0,0
4,72,k4,507,12,15,4,5399,1198,97,119,1,12,0
4,73,normal,2852,20,66,66,26719,0,0,0,0,0,0
4,73,k4,2852,20,66,18,14253,6974,2601,562,1,20,0
4,74,normal,507,21,145,145,48162,0,0,0,0,0,0
4,74,k4,507,21,145,33,16198,4299,182,664,1,21,0
4,75,normal,2852,9,9,9,6587,0,0,0,0,0,0
4,75,k4,2852,9,9,4,4368,922,94,70,1,9,0
4,76,normal,2852,16,47,47,19926,0,0,0,0,0,0
4,76,k4,2852,16,47,13,9166,3634,99,630,1,16,0
4,77,normal,507,18,67,67,26086,0,0,0,0,0,0
4,77,k4,507,18,67,22,12159,2939,103,419,1,18,0
4,78,normal,4724,25,177,177,58613,0,0,0,0,0,0
4,78,k4,4724,25,177,69,27697,5453,529,856,1,25,0
4,79,normal,2852,22,90,90,34155,0,0,0,0,0,0
4,79,k4,2852,22,90,31,16294,5132,236,912,1,22,0
4,80,normal,8685,24,175,175,57521,0,0,0,0,0,0
4,80,k4,8685,24,175,48,21433,5264,271,893,1,24,0
4,81,normal,8685,9,12,12,7410,0,0,0,0,0,0
4,81,k4,8685,9,12,3,4131,916,94,66,1,9,0
4,82,normal,8685,12,18,18,10393,0,0,0,0,0,0
4,82,k4,8685,12,18,5,5682,1704,95,216,1,12,0
4,83,normal,8685,14,23,23,12589,0,0,0,0,0,0
4,83,k4,8685,14,23,9,7489,2613,217,408,1,14,0
4,84,normal,4724,21,132,132,44836,0,0,0,0,0,0
4,84,k4,4724,21,132,28,15187,4616,246,779,1,21,0
4,85,normal,4724,20,91,91,33525,0,0,0,0,0,0
4,85,k4,4724,20,91,29,15115,4468,232,696,1,20,0
4,86,normal,8685,21,91,91,33916,0,0,0,0,0,0
4,86,k4,8685,21,91,20,13256,4172,492,671,1,21,0
4,87,normal,4724,19,89,89,32532,0,0,0,0,0,0
4,87,k4,4724,19,89,20,15138,6583,3119,520,1,19,0
4,88,normal,8685,16,48,48,20190,0,0,0,0,0,0
4,88,k4,8685,16,48,16,10007,2794,148,381,1,16,0
4,89,normal,507,16,41,41,18377,0,0,0,0,0,0
4,89,k4,507,16,41,8,7879,2437,100,303,1,16,0
4,90,normal,8685,18,54,54,22776,0,0,0,0,0,0
4,90,k4,8685,18,54,24,12963,2825,238,370,1,18,0
4,91,normal,507,17,53,53,21994,0,0,0,0,0,0
4,91,k4,507,17,53,18,10963,3156,222,487,1,17,0
4,92,normal,2852,11,13,13,8570,0,0,0,0,0,0
4,92,k4,2852,11,13,6,5575,1571,96,183,1,11,0
4,93,normal,8685,20,96,96,34769,0,0,0,0,0,0
4,93,k4,8685,20,96,25,13996,3074,260,365,1,20,0
4,94,normal,4724,19,71,71,27654,0,0,0,0,0,0
4,94,k4,4724,19,71,27,13945,4108,169,694,1,19,0
4,95,normal,8685,17,47,47,20503,0,0,0,0,0,0
4,95,k4,8685,17,47,18,11459,2982,617,397,1,17,0
4,96,normal,8685,19,74,74,28447,0,0,0,0,0,0
4,96,k4,8685,19,74,18,11602,3262,219,483,1,19,0
4,97,normal,2852,22,124,124,43127,0,0,0,0,0,0
4,97,k4,2852,22,124,28,15686,4447,457,763,1,22,0
4,98,normal,8685,20,102,102,36398,0,0,0,0,0,0
4,98,k4,8685,20,102,20,12485,3665,164,516,1,20,0
4,99,normal,8685,16,42,42,18620,0,0,0,0,0,0
4,99,k4,8685,16,42,14,9450,2182,105,264,1,16,0
16,0,normal,4512,11,15,15,9054,0,0,0,0,0,0
16,0,k4,4512,11,15,3,4731,1082,95,86,1,11,0
16,1,normal,507,15,23,23,13144,0,0,0,0,0,0
16,1,k4,507,15,23,9,10900,5661,3200,325,1,15,0
16,2,normal,10593,17,56,56,22748,0,0,0,0,0,0
16,2,k4,10593,17,56,16,10273,2331,103,274,1,17,0
16,3,normal,5281,18,56,56,23284,0,0,0,0,0,0
16,3,k4,5281,18,56,21,12267,3456,357,526,1,18,0
16,4,normal,4512,14,27,27,13683,0,0,0,0,0,0
16,4,k4,4512,14,27,7,6914,1807,136,270,1,14,0
16,5,normal,10839,15,18,18,11848,0,0,0,0,0,0
16,5,k4,10839,15,18,5,6791,2032,122,267,1,15,0
16,6,normal,3947,17,68,68,25892,0,0,0,0,0,0
16,6,k4,3947,17,68,18,10941,3508,267,525,1,17,0
16,7,normal,5281,12,25,25,12157,0,0,0,0,0,0
16,7,k4,5281,12,25,7,6200,2033,170,304,1,12,0
16,8,normal,2852,14,32,32,15130,0,0,0,0,0,0
16,8,k4,2852,14,32,7,6995,2250,97,346,1,14,0
16,9,normal,3947,12,20,20,10931,0,0,0,0,0,0
16,9,k4,3947,12,20,6,5955,1398,95,141,1,12,0
16,10,normal,14405,15,35,35,16137,0,0,0,0,0,0
16,10,k4,14405,15,35,11,8255,2299,208,276,1,15,0
16,11,normal,1721,17,57,57,22990,0,0,0,0,0,0
16,11,k4,1721,17,57,11,9155,2939,331,402,1,17,0
16,12,normal,5281,16,28,28,14839,0,0,0,0,0,0
16,12,k4,5281,16,28,12,9058,2331,312,282,1,16,0
16,13,normal,10593,16,43,43,18917,0,0,0,0,0,0
16,13,k4,10593,16,43,10,8415,2182,100,281,1,16,0
16,14,normal,4724,19,71,71,27692,0,0,0,0,0,0
16,14,k4,4724,19,71,17,11445,2804,289,377,1,19,0
16,15,normal,14405,21,85,85,32348,0,0,0,0,0,0
16,15,k4,14405,21,85,39,18415,4503,463,729,1,21,0
16,16,normal,10931,13,30,30,14052,0,0,0,0,0,0
16,16,k4,10931,13,30,8,9960,5152,3218,213,1,13,0
16,17,normal,5281,11,13,13,8564,0,0,0,0,0,0
16,17,k4,5281,11,13,4,5069,1674,126,233,1,11,0
16,18,normal,5281,14,27,27,13629,0,0,0,0,0,0
16,18,k4,5281,14,27,9,7399,2405,149,425,1,14,0
16,19,normal,10931,21,82,82,31529,0,0,0,0,0,0
16,19,k4,10931,21,82,33,16180,3892,104,546,1,21,0
16,20,normal,10931,17,58,58,23375,0,0,0,0,0,0
16,20,k4,10931,17,58,13,9670,2542,198,320,1,17,0
16,21,normal,7786,19,67,67,26710,0,0,0,0,0,0
16,21,k4,7786,19,67,18,11888,3267,254,471,1,19,0
16,22,normal,491,15,37,37,16857,0,0,0,0,0,0
16,22,k4,491,15,37,9,7819,2720,112,425,1,15,0
16,23,normal,8685,12,21,21,11316,0,0,0,0,0,0
16,23,k4,8685,12,21,7,6346,1625,97,197,1,12,0
16,24,normal,7786,16,47,47,19933,0,0,0,0,0,0
16,24,k4,7786,16,47,15,9790,3438,184,594,1,16,0
16,25,normal,491,9,6,6,5741,0,0,0,0,0,0
16,25,k4,491,9,6,2,3785,764,94,52,1,9,0
16,26,normal,4512,15,29,29,14634,0,0,0,0,0,0
16,26,k4,4512,15,29,10,7965,1882,98,194,1,15,0
16,27,normal,3947,14,32,32,15052,0,0,0,0,0,0
16,27,k4,3947,14,32,10,7898,2186,283,280,1,14,0
16,28,normal,5281,11,17,17,9575,0,0,0,0,0,0
16,28,k4,5281,11,17,5,5271,1392,110,149,1,11,0
16,29,normal,7786,14,30,30,14473,0,0,0,0,0,0
16,29,k4,7786,14,30,6,6601,1689,97,158,1,14,0
16,30,normal,3947,15,26,26,13847,0,0,0,0,0,0
16,30,k4,3947,15,26,7,7273,2233,193,304,1,15,0
16,31,normal,2852,14,35,35,15803,0,0,0,0,0,0
16,31,k4,2852,14,35,9,7403,2139,97,307,1,14,0
16,32,normal,5281,21,70,70,28313,0,0,0,0,0,0
16,32,k4,5281,21,70,26,17104,6663,2921,445,1,21,0
16,33,normal,491,13,23,23,12077,0,0,0,0,0,0
16,33,k4,491,13,23,6,6184,1462,96,164,1,13,0
16,34,normal,8685,11,17,17,9613,0,0,0,0,0,0
16,34,k4,8685,11,17,4,5029,1391,97,153,1,11,0
16,35,normal,10593,15,30,30,14922,0,0,0,0,0,0
16,35,k4,10593,15,30,12,8700,2264,280,357,1,15,0
16,36,normal,10931,7,5,5,4665,0,0,0,0,0,0
16,36,k4,10931,7,5,2,3220,672,90,48,1,7,0
16,37,normal,491,2,1,1,1192,0,0,0,0,0,0
16,37,k4,491,2,1,1,1160,219,85,12,1,2,0
16,38,normal,15288,15,40,40,17719,0,0,0,0,0,0
16,38,k4,15288,15,40,9,7872,2526,100,332,1,15,0
16,39,normal,15288,18,71,71,27328,0,0,0,0,0,0
16,39,k4,15288,18,71,22,12537,2893,295,394,1,18,0
16,40,normal,507,18,48,48,21170,0,0,0,0,0,0
16,40,k4,507,18,48,13,10124,3142,330,474,1,18,0
16,41,normal,491,14,29,29,14194,0,0,0,0,0,0
16,41,k4,491,14,29,9,7466,2326,181,361,1,14,0
16,42,normal,4512,17,57,57,22990,0,0,0,0,0,0
16,42,k4,4512,17,57,15,10137,2392,257,319,1,17,0
16,43,normal,10839,8,6,6,5343,0,0,0,0,0,0
16,43,k4,10839,8,6,3,3777,758,92,61,1,8,0
16,44,normal,2852,20,93,93,33941,0,0,0,0,0,0
16,44,k4,2852,20,93,21,12662,3800,148,525,1,20,0
16,45,normal,7786,12,21,21,11056,0,0,0,0,0,0
16,45,k4,7786,12,21,7,6083,1566,96,170,1,12,0
16,46,normal,5281,18,68,68,26417,0,0,0,0,0,0
16,46,k4,5281,18,68,18,11171,3309,101,499,1,18,0
16,47,normal,1801,15,30,30,14958,0,0,0,0,0,0
16,47,k4,1801,15,30,13,8826,2245,101,249,1,15,0
16,48,normal,15288,13,13,13,9618,0,0,0,0,0,0
16,48,k4,15288,13,13,6,6375,1446,96,138,1,13,0
16,49,normal,15288,16,44,44,19124,0,0,0,0,0,0
16,49,k4,15288,16,44,12,8888,2120,99,235,1,16,0
16,50,normal,8685,18,48,48,21080,0,0,0,0,0,0
16,50,k4,8685,18,48,16,13528,6323,3031,476,1,18,0
16,51,normal,10931,16,43,43,18798,0,0,0,0,0,0
16,51,k4,10931,16,43,9,8110,2715,173,384,1,16,0
16,52,normal,10931,16,43,43,18851,0,0,0,0,0,0
16,52,k4,10931,16,43,15,9678,2449,100,346,1,16,0
16,53,normal,1801,17,33,33,16721,0,0,0,0,0,0
16,53,k4,1801,17,33,9,8629,2843,119,438,1,17,0
16,54,normal,5281,22,121,121,42295,0,0,0,0,0,0
16,54,k4,5281,22,121,29,15650,4790,199,807,1,22,0
16,55,normal,10931,16,33,33,16325,0,0,0,0,0,0
16,55,k4,10931,16,33,8,8169,2555,197,323,1,16,0
16,56,normal,10931,10,10,10,7257,0,0,0,0,0,0
16,56,k4,10931,10,10,3,4382,981,93,76,1,10,0
16,57,normal,7786,17,61,61,24175,0,0,0,0,0,0
16,57,k4,7786,17,61,14,9844,2364,102,327,1,17,0
16,58,normal,1721,15,37,37,16813,0,0,0,0,0,0
16,58,k4,1721,15,37,12,8631,2293,173,302,1,15,0
16,59,normal,7786,16,49,49,20424,0,0,0,0,0,0
16,59,k4,7786,16,49,15,9669,2575,110,335,1,16,0
16,60,normal,7786,18,84,84,30706,0,0,0,0,0,0
16,60,k4,7786,18,84,23,12919,3479,471,507,1,18,0
16,61,normal,14405,21,83,83,31677,0,0,0,0,0,0
16,61,k4,14405,21,83,27,15071,4199,571,655,1,21,0
16,62,normal,491,19,77,77,29315,0,0,0,0,0,0
16,62,k4,491,19,77,15,10930,3476,269,532,1,19,0
16,63,normal,7786,16,42,42,18631,0,0,0,0,0,0
16,63,k4,7786,16,42,11,8661,2121,100,246,1,16,0
16,64,normal,10931,16,32,32,15960,0,0,0,0,0,0
16,64,k4,10931,16,32,12,12252,5740,3316,357,1,16,0
16,65,normal,10839,21,67,67,27514,0,0,0,0,0,0
16,65,k4,10839,21,67,27,14679,4138,106,652,1,21,0
16,66,normal,491,15,45,45,18968,0,0,0,0,0,0
16,66,k4,491,15,45,12,8834,2776,337,429,1,15,0
16,67,normal,8685,16,30,30,15363,0,0,0,0,0,0
16,67,k4,8685,16,30,9,8258,2882,182,425,1,16,0
16,68,normal,3947,21,81,81,31312,0,0,0,0,0,0
16,68,k4,3947,21,81,31,15796,3687,210,537,1,21,0
16,69,normal,5281,17,36,36,17504,0,0,0,0,0,0
16,69,k4,5281,17,36,12,9382,3223,218,497,1,17,0
16,70,normal,2852,4,3,3,2669,0,0,0,0,0,0
16,70,k4,2852,4,3,1,1861,365,89,20,1,4,0
16,71,normal,2852,16,27,27,14628,0,0,0,0,0,0
16,71,k4,2852,16,27,12,9003,2435,205,307,1,16,0
16,72,normal,491,12,15,15,9554,0,0,0,0,0,0
16,72,k4,491,12,15,4,5373,1198,97,119,1,12,0
16,73,normal,1721,17,35,35,17192,0,0,0,0,0,0
16,73,k4,1721,17,35,10,8708,2576,123,362,1,17,0
16,74,normal,10593,10,15,15,8577,0,0,0,0,0,0
16,74,k4,10593,10,15,5,4911,1153,95,99,1,10,0
16,75,normal,15288,14,31,31,14766,0,0,0,0,0,0
16,75,k4,15288,14,31,6,6631,2199,99,296,1,14,0
16,76,normal,2852,10,13,13,8083,0,0,0,0,0,0
16,76,k4,2852,10,13,4,4680,1901,93,308,1,10,0
16,77,normal,8685,15,31,31,15101,0,0,0,0,0,0
16,77,k4,8685,15,31,9,7637,1955,100,239,1,15,0
16,78,normal,15288,17,41,41,18901,0,0,0,0,0,0
16,78,k4,15288,17,41,9,8601,2622,160,350,1,17,0
16,79,normal,491,16,43,43,18816,0,0,0,0,0,0
16,79,k4,491,16,43,16,9931,2750,121,369,1,16,0
16,80,normal,491,12,16,16,9863,0,0,0,0,0,0
16,80,k4,491,12,16,5,8728,4746,3139,142,1,12,0
16,81,normal,8685,9,12,12,7409,0,0,0,0,0,0
16,81,k4,8685,9,12,3,4130,916,94,66,1,9,0
16,82,normal,8685,12,18,18,10384,0,0,0,0,0,0
16,82,k4,8685,12,18,5,5673,1704,95,216,1,12,0
16,83,normal,2852,10,12,12,7836,0,0,0,0,0,0
16,83,k4,2852,10,12,5,4964,1297,94,139,1,10,0
16,84,normal,7786,18,66,66,25863,0,0,0,0,0,0
16,84,k4,7786,18,66,23,12742,3632,238,599,1,18,0
16,85,normal,2852,18,44,44,20063,0,0,0,0,0,0
16,85,k4,2852,18,44,17,11160,3737,222,565,1,18,0
16,86,normal,7786,15,36,36,16562,0,0,0,0,0,0
16,86,k4,7786,15,36,9,8086,2982,405,470,1,15,0
16,87,normal,7786,16,46,46,19666,0,0,0,0,0,0
16,87,k4,7786,16,46,13,9163,2302,99,322,1,16,0
16,88,normal,10593,16,48,48,20144,0,0,0,0,0,0
16,88,k4,10593,16,48,16,9990,2794,177,381,1,16,0
16,89,normal,5281,14,27,27,13709,0,0,0,0,0,0
16,89,k4,5281,14,27,8,7169,2080,98,241,1,14,0
16,90,normal,5281,18,54,54,22785,0,0,0,0,0,0
16,90,k4,5281,18,54,24,12935,2825,201,370,1,18,0
16,91,normal,10931,17,53,53,22029,0,0,0,0,0,0
16,91,k4,10931,17,53,18,10987,3156,211,487,1,17,0
16,92,normal,507,20,86,86,32102,0,0,0,0,0,0
16,92,k4,507,20,86,25,13768,3815,178,564,1,20,0
16,93,normal,5281,15,45,45,19020,0,0,0,0,0,0
16,93,k4,5281,15,45,10,8240,2158,221,232,1,15,0
16,94,normal,1721,17,40,40,18502,0,0,0,0,0,0
16,94,k4,1721,17,40,14,9805,3820,167,649,1,17,0
16,95,normal,4724,10,12,12,7932,0,0,0,0,0,0
16,95,k4,4724,10,12,5,5061,1261,95,121,1,10,0
16,96,normal,4724,17,42,42,19024,0,0,0,0,0,0
16,96,k4,4724,17,42,11,12189,6369,3362,459,1,17,0
16,97,normal,1801,16,33,33,16194,0,0,0,0,0,0
16,97,k4,1801,16,33,16,10363,3181,390,520,1,16,0
16,98,normal,1801,13,20,20,11362,0,0,0,0,0,0
16,98,k4,1801,13,20,7,6530,1673,97,204,1,13,0
16,99,normal,15288,21,101,101,36622,0,0,0,0,0,0
16,99,k4,15288,21,101,31,15934,4392,207,720,1,21,0
64,0,normal,2852,6,4,4,3870,0,0,0,0,0,0
64,0,k4,2852,6,4,2,2815,593,90,42,1,6,0
64,1,normal,8685,13,14,14,9842,0,0,0,0,0,0
64,1,k4,8685,13,14,5,6068,1650,97,209,1,13,0
64,2,normal,8089,7,3,3,4058,0,0,0,0,0,0
64,2,k4,8089,7,3,2,3146,670,93,50,1,7,0
64,3,normal,4876,13,19,19,11129,0,0,0,0,0,0
64,3,k4,4876,13,19,5,6031,1533,98,182,1,13,0
64,4,normal,4720,8,4,4,4828,0,0,0,0,0,0
64,4,k4,4720,8,4,2,3524,854,91,75,1,8,0
64,5,normal,4876,18,40,40,19054,0,0,0,0,0,0
64,5,k4,4876,18,40,12,9636,3319,105,555,1,18,0
64,6,normal,7786,12,24,24,11923,0,0,0,0,0,0
64,6,k4,7786,12,24,6,5894,1999,98,276,1,12,0
64,7,normal,1801,12,25,25,12117,0,0,0,0,0,0
64,7,k4,1801,12,25,7,6191,2033,201,304,1,12,0
64,8,normal,3304,11,13,13,8622,0,0,0,0,0,0
64,8,k4,3304,11,13,5,5360,1962,94,301,1,11,0
64,9,normal,12001,1,0,0,465,0,0,0,0,0,0
64,9,k4,12001,1,0,0,555,146,84,8,1,1,0
64,10,normal,8685,5,4,4,3389,0,0,0,0,0,0
64,10,k4,8685,5,4,2,2459,438,90,24,1,5,0
64,11,normal,682,12,19,19,10528,0,0,0,0,0,0
64,11,k4,682,12,19,7,6099,1631,110,181,1,12,0
64,12,normal,26,14,20,20,11868,0,0,0,0,0,0
64,12,k4,26,14,20,10,7901,2008,290,234,1,14,0
64,13,normal,9302,11,17,17,9682,0,0,0,0,0,0
64,13,k4,9302,11,17,4,5094,1399,95,165,1,11,0
64,14,normal,14567,12,19,19,10578,0,0,0,0,0,0
64,14,k4,14567,12,19,6,5869,1322,95,117,1,12,0
64,15,normal,7400,10,7,7,6504,0,0,0,0,0,0
64,15,k4,7400,10,7,4,4689,1286,93,156,1,10,0
64,16,normal,10839,13,30,30,13929,0,0,0,0,0,0
64,16,k4,10839,13,30,8,10064,5152,3445,213,1,13,0
64,17,normal,6247,7,6,6,4876,0,0,0,0,0,0
64,17,k4,6247,7,6,2,3171,765,95,67,1,7,0
64,18,normal,14542,9,8,8,6303,0,0,0,0,0,0
64,18,k4,14542,9,8,4,4347,732,92,42,1,9,0
64,19,normal,4724,11,16,16,9373,0,0,0,0,0,0
64,19,k4,4724,11,16,6,5583,1252,94,113,1,11,0
64,20,normal,14542,13,20,20,11341,0,0,0,0,0,0
64,20,k4,14542,13,20,5,5979,1636,97,190,1,13,0
64,21,normal,11647,13,18,18,10878,0,0,0,0,0,0
64,21,k4,11647,13,18,6,6314,1900,98,249,1,13,0
64,22,normal,4724,8,6,6,5388,0,0,0,0,0,0
64,22,k4,4724,8,6,3,3824,852,94,77,1,8,0
64,23,normal,16090,10,13,13,8200,0,0,0,0,0,0
64,23,k4,16090,10,13,5,5064,1199,95,130,1,10,0
64,24,normal,2888,3,2,2,1924,0,0,0,0,0,0
64,24,k4,2888,3,2,1,1504,292,87,16,1,3,0
64,25,normal,3073,6,3,3,3543,0,0,0,0,0,0
64,25,k4,3073,6,3,2,2754,511,91,28,1,6,0
64,26,normal,8225,12,13,13,8984,0,0,0,0,0,0
64,26,k4,8225,12,13,6,5865,1487,95,148,1,12,0
64,27,normal,173,10,11,11,7570,0,0,0,0,0,0
64,27,k4,173,10,11,2,4164,947,94,83,1,10,0
64,28,normal,10593,10,14,14,8359,0,0,0,0,0,0
64,28,k4,10593,10,14,5,4980,1287,115,135,1,10,0
64,29,normal,14542,7,6,6,4813,0,0,0,0,0,0
64,29,k4,14542,7,6,2,3103,666,90,46,1,7,0
64,30,normal,3903,11,11,11,8053,0,0,0,0,0,0
64,30,k4,3903,11,11,3,4789,1132,94,95,1,11,0
64,31,normal,160,11,19,19,10157,0,0,0,0,0,0
64,31,k4,160,11,19,5,5305,1547,94,195,1,11,0
64,32,normal,4720,2,1,1,1208,0,0,0,0,0,0
64,32,k4,4720,2,1,1,1178,219,87,12,1,2,0
64,33,normal,160,4,1,1,2088,0,0,0,0,0,0
64,33,k4,160,4,1,1,1808,367,87,22,1,4,0
64,34,normal,6247,10,13,13,8087,0,0,0,0,0,0
64,34,k4,6247,10,13,4,4687,1251,96,132,1,10,0
64,35,normal,7400,13,18,18,10793,0,0,0,0,0,0
64,35,k4,7400,13,18,8,6753,1508,98,180,1,13,0
64,36,normal,5531,14,23,23,12694,0,0,0,0,0,0
64,36,k4,5531,14,23,9,7474,1931,97,234,1,14,0
64,37,normal,8225,16,28,28,14868,0,0,0,0,0,0
64,37,k4,8225,16,28,9,8439,2621,330,388,1,16,0
64,38,normal,10931,10,17,17,9277,0,0,0,0,0,0
64,38,k4,10931,10,17,5,5081,1225,95,122,1,10,0
64,39,normal,2888,11,13,13,8672,0,0,0,0,0,0
64,39,k4,2888,11,13,3,4878,1070,94,82,1,11,0
64,40,normal,11272,10,9,9,7026,0,0,0,0,0,0
64,40,k4,11272,10,9,4,7868,4487,3280,115,1,10,0
64,41,normal,4512,6,5,5,4090,0,0,0,0,0,0
64,41,k4,4512,6,5,2,2769,511,89,28,1,6,0
64,42,normal,507,10,8,8,6749,0,0,0,0,0,0
64,42,k4,507,10,8,5,4935,995,94,74,1,10,0
64,43,normal,11272,10,12,12,7833,0,0,0,0,0,0
64,43,k4,11272,10,12,5,4963,1118,94,114,1,10,0
64,44,normal,7400,11,8,8,7234,0,0,0,0,0,0
64,44,k4,7400,11,8,3,4766,1091,95,103,1,11,0
64,45,normal,7786,11,14,14,8770,0,0,0,0,0,0
64,45,k4,7786,11,14,4,4979,1491,95,164,1,11,0
64,46,normal,6247,9,10,10,6829,0,0,0,0,0,0
64,46,k4,6247,9,10,4,4343,1131,92,132,1,9,0
64,47,normal,5200,15,30,30,14938,0,0,0,0,0,0
64,47,k4,5200,15,30,13,8806,2245,101,249,1,15,0
64,48,normal,15288,13,13,13,9585,0,0,0,0,0,0
64,48,k4,15288,13,13,6,6342,1446,96,138,1,13,0
64,49,normal,10234,11,11,11,8076,0,0,0,0,0,0
64,49,k4,10234,11,11,5,5342,1287,94,117,1,11,0
64,50,normal,1038,16,32,32,15840,0,0,0,0,0,0
64,50,k4,1038,16,32,12,8807,2358,126,326,1,16,0
64,51,normal,14405,8,10,10,6281,0,0,0,0,0,0
64,51,k4,14405,8,10,3,3654,951,91,97,1,8,0
64,52,normal,16090,16,43,43,18921,0,0,0,0,0,0
64,52,k4,16090,16,43,15,9748,2449,100,346,1,16,0
64,53,normal,15469,13,21,21,11569,0,0,0,0,0,0
64,53,k4,15469,13,21,7,6471,1737,96,204,1,13,0
64,54,normal,14405,9,13,13,7564,0,0,0,0,0,0
64,54,k4,14405,9,13,4,4283,1062,92,114,1,9,0
64,55,normal,11647,2,1,1,1222,0,0,0,0,0,0
64,55,k4,11647,2,1,1,1192,219,87,12,1,2,0
64,56,normal,7786,7,4,4,4265,0,0,0,0,0,0
64,56,k4,7786,7,4,2,3085,762,90,64,1,7,0
64,57,normal,3876,12,15,15,9598,0,0,0,0,0,0
64,57,k4,3876,12,15,5,5682,1533,97,176,1,12,0
64,58,normal,8225,5,4,4,3379,0,0,0,0,0,0
64,58,k4,8225,5,4,2,2450,438,91,24,1,5,0
64,59,normal,8225,11,14,14,8925,0,0,0,0,0,0
64,59,k4,8225,11,14,4,5144,1368,105,139,1,11,0
64,60,normal,3903,2,1,1,1215,0,0,0,0,0,0
64,60,k4,3903,2,1,1,1183,219,85,12,1,2,0
64,61,normal,13012,10,13,13,8131,0,0,0,0,0,0
64,61,k4,13012,10,13,3,4461,1210,93,122,1,10,0
64,62,normal,15288,5,4,4,3432,0,0,0,0,0,0
64,62,k4,15288,5,4,2,2501,440,89,26,1,5,0
64,63,normal,14567,10,11,11,7527,0,0,0,0,0,0
64,63,k4,14567,10,11,5,4918,1227,94,130,1,10,0
64,64,normal,1801,10,10,10,7314,0,0,0,0,0,0
64,64,k4,1801,10,10,4,7799,4240,3186,70,1,10,0
64,65,normal,26,15,28,28,14348,0,0,0,0,0,0
64,65,k4,26,15,28,7,7151,2206,100,267,1,15,0
64,66,normal,9302,13,26,26,13011,0,0,0,0,0,0
64,66,k4,9302,13,26,8,6966,2154,207,334,1,13,0
64,67,normal,682,11,15,15,9033,0,0,0,0,0,0
64,67,k4,682,11,15,5,5243,1671,96,201,1,11,0
64,68,normal,1825,12,24,24,11959,0,0,0,0,0,0
64,68,k4,1825,12,24,6,5928,1471,98,139,1,12,0
64,69,normal,8225,15,23,23,13048,0,0,0,0,0,0
64,69,k4,8225,15,23,5,6642,1872,98,229,1,15,0
64,70,normal,5531,15,40,40,17610,0,0,0,0,0,0
64,70,k4,5531,15,40,12,8778,2744,312,438,1,15,0
64,71,normal,2852,16,27,27,14597,0,0,0,0,0,0
64,71,k4,2852,16,27,12,8971,2435,204,307,1,16,0
64,72,normal,13048,13,20,20,11316,0,0,0,0,0,0
64,72,k4,13048,13,20,5,6005,2004,150,326,1,13,0
64,73,normal,701,17,35,35,17188,0,0,0,0,0,0
64,73,k4,701,17,35,10,8704,2576,123,362,1,17,0
64,74,normal,507,16,48,48,20141,0,0,0,0,0,0
64,74,k4,507,16,48,13,9112,3041,101,445,1,16,0
64,75,normal,10812,7,5,5,4536,0,0,0,0,0,0
64,75,k4,10812,7,5,1,2826,676,92,48,1,7,0
64,76,normal,1801,15,36,36,16501,0,0,0,0,0,0
64,76,k4,1801,15,36,12,8513,3234,98,546,1,15,0
64,77,normal,701,8,8,8,5803,0,0,0,0,0,0
64,77,k4,701,8,8,3,3708,845,93,66,1,8,0
64,78,normal,5281,6,5,5,4103,0,0,0,0,0,0
64,78,k4,5281,6,5,2,2782,511,89,28,1,6,0
64,79,normal,8089,16,43,43,18866,0,0,0,0,0,0
64,79,k4,8089,16,43,16,10004,2750,144,369,1,16,0
64,80,normal,8799,8,4,4,4814,0,0,0,0,0,0
64,80,k4,8799,8,4,2,3510,848,91,74,1,8,0
64,81,normal,7786,7,6,6,4886,0,0,0,0,0,0
64,81,k4,7786,7,6,2,3178,742,92,52,1,7,0
64,82,normal,10234,11,15,15,9144,0,0,0,0,0,0
64,82,k4,10234,11,15,5,5352,1425,94,165,1,11,0
64,83,normal,5270,14,23,23,12638,0,0,0,0,0,0
64,83,k4,5270,14,23,9,10793,5892,3472,408,1,14,0
64,84,normal,14494,3,1,1,1691,0,0,0,0,0,0
64,84,k4,14494,3,1,1,1535,292,86,16,1,3,0
64,85,normal,5200,10,13,13,8109,0,0,0,0,0,0
64,85,k4,5200,10,13,3,4444,1240,98,142,1,10,0
64,86,normal,586,12,19,19,10696,0,0,0,0,0,0
64,86,k4,586,12,19,6,6181,2082,287,333,1,12,0
64,87,normal,10593,13,23,23,12176,0,0,0,0,0,0
64,87,k4,10593,13,23,8,6811,1618,96,198,1,13,0
64,88,normal,7786,13,25,25,12683,0,0,0,0,0,0
64,88,k4,7786,13,25,6,6267,1947,103,250,1,13,0
64,89,normal,10931,10,13,13,8203,0,0,0,0,0,0
64,89,k4,10931,10,13,5,5068,1280,94,132,1,10,0
64,90,normal,16090,13,12,12,9332,0,0,0,0,0,0
64,90,k4,16090,13,12,6,6350,1606,96,181,1,13,0
64,91,normal,13048,14,18,18,11361,0,0,0,0,0,0
64,91,k4,13048,14,18,8,7311,2120,207,319,1,14,0
64,92,normal,5341,3,1,1,1667,0,0,0,0,0,0
64,92,k4,5341,3,1,1,1513,292,88,16,1,3,0
64,93,normal,13012,10,14,14,8393,0,0,0,0,0,0
64,93,k4,13012,10,14,3,4459,1129,94,106,1,10,0
64,94,normal,507,13,21,21,11620,0,0,0,0,0,0
64,94,k4,507,13,21,7,6591,2373,163,362,1,13,0
64,95,normal,507,20,75,75,29260,0,0,0,0,0,0
64,95,k4,507,20,75,25,14294,3760,629,531,1,20,0
64,96,normal,13012,14,21,21,12072,0,0,0,0,0,0
64,96,k4,13012,14,21,6,6587,1762,99,182,1,14,0
64,97,normal,1801,16,33,33,16283,0,0,0,0,0,0
64,97,k4,1801,16,33,16,10463,3181,401,520,1,16,0
64,98,normal,491,10,7,7,6455,0,0,0,0,0,0
64,98,k4,491,10,7,2,4109,1139,94,112,1,10,0
64,99,normal,5531,6,4,4,3880,0,0,0,0,0,0
64,99,k4,5531,6,4,2,2830,513,95,30,1,6,0
256,0,normal,15288,8,7,7,5597,0,0,0,0,0,0
256,0,k4,15288,8,7,3,3766,829,92,62,1,8,0
256,1,normal,5849,5,2,2,2878,0,0,0,0,0,0
256,1,k4,5849,5,2,1,2210,438,89,24,1,5,0
256,2,normal,8081,7,3,3,4055,0,0,0,0,0,0
256,2,k4,8081,7,3,2,3143,670,93,50,1,7,0
256,3,normal,16060,9,8,8,6322,0,0,0,0,0,0
256,3,k4,16060,9,8,4,4368,1118,94,112,1,9,0
256,4,normal,12680,12,17,17,10072,0,0,0,0,0,0
256,4,k4,12680,12,17,7,6201,1624,134,187,1,12,0
256,5,normal,7233,10,5,5,6050,0,0,0,0,0,0
256,5,k4,7233,10,5,2,4236,977,96,72,1,10,0
256,6,normal,3716,7,7,7,5078,0,0,0,0,0,0
256,6,k4,3716,7,7,2,6385,4207,3372,116,1,7,0
256,7,normal,3545,8,8,8,5792,0,0,0,0,0,0
256,7,k4,3545,8,8,3,3695,1143,91,160,1,8,0
256,8,normal,11907,10,8,8,6828,0,0,0,0,0,0
256,8,k4,11907,10,8,4,4748,1651,93,250,1,10,0
256,9,normal,12001,1,0,0,465,0,0,0,0,0,0
256,9,k4,12001,1,0,0,555,146,84,8,1,1,0
256,10,normal,5451,4,2,2,2390,0,0,0,0,0,0
256,10,k4,5451,4,2,1,1847,365,89,20,1,4,0
256,11,normal,873,12,19,19,10593,0,0,0,0,0,0
256,11,k4,873,12,19,7,6164,1631,110,181,1,12,0
256,12,normal,90,5,3,3,3122,0,0,0,0,0,0
256,12,k4,90,5,3,2,2457,438,90,24,1,5,0
256,13,normal,7326,6,5,5,4119,0,0,0,0,0,0
256,13,k4,7326,6,5,2,2799,539,90,34,1,6,0
256,14,normal,1930,6,7,7,4679,0,0,0,0,0,0
256,14,k4,1930,6,7,2,2828,541,89,36,1,6,0
256,15,normal,13448,9,3,3,4964,0,0,0,0,0,0
256,15,k4,13448,9,3,2,3801,1074,92,124,1,9,0
256,16,normal,12329,6,4,4,3823,0,0,0,0,0,0
256,16,k4,12329,6,4,2,2769,539,91,34,1,6,0
256,17,normal,6247,7,6,6,4850,0,0,0,0,0,0
256,17,k4,6247,7,6,2,3145,765,95,67,1,7,0
256,18,normal,4389,7,4,4,4303,0,0,0,0,0,0
256,18,k4,4389,7,4,1,2856,584,90,32,1,7,0
256,19,normal,13749,7,3,3,4008,0,0,0,0,0,0
256,19,k4,13749,7,3,2,3093,670,90,50,1,7,0
256,20,normal,6940,9,9,9,6589,0,0,0,0,0,0
256,20,k4,6940,9,9,4,4371,912,93,68,1,9,0
256,21,normal,2302,9,4,4,5301,0,0,0,0,0,0
256,21,k4,2302,9,4,4,4409,974,94,87,1,9,0
256,22,normal,7844,9,7,7,6053,0,0,0,0,0,0
256,22,k4,7844,9,7,3,4100,1029,95,102,1,9,0
256,23,normal,6733,5,4,4,3388,0,0,0,0,0,0
256,23,k4,6733,5,4,2,2458,438,90,24,1,5,0
256,24,normal,4724,8,10,10,6356,0,0,0,0,0,0
256,24,k4,4724,8,10,3,3730,1146,92,154,1,8,0
256,25,normal,9555,12,14,14,9314,0,0,0,0,0,0
256,25,k4,9555,12,14,5,5665,1380,97,141,1,12,0
256,26,normal,6702,9,6,6,5674,0,0,0,0,0,0
256,26,k4,6702,9,6,2,3716,852,92,64,1,9,0
256,27,normal,10532,6,4,4,3848,0,0,0,0,0,0
256,27,k4,10532,6,4,2,2793,511,90,28,1,6,0
256,28,normal,314,8,7,7,5587,0,0,0,0,0,0
256,28,k4,314,8,7,2,3492,898,95,87,1,8,0
256,29,normal,14410,7,6,6,4823,0,0,0,0,0,0
256,29,k4,14410,7,6,2,3113,666,90,46,1,7,0
256,30,normal,4956,9,7,7,6086,0,0,0,0,0,0
256,30,k4,4956,9,7,3,4130,910,92,66,1,9,0
256,31,normal,15859,9,10,10,6858,0,0,0,0,0,0
256,31,k4,15859,9,10,4,4372,1056,92,108,1,9,0
256,32,normal,11246,10,12,12,7879,0,0,0,0,0,0
256,32,k4,11246,10,12,4,4741,1268,95,147,1,10,0
256,33,normal,825,8,8,8,5846,0,0,0,0,0,0
256,33,k4,825,8,8,3,3749,860,91,75,1,8,0
256,34,normal,10842,7,5,5,4583,0,0,0,0,0,0
256,34,k4,10842,7,5,2,3141,912,93,100,1,7,0
256,35,normal,9972,6,6,6,4368,0,0,0,0,0,0
256,35,k4,9972,6,6,2,2784,438,91,24,1,6,0
256,36,normal,16297,6,3,3,3654,0,0,0,0,0,0
256,36,k4,16297,6,3,2,2863,541,89,36,1,6,0
256,37,normal,1456,5,4,4,3411,0,0,0,0,0,0
256,37,k4,1456,5,4,2,2479,438,88,24,1,5,0
256,38,normal,11990,6,5,5,4148,0,0,0,0,0,0
256,38,k4,11990,6,5,2,2829,545,91,40,1,6,0
256,39,normal,10839,4,2,2,2407,0,0,0,0,0,0
256,39,k4,10839,4,2,1,1862,365,87,20,1,4,0
256,40,normal,586,5,4,4,3364,0,0,0,0,0,0
256,40,k4,586,5,4,2,2432,438,88,24,1,5,0
256,41,normal,7400,5,4,4,3366,0,0,0,0,0,0
256,41,k4,7400,5,4,2,2434,438,88,24,1,5,0
256,42,normal,507,10,8,8,6757,0,0,0,0,0,0
256,42,k4,507,10,8,5,4943,995,94,74,1,10,0
256,43,normal,160,6,3,3,3555,0,0,0,0,0,0
256,43,k4,160,6,3,1,2498,513,90,30,1,6,0
256,44,normal,7400,11,8,8,7200,0,0,0,0,0,0
256,44,k4,7400,11,8,3,4732,1091,95,103,1,11,0
256,45,normal,8996,6,4,4,3832,0,0,0,0,0,0
256,45,k4,8996,6,4,2,2777,541,90,36,1,6,0
256,46,normal,15586,8,6,6,5279,0,0,0,0,0,0
256,46,k4,15586,8,6,2,3445,948,91,101,1,8,0
256,47,normal,56,9,6,6,5792,0,0,0,0,0,0
256,47,k4,56,9,6,3,4104,1076,95,116,1,9,0
256,48,normal,10265,11,7,7,7053,0,0,0,0,0,0
256,48,k4,10265,11,7,4,5114,966,94,66,1,11,0
256,49,normal,5281,9,6,6,5780,0,0,0,0,0,0
256,49,k4,5281,9,6,2,3822,868,92,73,1,9,0
256,50,normal,2160,13,15,15,9935,0,0,0,0,0,0
256,50,k4,2160,13,15,6,6170,1493,106,157,1,13,0
256,51,normal,6300,5,4,4,3336,0,0,0,0,0,0
256,51,k4,6300,5,4,2,2404,468,88,32,1,5,0
256,52,normal,13448,3,1,1,1658,0,0,0,0,0,0
256,52,k4,13448,3,1,1,1503,292,87,16,1,3,0
256,53,normal,8799,9,7,7,6075,0,0,0,0,0,0
256,53,k4,8799,9,7,3,4119,1154,92,126,1,9,0
256,54,normal,7615,4,2,2,2356,0,0,0,0,0,0
256,54,k4,7615,4,2,1,1811,365,87,20,1,4,0
256,55,normal,12785,4,2,2,2410,0,0,0,0,0,0
256,55,k4,12785,4,2,1,1867,365,89,20,1,4,0
256,56,normal,7780,7,4,4,4280,0,0,0,0,0,0
256,56,k4,7780,7,4,2,3100,762,90,64,1,7,0
256,57,normal,9459,7,2,2,3802,0,0,0,0,0,0
256,57,k4,9459,7,2,2,3154,635,92,40,1,7,0
256,58,normal,8225,5,4,4,3397,0,0,0,0,0,0
256,58,k4,8225,5,4,2,2468,438,91,24,1,5,0
256,59,normal,4389,6,5,5,4167,0,0,0,0,0,0
256,59,k4,4389,6,5,2,2846,513,89,30,1,6,0
256,60,normal,11343,9,10,10,6850,0,0,0,0,0,0
256,60,k4,11343,9,10,4,4364,1314,92,165,1,9,0
256,61,normal,12329,11,17,17,9675,0,0,0,0,0,0
256,61,k4,12329,11,17,4,5088,1350,94,143,1,11,0
256,62,normal,5666,10,13,13,8143,0,0,0,0,0,0
256,62,k4,5666,10,13,5,5006,1225,94,122,1,10,0
256,63,normal,14388,10,11,11,7544,0,0,0,0,0,0
256,63,k4,14388,10,11,5,4935,1227,94,130,1,10,0
256,64,normal,3410,8,4,4,4810,0,0,0,0,0,0
256,64,k4,3410,8,4,2,3506,717,91,46,1,8,0
256,65,normal,10195,6,3,3,3581,0,0,0,0,0,0
256,65,k4,10195,6,3,2,2792,599,91,44,1,6,0
256,66,normal,1133,6,2,2,3329,0,0,0,0,0,0
256,66,k4,1133,6,2,1,2537,438,90,24,1,6,0
256,67,normal,5270,10,10,10,7310,0,0,0,0,0,0
256,67,k4,5270,10,10,4,4702,1267,95,133,1,10,0
256,68,normal,8996,8,6,6,5340,0,0,0,0,0,0
256,68,k4,8996,8,6,2,3509,789,94,63,1,8,0
256,69,normal,15374,7,3,3,4056,0,0,0,0,0,0
256,69,k4,15374,7,3,2,3141,826,90,91,1,7,0
256,70,normal,2789,4,3,3,2634,0,0,0,0,0,0
256,70,k4,2789,4,3,1,1826,365,89,20,1,4,0
256,71,normal,15233,8,6,6,5301,0,0,0,0,0,0
256,71,k4,15233,8,6,2,3468,685,92,42,1,8,0
256,72,normal,1859,7,4,4,4289,0,0,0,0,0,0
256,72,k4,1859,7,4,1,2844,674,92,50,1,7,0
256,73,normal,9230,7,6,6,4805,0,0,0,0,0,0
256,73,k4,9230,7,6,2,3096,681,91,57,1,7,0
256,74,normal,2442,6,2,2,3299,0,0,0,0,0,0
256,74,k4,2442,6,2,1,2508,597,91,46,1,6,0
256,75,normal,14410,2,1,1,1161,0,0,0,0,0,0
256,75,k4,14410,2,1,1,1131,219,87,12,1,2,0
256,76,normal,13239,9,10,10,6764,0,0,0,0,0,0
256,76,k4,13239,9,10,4,4280,1581,92,260,1,9,0
256,77,normal,9230,7,5,5,4506,0,0,0,0,0,0
256,77,k4,9230,7,5,2,3063,772,92,62,1,7,0
256,78,normal,3237,2,1,1,1192,0,0,0,0,0,0
256,78,k4,3237,2,1,1,1160,219,85,12,1,2,0
256,79,normal,11111,2,1,1,1193,0,0,0,0,0,0
256,79,k4,11111,2,1,1,1164,219,88,12,1,2,0
256,80,normal,8089,10,10,10,7333,0,0,0,0,0,0
256,80,k4,8089,10,10,5,4992,1241,93,122,1,10,0
256,81,normal,9492,6,4,4,3888,0,0,0,0,0,0
256,81,k4,9492,6,4,1,2567,591,91,40,1,6,0
256,82,normal,14992,3,1,1,1710,0,0,0,0,0,0
256,82,k4,14992,3,1,1,1554,292,86,16,1,3,0
256,83,normal,15859,3,2,2,1948,0,0,0,0,0,0
256,83,k4,15859,3,2,1,1528,292,87,16,1,3,0
256,84,normal,10082,6,4,4,3859,0,0,0,0,0,0
256,84,k4,10082,6,4,1,2536,587,89,49,1,6,0
256,85,normal,8851,9,10,10,6857,0,0,0,0,0,0
256,85,k4,8851,9,10,3,4111,940,97,86,1,9,0
256,86,normal,10812,11,13,13,8636,0,0,0,0,0,0
256,86,k4,10812,11,13,4,5301,1977,286,319,1,11,0
256,87,normal,6247,12,15,15,9563,0,0,0,0,0,0
256,87,k4,6247,12,15,5,5645,1438,95,170,1,12,0
256,88,normal,1038,6,3,3,3574,0,0,0,0,0,0
256,88,k4,1038,6,3,1,2517,513,90,30,1,6,0
256,89,normal,10532,10,13,13,8144,0,0,0,0,0,0
256,89,k4,10532,10,13,5,5009,1280,94,132,1,10,0
256,90,normal,15943,13,12,12,9303,0,0,0,0,0,0
256,90,k4,15943,13,12,6,6321,1606,96,181,1,13,0
256,91,normal,9960,4,1,1,2140,0,0,0,0,0,0
256,91,k4,9960,4,1,1,1861,365,88,20,1,4,0
256,92,normal,8081,4,1,1,2131,0,0,0,0,0,0
256,92,k4,8081,4,1,1,1853,365,89,20,1,4,0
256,93,normal,12684,10,14,14,8327,0,0,0,0,0,0
256,93,k4,12684,10,14,3,4393,1129,94,106,1,10,0
256,94,normal,2888,7,3,3,4009,0,0,0,0,0,0
256,94,k4,2888,7,3,1,2827,683,90,55,1,7,0
256,95,normal,2852,9,7,7,6079,0,0,0,0,0,0
256,95,k4,2852,9,7,2,3858,1188,94,117,1,9,0
256,96,normal,1456,4,2,2,2371,0,0,0,0,0,0
256,96,k4,1456,4,2,1,1828,365,89,20,1,4,0
256,97,normal,13286,6,3,3,3617,0,0,0,0,0,0
256,97,k4,13286,6,3,1,2559,511,89,28,1,6,0
256,98,normal,10964,2,1,1,1208,0,0,0,0,0,0
256,98,k4,10964,2,1,1,1177,219,86,12,1,2,0
256,99,normal,2852,5,2,2,2856,0,0,0,0,0,0
256,99,k4,2852,5,2,1,2193,438,94,24,1,5,0
# DONE errors=0
