target,seed,seed_j_equal,seed_meas_equal,trial_count_equal,l_bbht_equal,success_equal,result_valid_equal,result_index_equal,timeout_equal,unexpected_error_equal,terminal_limit_equal,status_exact_equal,observed_logical_semantics_equal,normal_trial_count,h4_trial_count,normal_l_bbht,h4_l_bbht,normal_result_index,h4_result_index
1,0,1,1,1,1,1,1,1,1,1,1,1,1,25,25,308,308,507,507
1,1,1,1,1,1,1,1,1,1,1,1,1,1,15,15,23,23,507,507
1,2,1,1,1,1,1,1,1,1,1,1,1,1,22,22,181,181,507,507
1,3,1,1,1,1,1,1,1,1,1,1,1,1,25,25,239,239,507,507
1,4,1,1,1,1,1,1,1,1,1,1,1,1,24,24,240,240,507,507
1,5,1,1,1,1,1,1,1,1,1,1,1,1,23,23,155,155,507,507
1,6,1,1,1,1,1,1,1,1,1,1,1,1,9,9,14,14,507,507
1,7,1,1,1,1,1,1,1,1,1,1,1,1,23,23,180,180,507,507
1,8,1,1,1,1,1,1,1,1,1,1,1,1,26,26,261,261,507,507
1,9,1,1,1,1,1,1,1,1,1,1,1,1,24,24,148,148,507,507
1,10,1,1,1,1,1,1,1,1,1,1,1,1,20,20,93,93,507,507
1,11,1,1,1,1,1,1,1,1,1,1,1,1,23,23,175,175,507,507
1,12,1,1,1,1,1,1,1,1,1,1,1,1,18,18,42,42,507,507
1,13,1,1,1,1,1,1,1,1,1,1,1,1,24,24,218,218,507,507
1,14,1,1,1,1,1,1,1,1,1,1,1,1,21,21,133,133,507,507
1,15,1,1,1,1,1,1,1,1,1,1,1,1,27,27,333,333,507,507
1,16,1,1,1,1,1,1,1,1,1,1,1,1,25,25,225,225,507,507
1,17,1,1,1,1,1,1,1,1,1,1,1,1,25,25,152,152,507,507
1,18,1,1,1,1,1,1,1,1,1,1,1,1,24,24,216,216,507,507
1,19,1,1,1,1,1,1,1,1,1,1,1,1,22,22,122,122,507,507
1,20,1,1,1,1,1,1,1,1,1,1,1,1,27,27,311,311,507,507
1,21,1,1,1,1,1,1,1,1,1,1,1,1,26,26,200,200,507,507
1,22,1,1,1,1,1,1,1,1,1,1,1,1,15,15,37,37,507,507
1,23,1,1,1,1,1,1,1,1,1,1,1,1,23,23,141,141,507,507
1,24,1,1,1,1,1,1,1,1,1,1,1,1,21,21,159,159,507,507
1,25,1,1,1,1,1,1,1,1,1,1,1,1,25,25,210,210,507,507
1,26,1,1,1,1,1,1,1,1,1,1,1,1,27,27,215,215,507,507
1,27,1,1,1,1,1,1,1,1,1,1,1,1,24,24,174,174,507,507
1,28,1,1,1,1,1,1,1,1,1,1,1,1,25,25,256,256,507,507
1,29,1,1,1,1,1,1,1,1,1,1,1,1,21,21,133,133,507,507
1,30,1,1,1,1,1,1,1,1,1,1,1,1,19,19,63,63,507,507
1,31,1,1,1,1,1,1,1,1,1,1,1,1,27,27,273,273,507,507
1,32,1,1,1,1,1,1,1,1,1,1,1,1,22,22,93,93,507,507
1,33,1,1,1,1,1,1,1,1,1,1,1,1,19,19,93,93,507,507
1,34,1,1,1,1,1,1,1,1,1,1,1,1,27,27,290,290,507,507
1,35,1,1,1,1,1,1,1,1,1,1,1,1,16,16,40,40,507,507
1,36,1,1,1,1,1,1,1,1,1,1,1,1,24,24,229,229,507,507
1,37,1,1,1,1,1,1,1,1,1,1,1,1,23,23,169,169,507,507
1,38,1,1,1,1,1,1,1,1,1,1,1,1,21,21,123,123,507,507
1,39,1,1,1,1,1,1,1,1,1,1,1,1,21,21,105,105,507,507
1,40,1,1,1,1,1,1,1,1,1,1,1,1,18,18,48,48,507,507
1,41,1,1,1,1,1,1,1,1,1,1,1,1,24,24,196,196,507,507
1,42,1,1,1,1,1,1,1,1,1,1,1,1,21,21,126,126,507,507
1,43,1,1,1,1,1,1,1,1,1,1,1,1,28,28,252,252,507,507
1,44,1,1,1,1,1,1,1,1,1,1,1,1,28,28,368,368,507,507
1,45,1,1,1,1,1,1,1,1,1,1,1,1,21,21,131,131,507,507
1,46,1,1,1,1,1,1,1,1,1,1,1,1,20,20,96,96,507,507
1,47,1,1,1,1,1,1,1,1,1,1,1,1,21,21,120,120,507,507
1,48,1,1,1,1,1,1,1,1,1,1,1,1,25,25,157,157,507,507
1,49,1,1,1,1,1,1,1,1,1,1,1,1,23,23,148,148,507,507
4,0,1,1,1,1,1,1,1,1,1,1,1,1,21,21,119,119,8685,8685
4,1,1,1,1,1,1,1,1,1,1,1,1,1,23,23,132,132,8685,8685
4,2,1,1,1,1,1,1,1,1,1,1,1,1,19,19,89,89,2852,2852
4,3,1,1,1,1,1,1,1,1,1,1,1,1,20,20,101,101,2852,2852
4,4,1,1,1,1,1,1,1,1,1,1,1,1,16,16,47,47,4724,4724
4,5,1,1,1,1,1,1,1,1,1,1,1,1,20,20,72,72,2852,2852
4,6,1,1,1,1,1,1,1,1,1,1,1,1,9,9,14,14,507,507
4,7,1,1,1,1,1,1,1,1,1,1,1,1,21,21,112,112,507,507
4,8,1,1,1,1,1,1,1,1,1,1,1,1,15,15,40,40,2852,2852
4,9,1,1,1,1,1,1,1,1,1,1,1,1,23,23,94,94,2852,2852
4,10,1,1,1,1,1,1,1,1,1,1,1,1,19,19,65,65,2852,2852
4,11,1,1,1,1,1,1,1,1,1,1,1,1,15,15,41,41,4724,4724
4,12,1,1,1,1,1,1,1,1,1,1,1,1,18,18,42,42,507,507
4,13,1,1,1,1,1,1,1,1,1,1,1,1,22,22,128,128,2852,2852
4,14,1,1,1,1,1,1,1,1,1,1,1,1,17,17,59,59,4724,4724
4,15,1,1,1,1,1,1,1,1,1,1,1,1,21,21,85,85,8685,8685
4,16,1,1,1,1,1,1,1,1,1,1,1,1,21,21,116,116,2852,2852
4,17,1,1,1,1,1,1,1,1,1,1,1,1,24,24,121,121,507,507
4,18,1,1,1,1,1,1,1,1,1,1,1,1,22,22,116,116,8685,8685
4,19,1,1,1,1,1,1,1,1,1,1,1,1,21,21,82,82,507,507
4,20,1,1,1,1,1,1,1,1,1,1,1,1,22,22,112,112,507,507
4,21,1,1,1,1,1,1,1,1,1,1,1,1,9,9,4,4,2852,2852
4,22,1,1,1,1,1,1,1,1,1,1,1,1,15,15,37,37,507,507
4,23,1,1,1,1,1,1,1,1,1,1,1,1,12,12,21,21,8685,8685
4,24,1,1,1,1,1,1,1,1,1,1,1,1,9,9,14,14,8685,8685
4,25,1,1,1,1,1,1,1,1,1,1,1,1,19,19,77,77,4724,4724
4,26,1,1,1,1,1,1,1,1,1,1,1,1,21,21,83,83,2852,2852
4,27,1,1,1,1,1,1,1,1,1,1,1,1,19,19,77,77,507,507
4,28,1,1,1,1,1,1,1,1,1,1,1,1,23,23,142,142,2852,2852
4,29,1,1,1,1,1,1,1,1,1,1,1,1,18,18,62,62,2852,2852
4,30,1,1,1,1,1,1,1,1,1,1,1,1,20,20,80,80,2852,2852
4,31,1,1,1,1,1,1,1,1,1,1,1,1,10,10,14,14,4724,4724
4,32,1,1,1,1,1,1,1,1,1,1,1,1,21,21,70,70,4724,4724
4,33,1,1,1,1,1,1,1,1,1,1,1,1,20,20,98,98,8685,8685
4,34,1,1,1,1,1,1,1,1,1,1,1,1,11,11,17,17,8685,8685
4,35,1,1,1,1,1,1,1,1,1,1,1,1,18,18,73,73,8685,8685
4,36,1,1,1,1,1,1,1,1,1,1,1,1,17,17,47,47,4724,4724
4,37,1,1,1,1,1,1,1,1,1,1,1,1,20,20,85,85,507,507
4,38,1,1,1,1,1,1,1,1,1,1,1,1,16,16,54,54,8685,8685
4,39,1,1,1,1,1,1,1,1,1,1,1,1,18,18,71,71,4724,4724
4,40,1,1,1,1,1,1,1,1,1,1,1,1,18,18,48,48,507,507
4,41,1,1,1,1,1,1,1,1,1,1,1,1,12,12,14,14,2852,2852
4,42,1,1,1,1,1,1,1,1,1,1,1,1,15,15,34,34,2852,2852
4,43,1,1,1,1,1,1,1,1,1,1,1,1,19,19,98,98,4724,4724
4,44,1,1,1,1,1,1,1,1,1,1,1,1,21,21,123,123,2852,2852
4,45,1,1,1,1,1,1,1,1,1,1,1,1,20,20,102,102,2852,2852
4,46,1,1,1,1,1,1,1,1,1,1,1,1,18,18,68,68,507,507
4,47,1,1,1,1,1,1,1,1,1,1,1,1,19,19,76,76,8685,8685
4,48,1,1,1,1,1,1,1,1,1,1,1,1,22,22,95,95,2852,2852
4,49,1,1,1,1,1,1,1,1,1,1,1,1,16,16,44,44,507,507
16,0,1,1,1,1,1,1,1,1,1,1,1,1,11,11,15,15,4512,4512
16,1,1,1,1,1,1,1,1,1,1,1,1,1,15,15,23,23,507,507
16,2,1,1,1,1,1,1,1,1,1,1,1,1,17,17,56,56,10593,10593
16,3,1,1,1,1,1,1,1,1,1,1,1,1,18,18,56,56,5281,5281
16,4,1,1,1,1,1,1,1,1,1,1,1,1,14,14,27,27,4512,4512
16,5,1,1,1,1,1,1,1,1,1,1,1,1,15,15,18,18,10839,10839
16,6,1,1,1,1,1,1,1,1,1,1,1,1,17,17,68,68,3947,3947
16,7,1,1,1,1,1,1,1,1,1,1,1,1,12,12,25,25,5281,5281
16,8,1,1,1,1,1,1,1,1,1,1,1,1,14,14,32,32,2852,2852
16,9,1,1,1,1,1,1,1,1,1,1,1,1,12,12,20,20,3947,3947
16,10,1,1,1,1,1,1,1,1,1,1,1,1,15,15,35,35,14405,14405
16,11,1,1,1,1,1,1,1,1,1,1,1,1,17,17,57,57,1721,1721
16,12,1,1,1,1,1,1,1,1,1,1,1,1,16,16,28,28,5281,5281
16,13,1,1,1,1,1,1,1,1,1,1,1,1,16,16,43,43,10593,10593
16,14,1,1,1,1,1,1,1,1,1,1,1,1,19,19,71,71,4724,4724
16,15,1,1,1,1,1,1,1,1,1,1,1,1,21,21,85,85,14405,14405
16,16,1,1,1,1,1,1,1,1,1,1,1,1,13,13,30,30,10931,10931
16,17,1,1,1,1,1,1,1,1,1,1,1,1,11,11,13,13,5281,5281
16,18,1,1,1,1,1,1,1,1,1,1,1,1,14,14,27,27,5281,5281
16,19,1,1,1,1,1,1,1,1,1,1,1,1,21,21,82,82,10931,10931
16,20,1,1,1,1,1,1,1,1,1,1,1,1,17,17,58,58,10931,10931
16,21,1,1,1,1,1,1,1,1,1,1,1,1,19,19,67,67,7786,7786
16,22,1,1,1,1,1,1,1,1,1,1,1,1,15,15,37,37,491,491
16,23,1,1,1,1,1,1,1,1,1,1,1,1,12,12,21,21,8685,8685
16,24,1,1,1,1,1,1,1,1,1,1,1,1,16,16,47,47,7786,7786
16,25,1,1,1,1,1,1,1,1,1,1,1,1,9,9,6,6,491,491
16,26,1,1,1,1,1,1,1,1,1,1,1,1,15,15,29,29,4512,4512
16,27,1,1,1,1,1,1,1,1,1,1,1,1,14,14,32,32,3947,3947
16,28,1,1,1,1,1,1,1,1,1,1,1,1,11,11,17,17,5281,5281
16,29,1,1,1,1,1,1,1,1,1,1,1,1,14,14,30,30,7786,7786
16,30,1,1,1,1,1,1,1,1,1,1,1,1,15,15,26,26,3947,3947
16,31,1,1,1,1,1,1,1,1,1,1,1,1,14,14,35,35,2852,2852
16,32,1,1,1,1,1,1,1,1,1,1,1,1,21,21,70,70,5281,5281
16,33,1,1,1,1,1,1,1,1,1,1,1,1,13,13,23,23,491,491
16,34,1,1,1,1,1,1,1,1,1,1,1,1,11,11,17,17,8685,8685
16,35,1,1,1,1,1,1,1,1,1,1,1,1,15,15,30,30,10593,10593
16,36,1,1,1,1,1,1,1,1,1,1,1,1,7,7,5,5,10931,10931
16,37,1,1,1,1,1,1,1,1,1,1,1,1,2,2,1,1,491,491
16,38,1,1,1,1,1,1,1,1,1,1,1,1,15,15,40,40,15288,15288
16,39,1,1,1,1,1,1,1,1,1,1,1,1,18,18,71,71,15288,15288
16,40,1,1,1,1,1,1,1,1,1,1,1,1,18,18,48,48,507,507
16,41,1,1,1,1,1,1,1,1,1,1,1,1,14,14,29,29,491,491
16,42,1,1,1,1,1,1,1,1,1,1,1,1,17,17,57,57,4512,4512
16,43,1,1,1,1,1,1,1,1,1,1,1,1,8,8,6,6,10839,10839
16,44,1,1,1,1,1,1,1,1,1,1,1,1,20,20,93,93,2852,2852
16,45,1,1,1,1,1,1,1,1,1,1,1,1,12,12,21,21,7786,7786
16,46,1,1,1,1,1,1,1,1,1,1,1,1,18,18,68,68,5281,5281
16,47,1,1,1,1,1,1,1,1,1,1,1,1,15,15,30,30,1801,1801
16,48,1,1,1,1,1,1,1,1,1,1,1,1,13,13,13,13,15288,15288
16,49,1,1,1,1,1,1,1,1,1,1,1,1,16,16,44,44,15288,15288
64,0,1,1,1,1,1,1,1,1,1,1,1,1,6,6,4,4,2852,2852
64,1,1,1,1,1,1,1,1,1,1,1,1,1,13,13,14,14,8685,8685
64,2,1,1,1,1,1,1,1,1,1,1,1,1,7,7,3,3,8089,8089
64,3,1,1,1,1,1,1,1,1,1,1,1,1,13,13,19,19,4876,4876
64,4,1,1,1,1,1,1,1,1,1,1,1,1,8,8,4,4,4720,4720
64,5,1,1,1,1,1,1,1,1,1,1,1,1,18,18,40,40,4876,4876
64,6,1,1,1,1,1,1,1,1,1,1,1,1,12,12,24,24,7786,7786
64,7,1,1,1,1,1,1,1,1,1,1,1,1,12,12,25,25,1801,1801
64,8,1,1,1,1,1,1,1,1,1,1,1,1,11,11,13,13,3304,3304
64,9,1,1,1,1,1,1,1,1,1,1,1,1,1,1,0,0,12001,12001
64,10,1,1,1,1,1,1,1,1,1,1,1,1,5,5,4,4,8685,8685
64,11,1,1,1,1,1,1,1,1,1,1,1,1,12,12,19,19,682,682
64,12,1,1,1,1,1,1,1,1,1,1,1,1,14,14,20,20,26,26
64,13,1,1,1,1,1,1,1,1,1,1,1,1,11,11,17,17,9302,9302
64,14,1,1,1,1,1,1,1,1,1,1,1,1,12,12,19,19,14567,14567
64,15,1,1,1,1,1,1,1,1,1,1,1,1,10,10,7,7,7400,7400
64,16,1,1,1,1,1,1,1,1,1,1,1,1,13,13,30,30,10839,10839
64,17,1,1,1,1,1,1,1,1,1,1,1,1,7,7,6,6,6247,6247
64,18,1,1,1,1,1,1,1,1,1,1,1,1,9,9,8,8,14542,14542
64,19,1,1,1,1,1,1,1,1,1,1,1,1,11,11,16,16,4724,4724
64,20,1,1,1,1,1,1,1,1,1,1,1,1,13,13,20,20,14542,14542
64,21,1,1,1,1,1,1,1,1,1,1,1,1,13,13,18,18,11647,11647
64,22,1,1,1,1,1,1,1,1,1,1,1,1,8,8,6,6,4724,4724
64,23,1,1,1,1,1,1,1,1,1,1,1,1,10,10,13,13,16090,16090
64,24,1,1,1,1,1,1,1,1,1,1,1,1,3,3,2,2,2888,2888
64,25,1,1,1,1,1,1,1,1,1,1,1,1,6,6,3,3,3073,3073
64,26,1,1,1,1,1,1,1,1,1,1,1,1,12,12,13,13,8225,8225
64,27,1,1,1,1,1,1,1,1,1,1,1,1,10,10,11,11,173,173
64,28,1,1,1,1,1,1,1,1,1,1,1,1,10,10,14,14,10593,10593
64,29,1,1,1,1,1,1,1,1,1,1,1,1,7,7,6,6,14542,14542
64,30,1,1,1,1,1,1,1,1,1,1,1,1,11,11,11,11,3903,3903
64,31,1,1,1,1,1,1,1,1,1,1,1,1,11,11,19,19,160,160
64,32,1,1,1,1,1,1,1,1,1,1,1,1,2,2,1,1,4720,4720
64,33,1,1,1,1,1,1,1,1,1,1,1,1,4,4,1,1,160,160
64,34,1,1,1,1,1,1,1,1,1,1,1,1,10,10,13,13,6247,6247
64,35,1,1,1,1,1,1,1,1,1,1,1,1,13,13,18,18,7400,7400
64,36,1,1,1,1,1,1,1,1,1,1,1,1,14,14,23,23,5531,5531
64,37,1,1,1,1,1,1,1,1,1,1,1,1,16,16,28,28,8225,8225
64,38,1,1,1,1,1,1,1,1,1,1,1,1,10,10,17,17,10931,10931
64,39,1,1,1,1,1,1,1,1,1,1,1,1,11,11,13,13,2888,2888
64,40,1,1,1,1,1,1,1,1,1,1,1,1,10,10,9,9,11272,11272
64,41,1,1,1,1,1,1,1,1,1,1,1,1,6,6,5,5,4512,4512
64,42,1,1,1,1,1,1,1,1,1,1,1,1,10,10,8,8,507,507
64,43,1,1,1,1,1,1,1,1,1,1,1,1,10,10,12,12,11272,11272
64,44,1,1,1,1,1,1,1,1,1,1,1,1,11,11,8,8,7400,7400
64,45,1,1,1,1,1,1,1,1,1,1,1,1,11,11,14,14,7786,7786
64,46,1,1,1,1,1,1,1,1,1,1,1,1,9,9,10,10,6247,6247
64,47,1,1,1,1,1,1,1,1,1,1,1,1,15,15,30,30,5200,5200
64,48,1,1,1,1,1,1,1,1,1,1,1,1,13,13,13,13,15288,15288
64,49,1,1,1,1,1,1,1,1,1,1,1,1,11,11,11,11,10234,10234
256,0,1,1,1,1,1,1,1,1,1,1,1,1,8,8,7,7,15288,15288
256,1,1,1,1,1,1,1,1,1,1,1,1,1,5,5,2,2,5849,5849
256,2,1,1,1,1,1,1,1,1,1,1,1,1,7,7,3,3,8081,8081
256,3,1,1,1,1,1,1,1,1,1,1,1,1,9,9,8,8,16060,16060
256,4,1,1,1,1,1,1,1,1,1,1,1,1,12,12,17,17,12680,12680
256,5,1,1,1,1,1,1,1,1,1,1,1,1,10,10,5,5,7233,7233
256,6,1,1,1,1,1,1,1,1,1,1,1,1,7,7,7,7,3716,3716
256,7,1,1,1,1,1,1,1,1,1,1,1,1,8,8,8,8,3545,3545
256,8,1,1,1,1,1,1,1,1,1,1,1,1,10,10,8,8,11907,11907
256,9,1,1,1,1,1,1,1,1,1,1,1,1,1,1,0,0,12001,12001
256,10,1,1,1,1,1,1,1,1,1,1,1,1,4,4,2,2,5451,5451
256,11,1,1,1,1,1,1,1,1,1,1,1,1,12,12,19,19,873,873
256,12,1,1,1,1,1,1,1,1,1,1,1,1,5,5,3,3,90,90
256,13,1,1,1,1,1,1,1,1,1,1,1,1,6,6,5,5,7326,7326
256,14,1,1,1,1,1,1,1,1,1,1,1,1,6,6,7,7,1930,1930
256,15,1,1,1,1,1,1,1,1,1,1,1,1,9,9,3,3,13448,13448
256,16,1,1,1,1,1,1,1,1,1,1,1,1,6,6,4,4,12329,12329
256,17,1,1,1,1,1,1,1,1,1,1,1,1,7,7,6,6,6247,6247
256,18,1,1,1,1,1,1,1,1,1,1,1,1,7,7,4,4,4389,4389
256,19,1,1,1,1,1,1,1,1,1,1,1,1,7,7,3,3,13749,13749
256,20,1,1,1,1,1,1,1,1,1,1,1,1,9,9,9,9,6940,6940
256,21,1,1,1,1,1,1,1,1,1,1,1,1,9,9,4,4,2302,2302
256,22,1,1,1,1,1,1,1,1,1,1,1,1,9,9,7,7,7844,7844
256,23,1,1,1,1,1,1,1,1,1,1,1,1,5,5,4,4,6733,6733
256,24,1,1,1,1,1,1,1,1,1,1,1,1,8,8,10,10,4724,4724
256,25,1,1,1,1,1,1,1,1,1,1,1,1,12,12,14,14,9555,9555
256,26,1,1,1,1,1,1,1,1,1,1,1,1,9,9,6,6,6702,6702
256,27,1,1,1,1,1,1,1,1,1,1,1,1,6,6,4,4,10532,10532
256,28,1,1,1,1,1,1,1,1,1,1,1,1,8,8,7,7,314,314
256,29,1,1,1,1,1,1,1,1,1,1,1,1,7,7,6,6,14410,14410
256,30,1,1,1,1,1,1,1,1,1,1,1,1,9,9,7,7,4956,4956
256,31,1,1,1,1,1,1,1,1,1,1,1,1,9,9,10,10,15859,15859
256,32,1,1,1,1,1,1,1,1,1,1,1,1,10,10,12,12,11246,11246
256,33,1,1,1,1,1,1,1,1,1,1,1,1,8,8,8,8,825,825
256,34,1,1,1,1,1,1,1,1,1,1,1,1,7,7,5,5,10842,10842
256,35,1,1,1,1,1,1,1,1,1,1,1,1,6,6,6,6,9972,9972
256,36,1,1,1,1,1,1,1,1,1,1,1,1,6,6,3,3,16297,16297
256,37,1,1,1,1,1,1,1,1,1,1,1,1,5,5,4,4,1456,1456
256,38,1,1,1,1,1,1,1,1,1,1,1,1,6,6,5,5,11990,11990
256,39,1,1,1,1,1,1,1,1,1,1,1,1,4,4,2,2,10839,10839
256,40,1,1,1,1,1,1,1,1,1,1,1,1,5,5,4,4,586,586
256,41,1,1,1,1,1,1,1,1,1,1,1,1,5,5,4,4,7400,7400
256,42,1,1,1,1,1,1,1,1,1,1,1,1,10,10,8,8,507,507
256,43,1,1,1,1,1,1,1,1,1,1,1,1,6,6,3,3,160,160
256,44,1,1,1,1,1,1,1,1,1,1,1,1,11,11,8,8,7400,7400
256,45,1,1,1,1,1,1,1,1,1,1,1,1,6,6,4,4,8996,8996
256,46,1,1,1,1,1,1,1,1,1,1,1,1,8,8,6,6,15586,15586
256,47,1,1,1,1,1,1,1,1,1,1,1,1,9,9,6,6,56,56
256,48,1,1,1,1,1,1,1,1,1,1,1,1,11,11,7,7,10265,10265
256,49,1,1,1,1,1,1,1,1,1,1,1,1,9,9,6,6,5281,5281
