target_count,seed_index,result_index,trial_count,L_BBHT,orca_sw_us,m2_hw_us,m2_vs_orca_speedup
1,0,507,25,308,58716914,314,186996.5414012739
1,1,507,15,23,5666325,83,68268.97590361445
1,2,507,22,181,35266252,191,184640.06282722513
1,3,507,25,239,46212612,237,194989.92405063292
1,4,507,24,240,46131226,249,185265.96787148595
1,5,507,23,155,30551122,198,154298.59595959596
1,6,507,9,14,3456002,48,72000.04166666667
1,7,507,23,180,35052110,227,154414.58149779736
1,8,507,26,261,50282409,326,154240.51840490798
1,9,507,24,148,29540837,272,108606.01838235294
1,10,507,20,93,18968103,160,118550.64375
1,11,507,23,175,34084111,237,143814.81434599156
1,12,507,18,42,9442421,103,91673.99029126213
1,13,507,24,218,42486510,237,179267.9746835443
1,14,507,21,133,26572680,179,148450.72625698324
1,15,507,27,333,63549283,413,153872.35593220338
1,16,507,25,225,43613806,214,203802.83177570094
1,17,507,25,152,30361103,218,139271.1146788991
1,18,507,24,216,41882456,286,146442.15384615384
1,19,507,22,122,24569546,208,118122.81730769231
1,20,507,27,311,59703356,391,152694.0051150895
1,21,507,26,200,39070321,305,128099.4131147541
1,22,507,15,37,8224664,83,99092.3373493976
1,23,507,23,141,28196881,184,153243.91847826086
1,24,507,21,159,31152004,187,166588.256684492
1,25,507,25,210,40886312,307,133180.1693811075
1,26,507,27,215,41865542,274,152793.9489051095
1,27,507,24,174,34186883,201,170083.99502487562
1,28,507,25,256,49242927,266,185123.7857142857
1,29,507,21,133,26328637,184,143090.41847826086
1,30,507,19,63,13319725,144,92498.09027777778
1,31,507,27,273,52433254,313,167518.38338658147
1,32,507,22,93,19182921,179,107167.156424581
1,33,507,19,93,18777998,142,132239.42253521126
1,34,507,27,290,55626240,387,143737.0542635659
1,35,507,16,40,8993162,96,93678.77083333333
1,36,507,24,229,44256504,237,186736.30379746837
1,37,507,23,169,33177704,208,159508.1923076923
1,38,507,21,123,24646422,159,155008.94339622642
1,39,507,21,105,21381187,164,130373.09146341463
1,40,507,18,48,10589906,105,100856.24761904762
1,41,507,24,196,38025580,304,125084.1447368421
1,42,507,21,126,25135093,174,144454.55747126436
1,43,507,28,252,48846762,291,167858.28865979382
1,44,507,28,368,69852991,418,167112.41866028708
1,45,507,21,131,25925503,168,154318.47023809524
1,46,507,20,96,19691604,132,149178.81818181818
1,47,507,21,120,24004059,150,160027.06
1,48,507,25,157,31322413,197,158997.02030456852
1,49,507,23,148,29490154,193,152798.72538860104
1,50,507,26,275,52735230,272,193879.52205882352
1,51,507,22,122,24443955,147,166285.4081632653
1,52,507,26,256,49465177,335,147657.2447761194
1,53,507,24,167,32963196,208,158476.90384615384
1,54,507,25,283,54237246,285,190306.12631578947
1,55,507,26,269,51659156,319,161940.92789968653
1,56,507,23,142,28250421,233,121246.44206008584
1,57,507,24,241,46370608,268,173024.6567164179
1,58,507,28,369,70231443,466,150711.25107296137
1,59,507,24,141,28322212,181,156476.3093922652
1,60,507,21,135,26762275,173,154695.23121387284
1,61,507,27,306,58811879,365,161128.43561643836
1,62,507,24,196,38165995,208,183490.36057692306
1,63,507,19,67,14291893,109,131118.28440366974
1,64,507,23,129,25664740,222,115606.93693693694
1,65,507,26,277,53176037,347,153245.06340057636
1,66,507,15,45,9659034,94,102755.68085106384
1,67,507,22,105,21440404,214,100188.80373831776
1,68,507,26,239,46285915,312,148352.29166666666
1,69,507,23,160,31441793,236,133227.93644067796
1,70,507,26,243,46871297,366,128063.65300546448
1,71,507,25,235,45433534,204,222713.4019607843
1,72,507,12,15,3886755,59,65877.20338983051
1,73,507,19,49,10942563,106,103231.72641509434
1,74,507,23,212,40923597,194,210946.37628865978
1,75,507,15,42,9207023,118,78025.6186440678
1,76,507,17,64,13319149,116,114820.25
1,77,507,22,113,22740363,166,136990.13855421686
1,78,507,31,430,81533133,436,187002.5986238532
1,79,507,24,138,27673442,236,117260.34745762713
1,80,507,27,381,72157054,411,175564.60827250607
1,81,507,28,300,57399144,360,159442.06666666668
1,82,507,27,336,64031344,407,157325.16953316954
1,83,507,20,110,22205692,167,132968.21556886227
1,84,507,26,277,53220046,342,155614.1695906433
1,85,507,22,145,28725730,220,130571.5
1,86,507,24,200,38976822,266,146529.4060150376
1,87,507,23,191,37171028,227,163749.02202643172
1,88,507,24,199,38671191,270,143226.63333333333
1,89,507,16,41,9175587,83,110549.24096385542
1,90,507,24,174,34254479,282,121469.78368794326
1,91,507,17,53,11437238,115,99454.24347826088
1,92,507,20,86,17727871,143,123971.12587412588
1,93,507,23,192,37392252,225,166187.78666666665
1,94,507,18,62,13049559,142,91898.30281690141
1,95,507,20,75,15752551,150,105017.00666666667
1,96,507,24,183,35720750,277,128955.7761732852
1,97,507,21,102,20739476,192,108018.10416666667
1,98,507,20,102,20595664,131,157218.80916030533
1,99,507,27,263,50610576,470,107682.07659574469
4,0,8685,21,119,23893174,181,132006.4861878453
4,1,8685,23,132,26361605,203,129860.12315270936
4,2,2852,19,89,18153837,137,132509.75912408758
4,3,2852,20,101,20556273,155,132621.11612903225
4,4,4724,16,47,10209304,93,109777.4623655914
4,5,2852,20,72,15156946,126,120293.22222222222
4,6,507,9,14,3455735,48,71994.47916666667
4,7,507,21,112,22508598,178,126452.79775280898
4,8,2852,15,40,8895136,81,109816.49382716049
4,9,2852,23,94,19621697,220,89189.53181818181
4,10,2852,19,65,13746274,127,108238.37795275591
4,11,4724,15,41,8969843,87,103101.64367816092
4,12,507,18,42,9441847,103,91668.41747572816
4,13,2852,22,128,25814237,203,127163.7290640394
4,14,4724,17,59,12647967,105,120456.82857142857
4,15,8685,21,85,17712958,189,93719.35449735449
4,16,2852,21,116,23391861,135,173273.04444444444
4,17,507,24,121,24507972,210,116704.62857142858
4,18,8685,22,116,23458926,158,148474.21518987342
4,19,507,21,82,17150105,166,103313.88554216867
4,20,507,22,112,22838068,186,122785.31182795699
4,21,2852,9,4,1712989,50,34259.78
4,22,507,15,37,8223559,83,99079.02409638555
4,23,8685,12,21,5276498,69,76470.98550724638
4,24,8685,9,14,3421126,50,68422.52
4,25,4724,19,77,16002583,133,120320.17293233082
4,26,2852,21,83,17189827,136,126395.78676470589
4,27,507,19,77,16047386,133,120657.03759398496
4,28,2852,23,142,28246977,173,163277.32369942198
4,29,2852,18,62,13134685,127,103422.71653543306
4,30,2852,20,80,16533421,149,110962.55704697987
4,31,4724,10,14,3657452,53,69008.52830188679
4,32,4724,21,70,14862639,149,99749.25503355704
4,33,8685,20,98,19807577,159,124575.95597484277
4,34,8685,11,17,4249400,56,75882.14285714286
4,35,8685,18,73,15270499,118,129411.00847457627
4,36,4724,17,47,10404896,146,71266.4109589041
4,37,507,20,85,17523849,165,106205.14545454546
4,38,8685,16,54,11549878,100,115498.78
4,39,4724,18,71,14842719,130,114174.76153846153
4,40,507,18,48,10586626,107,98940.42990654205
4,41,2852,12,14,3786424,67,56513.79104477612
4,42,2852,15,34,7777162,93,83625.39784946236
4,43,4724,19,98,19859582,130,152766.0153846154
4,44,2852,21,123,24498864,163,150299.77914110429
4,45,2852,20,102,20568416,164,125417.17073170732
4,46,507,18,68,14371161,117,122830.43589743589
4,47,8685,19,76,15795848,143,110460.47552447552
4,48,2852,22,95,19707271,181,108879.9502762431
4,49,507,16,44,9813635,118,83166.39830508475
4,50,8685,12,9,2792939,53,52696.96226415094
4,51,4724,21,111,22291770,145,153736.3448275862
4,52,2852,18,73,15323916,126,121618.38095238095
4,53,4724,20,77,16176020,147,110040.95238095238
4,54,2852,24,217,42119129,268,157160.9291044776
4,55,507,23,124,24945279,227,109891.09691629956
4,56,8685,19,59,12741787,129,98773.54263565892
4,57,4724,22,166,32412810,195,166219.53846153847
4,58,507,21,97,19969654,138,144707.63768115942
4,59,2852,20,86,17865658,144,124067.06944444444
4,60,507,18,84,17163968,135,127140.50370370371
4,61,507,22,123,24903276,232,107341.70689655172
4,62,2852,23,153,30310376,180,168390.97777777776
4,63,2852,18,54,11815652,99,119350.0202020202
4,64,507,19,64,13489850,119,113360.08403361344
4,65,8685,23,131,26233936,256,102476.3125
4,66,4724,25,172,33841178,272,124416.0955882353
4,67,8685,16,30,7096546,88,80642.56818181818
4,68,2852,21,81,17000436,163,104297.15337423312
4,69,8685,22,106,21552016,156,138153.94871794872
4,70,2852,23,119,23999306,203,118223.18226600986
4,71,2852,22,124,24972042,190,131431.8
4,72,507,12,15,3886889,59,65879.47457627118
4,73,2852,20,66,14143198,147,96212.23129251701
4,74,507,21,145,28500066,166,171687.14457831325
4,75,2852,9,9,2632789,48,54849.770833333336
4,76,2852,16,47,10155163,98,103624.11224489796
4,77,507,18,67,13934446,127,109720.04724409449
4,78,4724,25,177,34877023,282,123677.3865248227
4,79,2852,22,90,18750717,168,111611.41071428571
4,80,8685,24,175,34370060,219,156940.91324200912
4,81,8685,9,12,3104478,47,66052.72340425532
4,82,8685,12,18,4609495,63,73166.58730158731
4,83,8685,14,23,5708702,80,71358.775
4,84,4724,21,132,26291123,157,167459.3821656051
4,85,4724,20,91,18642038,155,120271.21290322581
4,86,8685,21,91,18787391,138,136140.51449275363
4,87,4724,19,89,18170832,157,115737.78343949045
4,88,8685,16,48,10369009,105,98752.46666666666
4,89,507,16,41,9173825,85,107927.35294117648
4,90,8685,18,54,11747431,135,87018.00740740741
4,91,507,17,53,11432877,114,100288.3947368421
4,92,2852,11,13,3536139,61,57969.49180327869
4,93,8685,20,96,19636068,144,136361.58333333334
4,94,4724,19,71,14842556,144,103073.30555555556
4,95,8685,17,47,10345541,119,86937.3193277311
4,96,8685,19,74,15359616,120,127996.8
4,97,2852,22,124,24866374,162,153496.13580246913
4,98,8685,20,102,20630338,130,158694.9076923077
4,99,8685,16,42,9312837,100,93128.37
16,0,4512,11,15,3922596,52,75434.53846153847
16,1,507,15,23,5665085,115,49261.608695652176
16,2,10593,17,56,11926964,108,110434.85185185185
16,3,5281,18,56,12081624,127,95130.89763779528
16,4,4512,14,27,6369225,74,86070.6081081081
16,5,10839,15,18,4793761,73,65667.95890410959
16,6,3947,17,68,14080809,114,123515.86842105263
16,7,5281,12,25,5724634,67,85442.29850746269
16,8,2852,14,32,7358640,75,98115.2
16,9,3947,12,20,5018770,64,78418.28125
16,10,14405,15,35,7876105,88,89501.19318181818
16,11,1721,17,57,12022958,97,123948.02061855671
16,12,5281,16,28,6733363,96,70139.19791666667
16,13,10593,16,43,9656953,89,108505.08988764045
16,14,4724,19,71,15075143,119,126681.87394957984
16,15,14405,21,85,17731056,189,93815.11111111111
16,16,10931,13,30,6845069,105,65191.13333333333
16,17,5281,11,13,3542688,56,63262.28571428572
16,18,5281,14,27,6352766,79,80414.75949367089
16,19,10931,21,82,17188834,166,103547.19277108433
16,20,10931,17,58,12417759,102,121742.73529411765
16,21,7786,19,67,14191712,124,114449.29032258065
16,22,491,15,37,8222415,83,99065.24096385542
16,23,8685,12,21,5276331,69,76468.56521739131
16,24,7786,16,47,10256373,104,98618.97115384616
16,25,491,9,6,1942292,44,44143.0
16,26,4512,15,29,6719849,84,79998.20238095238
16,27,3947,14,32,7322056,84,87167.33333333333
16,28,5281,11,17,4227608,58,72889.79310344828
16,29,7786,14,30,6957261,70,99389.44285714286
16,30,3947,15,26,6219854,78,79741.71794871795
16,31,2852,14,35,7865856,80,98323.2
16,32,5281,21,70,14905281,176,84689.09659090909
16,33,491,13,23,5487058,67,81896.3880597015
16,34,8685,11,17,4249090,56,75876.60714285714
16,35,10593,15,30,7093375,92,77101.90217391304
16,36,10931,7,5,1747263,37,47223.32432432433
16,37,491,2,1,348473,17,20498.41176470588
16,38,15288,15,40,8939502,84,106422.64285714286
16,39,15288,18,71,14886322,131,113636.04580152672
16,40,507,18,48,10584458,107,98920.16822429906
16,41,491,14,29,6688703,80,83608.7875
16,42,4512,17,57,12185421,107,113882.43925233645
16,43,10839,8,6,1876140,43,43631.16279069767
16,44,2852,20,93,18909003,132,143250.02272727274
16,45,7786,12,21,4960219,65,76311.06153846154
16,46,5281,18,68,14390287,116,124054.19827586207
16,47,1801,15,30,6992459,94,74387.86170212766
16,48,15288,13,13,3838004,69,55623.24637681159
16,49,15288,16,44,9872130,94,105022.65957446808
16,50,8685,18,48,10542060,140,75300.42857142857
16,51,10931,16,43,9468843,86,110102.82558139534
16,52,10931,16,43,9624625,101,95293.31683168317
16,53,1801,17,33,7836145,91,86111.48351648351
16,54,5281,22,121,24404601,162,150645.6851851852
16,55,10931,16,33,7687652,86,89391.30232558139
16,56,10931,10,10,2900043,49,59184.551020408166
16,57,7786,17,61,12815206,104,123223.13461538461
16,58,1721,15,37,8409499,91,92412.07692307692
16,59,7786,16,49,10688445,102,104788.67647058824
16,60,7786,18,84,17199437,133,129319.07518796992
16,61,14405,21,83,17546278,156,112476.14102564103
16,62,491,19,77,16013692,114,140470.98245614034
16,63,7786,16,42,9409358,92,102275.63043478261
16,64,10931,16,32,7424535,127,58460.90551181103
16,65,10839,21,67,14330951,153,93666.34640522876
16,66,491,15,45,9656118,93,103829.2258064516
16,67,8685,16,30,7095177,88,80627.01136363637
16,68,3947,21,81,17002208,163,104308.0245398773
16,69,5281,17,36,8296803,99,83806.09090909091
16,70,2852,4,3,924725,22,42032.954545454544
16,71,2852,16,27,6639933,95,69894.03157894737
16,72,491,12,15,3886335,60,64772.25
16,73,1721,17,35,8211147,92,89251.59782608696
16,74,10593,10,15,3735495,54,69175.83333333333
16,75,15288,14,31,7126292,72,98976.27777777778
16,76,2852,10,13,3325933,51,65214.37254901961
16,77,8685,15,31,7084126,81,87458.34567901235
16,78,15288,17,41,9333085,91,102561.37362637362
16,79,491,16,43,9450507,105,90004.82857142857
16,80,491,12,16,4119634,92,44778.63043478261
16,81,8685,9,12,3104385,47,66050.74468085106
16,82,8685,12,18,4609388,62,74344.96774193548
16,83,2852,10,12,3263362,55,59333.854545454546
16,84,7786,18,66,13921561,132,105466.37121212122
16,85,2852,18,44,9887505,116,85237.11206896552
16,86,7786,15,36,8107444,86,94272.6046511628
16,87,7786,16,46,10018094,97,103279.31958762887
16,88,10593,16,48,10375916,105,98818.24761904762
16,89,5281,14,27,6456481,77,83850.4025974026
16,90,5281,18,54,11796141,135,87378.82222222222
16,91,10931,17,53,11474226,114,100651.1052631579
16,92,507,20,86,17717125,143,123895.97902097902
16,93,5281,15,45,9748109,88,110773.96590909091
16,94,1721,17,40,8964364,104,86195.80769230769
16,95,4724,10,12,3274825,56,58479.017857142855
16,96,4724,17,42,9333912,127,73495.37007874016
16,97,1801,16,33,7622272,108,70576.5925925926
16,98,1801,13,20,4927075,70,70386.78571428571
16,99,15288,21,101,20543736,165,124507.4909090909
64,0,2852,6,4,1384371,34,40716.794117647056
64,1,8685,13,14,3856069,66,58425.28787878788
64,2,8089,7,3,1264351,37,34171.64864864865
64,3,4876,13,19,4853852,65,74674.64615384616
64,4,4720,8,4,1594030,40,39850.75
64,5,4876,18,40,9123904,102,89450.03921568628
64,6,7786,12,24,5586500,64,87289.0625
64,7,1801,12,25,5671497,68,83404.36764705883
64,8,3304,11,13,3576390,59,60616.779661016946
64,9,12001,1,0,120595,10,12059.5
64,10,8685,5,4,1233856,29,42546.75862068965
64,11,682,12,19,4655839,65,71628.2923076923
64,12,26,14,20,5084949,84,60535.107142857145
64,13,9302,11,17,4351429,56,77704.08928571429
64,14,14567,12,19,4788650,64,74822.65625
64,15,7400,10,7,2334518,52,44894.57692307692
64,16,10839,13,30,6842528,105,65166.933333333334
64,17,6247,7,6,1853531,37,50095.43243243243
64,18,14542,9,8,2392569,48,49845.1875
64,19,4724,11,16,4122236,61,67577.6393442623
64,20,14542,13,20,5044255,66,76428.10606060606
64,21,11647,13,18,4653110,69,67436.37681159421
64,22,4724,8,6,1833525,43,42640.11627906977
64,23,16090,10,13,3574171,56,63824.482142857145
64,24,2888,3,2,631819,19,33253.63157894737
64,25,3073,6,3,1117877,32,34933.65625
64,26,8225,12,13,3544472,64,55382.375
64,27,173,10,11,3092305,46,67224.02173913043
64,28,10593,10,14,3585910,54,66405.74074074074
64,29,14542,7,6,1909592,36,53044.22222222222
64,30,3903,11,11,3090155,53,58304.811320754714
64,31,160,11,19,4639864,57,81401.12280701754
64,32,4720,2,1,407447,17,23967.470588235294
64,33,160,4,1,596706,23,25943.739130434784
64,34,6247,10,13,3462165,51,67885.58823529411
64,35,7400,13,18,4663512,72,64771.0
64,36,5531,14,23,5742279,80,71778.4875
64,37,8225,16,28,6760907,89,75965.24719101124
64,38,10931,10,17,4236187,56,75646.19642857143
64,39,2888,11,13,3555215,54,65837.31481481482
64,40,11272,10,9,2684174,85,31578.517647058823
64,41,4512,6,5,1499564,32,46861.375
64,42,507,10,8,2502808,54,46348.2962962963
64,43,11272,10,12,3209661,55,58357.472727272725
64,44,7400,11,8,2563831,53,48374.16981132075
64,45,7786,11,14,3584588,54,66381.25925925926
64,46,6247,9,10,2805709,48,58452.270833333336
64,47,5200,15,30,7011525,93,75392.74193548386
64,48,15288,13,13,3837386,69,55614.289855072464
64,49,10234,11,11,3264888,59,55337.08474576271
64,50,1038,16,32,7392653,93,79490.89247311828
64,51,14405,8,10,2618432,42,62343.619047619046
64,52,16090,16,43,9654609,102,94653.0294117647
64,53,15469,13,21,5229626,70,74708.94285714286
64,54,14405,9,13,3348407,48,69758.47916666667
64,55,11647,2,1,428458,17,25203.41176470588
64,56,7786,7,4,1480120,36,41114.444444444445
64,57,3876,12,15,3926140,63,62319.68253968254
64,58,8225,5,4,1279243,29,44111.8275862069
64,59,8225,11,14,3784166,56,67574.39285714286
64,60,3903,2,1,373498,17,21970.470588235294
64,61,13012,10,13,3518480,50,70369.6
64,62,15288,5,4,1306445,31,42143.3870967742
64,63,14567,10,11,3010955,55,54744.63636363636
64,64,1801,10,10,2857406,83,34426.57831325301
64,65,26,15,28,6620734,77,85983.55844155845
64,66,9302,13,26,6006607,75,80088.09333333334
64,67,682,11,15,3847892,57,67506.87719298246
64,68,1825,12,24,5657961,64,88405.640625
64,69,8225,15,23,5753020,71,81028.45070422535
64,70,5531,15,40,8785411,92,95493.59782608696
64,71,2852,16,27,6638480,94,70622.12765957447
64,72,13048,13,20,4920299,66,74549.98484848485
64,73,701,17,35,8204426,93,88219.63440860216
64,74,507,16,48,10339493,96,107703.05208333333
64,75,10812,7,5,1696128,34,49886.117647058825
64,76,1801,15,36,8060348,91,88575.25274725274
64,77,701,8,8,2216437,41,54059.439024390245
64,78,5281,6,5,1549835,32,48432.34375
64,79,8089,16,43,9430575,105,89815.0
64,80,8799,8,4,1513621,40,37840.525
64,81,7786,7,6,1775388,37,47983.45945945946
64,82,10234,11,15,3953098,59,67001.66101694915
64,83,5270,14,23,5752866,113,50910.318584070796
64,84,14494,3,1,511485,20,25574.25
64,85,5200,10,13,3370074,50,67401.48
64,86,586,12,19,4654628,67,69472.05970149254
64,87,10593,13,23,5510198,73,75482.16438356164
64,88,7786,13,25,5913425,67,88260.07462686567
64,89,10931,10,13,3516432,56,62793.42857142857
64,90,16090,13,12,3586835,69,51983.115942028984
64,91,13048,14,18,4827860,78,61895.64102564102
64,92,5341,3,1,527510,20,26375.5
64,93,13012,10,14,3578298,50,71565.96
64,94,507,13,21,5089355,70,72705.07142857143
64,95,507,20,75,15743072,147,107095.72789115646
64,96,13012,14,21,5225005,70,74642.92857142857
64,97,1801,16,33,7617900,110,69253.63636363637
64,98,491,10,7,2310188,47,49152.936170212764
64,99,5531,6,4,1331153,34,39151.55882352941
256,0,15288,8,7,2141128,44,48662.0
256,1,5849,5,2,901438,28,32194.214285714286
256,2,8081,7,3,1264342,37,34171.40540540541
256,3,16060,9,8,2409147,48,50190.5625
256,4,12680,12,17,4364972,67,65148.835820895525
256,5,7233,10,5,1937118,48,40356.625
256,6,3716,7,7,1985774,68,29202.558823529413
256,7,3545,8,8,2197343,42,52317.69047619047
256,8,11907,10,8,2576812,52,49554.07692307692
256,9,12001,1,0,120596,11,10963.272727272728
256,10,5451,4,2,761916,22,34632.545454545456
256,11,873,12,19,4654424,67,69469.01492537314
256,12,90,5,3,1058808,29,36510.620689655174
256,13,7326,6,5,1546166,32,48317.6875
256,14,1930,6,7,1921685,33,58232.878787878784
256,15,13448,9,3,1502139,44,34139.52272727273
256,16,12329,6,4,1318673,33,39959.78787878788
256,17,6247,7,6,1852938,37,50079.40540540541
256,18,4389,7,4,1406042,34,41354.17647058824
256,19,13749,7,3,1309969,36,36388.02777777778
256,20,6940,9,9,2628934,48,54769.458333333336
256,21,2302,9,4,1711012,50,34220.24
256,22,7844,9,7,2119246,46,46070.565217391304
256,23,6733,5,4,1288953,29,44446.65517241379
256,24,4724,8,10,2583213,42,61505.07142857143
256,25,9555,12,14,3741800,62,60351.6129032258
256,26,6702,9,6,1937254,42,46125.09523809524
256,27,10532,6,4,1350866,32,42214.5625
256,28,314,8,7,2113873,40,52846.825
256,29,14410,7,6,1908645,35,54532.71428571428
256,30,4956,9,7,2156384,47,45880.51063829787
256,31,15859,9,10,2835036,48,59063.25
256,32,11246,10,12,3202559,53,60425.64150943396
256,33,825,8,8,2243068,42,53406.380952380954
256,34,10842,7,5,1695434,37,45822.54054054054
256,35,9972,6,6,1739286,32,54352.6875
256,36,16297,6,3,1266461,34,37248.85294117647
256,37,1456,5,4,1200363,29,41391.8275862069
256,38,11990,6,5,1611406,34,47394.294117647056
256,39,10839,4,2,771407,22,35063.954545454544
256,40,586,5,4,1273459,29,43912.379310344826
256,41,7400,5,4,1226720,29,42300.68965517241
256,42,507,10,8,2502681,54,46345.944444444445
256,43,160,6,3,1095588,30,36519.6
256,44,7400,11,8,2563659,53,48370.92452830189
256,45,8996,6,4,1315315,32,41103.59375
256,46,15586,8,6,1978852,41,48264.68292682927
256,47,56,9,6,2049474,46,44553.782608695656
256,48,10265,11,7,2474277,56,44183.517857142855
256,49,5281,9,6,2117065,43,49234.06976744186
256,50,2160,13,15,3964908,67,59177.73134328358
256,51,6300,5,4,1222509,29,42155.48275862069
256,52,13448,3,1,567443,20,28372.15
256,53,8799,9,7,2257526,46,49076.65217391304
256,54,7615,4,2,767607,23,33374.217391304344
256,55,12785,4,2,823002,24,34291.75
256,56,7780,7,4,1479852,36,41107.0
256,57,9459,7,2,1019618,37,27557.243243243243
256,58,8225,5,4,1279361,30,42645.36666666667
256,59,4389,6,5,1608211,34,47300.32352941176
256,60,11343,9,10,2700238,48,56254.958333333336
256,61,12329,11,17,4341679,56,77529.98214285714
256,62,5666,10,13,3468611,55,63065.65454545455
256,63,14388,10,11,3010124,54,55743.03703703704
256,64,3410,8,4,1555313,40,38882.825
256,65,10195,6,3,1156575,32,36142.96875
256,66,1133,6,2,943251,30,31441.7
256,67,5270,10,10,2861828,51,56114.27450980392
256,68,8996,8,6,1924229,40,48105.725
256,69,15374,7,3,1299870,37,35131.62162162162
256,70,2789,4,3,924247,23,40184.65217391304
256,71,15233,8,6,1943746,40,48593.65
256,72,1859,7,4,1456498,34,42838.17647058824
256,73,9230,7,6,1863957,36,51776.583333333336
256,74,2442,6,2,993743,30,33124.76666666667
256,75,14410,2,1,430116,16,26882.25
256,76,13239,9,10,2691522,48,56073.375
256,77,9230,7,5,1593421,35,45526.31428571429
256,78,3237,2,1,372954,17,21938.470588235294
256,79,11111,2,1,396640,17,23331.764705882353
256,80,8089,10,10,2826907,54,52350.12962962963
256,81,9492,6,4,1307007,31,42161.51612903226
256,82,14992,3,1,564303,21,26871.571428571428
256,83,15859,3,2,723387,20,36169.35
256,84,10082,6,4,1324477,30,44149.23333333333
256,85,8851,9,10,2728855,46,59322.934782608696
256,86,10812,11,13,3483219,58,60055.5
256,87,6247,12,15,3937400,61,64547.54098360656
256,88,1038,6,3,1167066,30,38902.2
256,89,10532,10,13,3513524,54,65065.25925925926
256,90,15943,13,12,3585118,69,51958.23188405797
256,91,9960,4,1,645067,23,28046.391304347828
256,92,8081,4,1,632509,23,27500.391304347828
256,93,12684,10,14,3575527,50,71510.54
256,94,2888,7,3,1198872,34,35260.94117647059
256,95,2852,9,7,2270381,43,52799.558139534885
256,96,1456,4,2,707403,23,30756.652173913044
256,97,13286,6,3,1196007,30,39866.9
256,98,10964,2,1,394468,16,24654.25
256,99,2852,5,2,871904,28,31139.428571428572
