target_count,seed_j,seed_meas,backend,success,termination_reason,result_index,trial_count,L_BBHT,execution_seconds,wall_seconds,build_seconds,transpile_seconds
1,1,2779077211,NUMPY_FLOAT64,1,SUCCESS,0,20,99,0.006390037713572383,0.011358789051882923,,
1,1,2779077211,QISKIT_AER_STATEVECTOR,1,SUCCESS,0,20,99,1.3305241896305233,4.613261413993314,1.2650063171749935,1.725834102020599
1,2,2779077208,NUMPY_FLOAT64,1,SUCCESS,0,19,88,0.00880846893414855,0.014668390969745815,,
1,2,2779077208,QISKIT_AER_STATEVECTOR,1,SUCCESS,0,19,88,1.0960871522547677,3.4701650430215523,0.8909064169274643,1.2872345491778105
1,3,2779077209,NUMPY_FLOAT64,1,SUCCESS,0,20,94,0.008458469063043594,0.015059424913488328,,
1,3,2779077209,QISKIT_AER_STATEVECTOR,1,SUCCESS,0,20,94,1.1476194219430909,3.3779884219402447,0.8818915310548618,1.1826063258340582
1,4,2779077214,NUMPY_FLOAT64,1,SUCCESS,0,21,110,0.013343892060220242,0.022466421010904014,,
1,4,2779077214,QISKIT_AER_STATEVECTOR,1,SUCCESS,0,21,110,1.47388976207003,1.9922097609378397,0.23375724500510842,0.21556693594902754
1,5,2779077215,NUMPY_FLOAT64,1,SUCCESS,0,22,154,0.012955867452546954,0.02041383204050362,,
1,5,2779077215,QISKIT_AER_STATEVECTOR,1,SUCCESS,0,22,154,2.05548216891475,4.1803810090059415,0.9524412249447778,0.9534960341406986
1,6,2779077212,NUMPY_FLOAT64,1,SUCCESS,0,22,124,0.012897779233753681,0.021316083963029087,,
1,6,2779077212,QISKIT_AER_STATEVECTOR,1,SUCCESS,0,22,124,1.6175597088877112,3.776770868920721,0.9892022529384121,0.9734279289841652
1,7,2779077213,NUMPY_FLOAT64,1,SUCCESS,0,21,145,0.013298493111506104,0.021712786983698606,,
1,7,2779077213,QISKIT_AER_STATEVECTOR,1,SUCCESS,0,21,145,1.9110670679947361,4.810788389062509,1.4042635940713808,1.2278727220837027
1,8,2779077202,NUMPY_FLOAT64,1,SUCCESS,0,24,199,0.018671722849830985,0.02813615696504712,,
1,8,2779077202,QISKIT_AER_STATEVECTOR,1,SUCCESS,0,24,199,2.8117116091307253,5.588980269967578,1.4081449698423967,1.0835425719851628
1,9,2779077203,NUMPY_FLOAT64,1,SUCCESS,0,25,201,0.01619526301510632,0.023608549032360315,,
1,9,2779077203,QISKIT_AER_STATEVECTOR,1,SUCCESS,0,25,201,2.5472569646080956,5.57256950205192,1.2425424600951374,1.5046780500561
1,10,2779077200,NUMPY_FLOAT64,1,SUCCESS,0,20,86,0.008084180997684598,0.014521598001010716,,
1,10,2779077200,QISKIT_AER_STATEVECTOR,1,SUCCESS,0,20,86,1.1670023321639746,1.9936321229906753,0.37690692592877895,0.3660227711079642
1,11,2779077201,NUMPY_FLOAT64,1,SUCCESS,0,23,181,0.015607075183652341,0.022026843042112887,,
1,11,2779077201,QISKIT_AER_STATEVECTOR,1,SUCCESS,0,23,181,2.095771627034992,3.1675740350037813,0.5530230950098485,0.4040669429814443
1,12,2779077206,NUMPY_FLOAT64,1,SUCCESS,0,24,185,0.013150533777661622,0.019630684982985258,,
1,12,2779077206,QISKIT_AER_STATEVECTOR,1,SUCCESS,0,24,185,2.555888529866934,4.5992118349531665,1.1006108089350164,0.7334860009141266
1,13,2779077207,NUMPY_FLOAT64,1,SUCCESS,0,19,66,0.006757031776942313,0.013455054955556989,,
1,13,2779077207,QISKIT_AER_STATEVECTOR,1,SUCCESS,0,19,66,0.9443231502082199,0.9636069970438257,0.0,0.0
1,14,2779077204,NUMPY_FLOAT64,1,SUCCESS,0,25,227,0.013982609962113202,0.020537464995868504,,
1,14,2779077204,QISKIT_AER_STATEVECTOR,1,SUCCESS,0,25,227,3.2228679839754477,5.574130653985776,1.0668731299228966,1.0869867419824004
1,15,2779077205,NUMPY_FLOAT64,1,SUCCESS,0,21,113,0.013575585908256471,0.022749878000468016,,
1,15,2779077205,QISKIT_AER_STATEVECTOR,1,SUCCESS,0,21,113,1.5733001962071285,2.442767307977192,0.3340101439971477,0.4644981229212135
1,16,2779077194,NUMPY_FLOAT64,1,SUCCESS,0,26,276,0.02033460419625044,0.02702360099647194,,
1,16,2779077194,QISKIT_AER_STATEVECTOR,1,SUCCESS,0,26,276,3.670169088523835,8.206311786081642,2.18820386310108,1.9604719070484862
1,17,2779077195,NUMPY_FLOAT64,1,SUCCESS,0,23,163,0.018122003064490855,0.02701252489350736,,
1,17,2779077195,QISKIT_AER_STATEVECTOR,1,SUCCESS,0,23,163,2.2299765169154853,2.2467198920203373,0.0,0.0
1,18,2779077192,NUMPY_FLOAT64,1,SUCCESS,0,24,203,0.01183618395589292,0.017300228006206453,,
1,18,2779077192,QISKIT_AER_STATEVECTOR,1,SUCCESS,0,24,203,2.846664720098488,6.938148967921734,1.9437108939746395,1.7400812930427492
1,19,2779077193,NUMPY_FLOAT64,1,SUCCESS,0,24,192,0.02073479106184095,0.03068438300397247,,
1,19,2779077193,QISKIT_AER_STATEVECTOR,1,SUCCESS,0,24,192,2.7410705860238522,2.760302815004252,0.0,0.0
1,20,2779077198,NUMPY_FLOAT64,1,SUCCESS,0,26,262,0.01571154675912112,0.021921630948781967,,
1,20,2779077198,QISKIT_AER_STATEVECTOR,1,SUCCESS,0,26,262,3.403294149087742,7.431524692103267,1.9408618240850046,1.6887295459164307
1,21,2779077199,NUMPY_FLOAT64,1,SUCCESS,0,22,140,0.015414700144901872,0.02358780603390187,,
1,21,2779077199,QISKIT_AER_STATEVECTOR,1,SUCCESS,0,22,140,1.831185873830691,3.3806594259804115,0.6962019860511646,0.6738770690280944
1,22,2779077196,NUMPY_FLOAT64,1,SUCCESS,0,24,197,0.021894434350542724,0.031995062017813325,,
1,22,2779077196,QISKIT_AER_STATEVECTOR,1,SUCCESS,0,24,197,2.634372775326483,6.746999835013412,1.8916503760265186,1.8484776119003072
1,23,2779077197,NUMPY_FLOAT64,1,SUCCESS,0,9,9,0.001992623903788626,0.005869899992831051,,
1,23,2779077197,QISKIT_AER_STATEVECTOR,1,SUCCESS,0,9,9,0.12507195898797363,0.1325778589816764,0.0,0.0
1,24,2779077186,NUMPY_FLOAT64,1,SUCCESS,0,26,194,0.022237853263504803,0.03377630503382534,,
1,24,2779077186,QISKIT_AER_STATEVECTOR,1,SUCCESS,0,26,194,2.641094757243991,2.6664452200056985,0.0,0.0
1,25,2779077187,NUMPY_FLOAT64,1,SUCCESS,0,19,92,0.0114141401136294,0.01966661005280912,,
1,25,2779077187,QISKIT_AER_STATEVECTOR,1,SUCCESS,0,19,92,1.2563091651536524,1.2720487769693136,0.0,0.0
1,26,2779077184,NUMPY_FLOAT64,1,SUCCESS,0,23,162,0.01874573773238808,0.02821710705757141,,
1,26,2779077184,QISKIT_AER_STATEVECTOR,1,SUCCESS,0,23,162,2.1942836861126125,4.029233761015348,0.8337106639519334,0.8476264160126448
1,27,2779077185,NUMPY_FLOAT64,1,SUCCESS,0,24,187,0.020551957306452096,0.030738858971744776,,
1,27,2779077185,QISKIT_AER_STATEVECTOR,1,SUCCESS,0,24,187,2.685766085749492,6.176000022096559,1.4574907020432875,1.7171821240335703
1,28,2779077190,NUMPY_FLOAT64,1,SUCCESS,0,21,156,0.01716805435717106,0.025587380048818886,,
1,28,2779077190,QISKIT_AER_STATEVECTOR,1,SUCCESS,0,21,156,2.144095215247944,2.16130134195555,0.0,0.0
1,29,2779077191,NUMPY_FLOAT64,1,SUCCESS,0,17,62,0.007743449881672859,0.01489234494511038,,
1,29,2779077191,QISKIT_AER_STATEVECTOR,1,SUCCESS,0,17,62,0.9053962341276929,0.9170243359403685,0.0,0.0
1,30,2779077188,NUMPY_FLOAT64,1,SUCCESS,0,17,63,0.004723565885797143,0.008994175936095417,,
1,30,2779077188,QISKIT_AER_STATEVECTOR,1,SUCCESS,0,17,63,0.864312105695717,0.8783284599194303,0.0,0.0
1,31,2779077189,NUMPY_FLOAT64,1,SUCCESS,0,22,126,0.013638848206028342,0.02237241400871426,,
1,31,2779077189,QISKIT_AER_STATEVECTOR,1,SUCCESS,0,22,126,1.7995436110068113,3.4297857190249488,0.8594124229857698,0.6099887060699984
1,32,2779077242,NUMPY_FLOAT64,1,SUCCESS,0,24,206,0.021338129648938775,0.03145394695457071,,
1,32,2779077242,QISKIT_AER_STATEVECTOR,1,SUCCESS,0,24,206,2.599867810262367,2.619394381996244,0.0,0.0
1,33,2779077243,NUMPY_FLOAT64,1,SUCCESS,0,24,174,0.0100234734127298,0.015356545918621123,,
1,33,2779077243,QISKIT_AER_STATEVECTOR,1,SUCCESS,0,24,174,2.31476058694534,4.514389168005437,1.0440840579103678,0.8885617699706927
1,34,2779077240,NUMPY_FLOAT64,1,SUCCESS,0,25,267,0.02477444673422724,0.0320750440005213,,
1,34,2779077240,QISKIT_AER_STATEVECTOR,1,SUCCESS,0,25,267,3.6860209200531244,5.329196189995855,0.8443059329874814,0.6301544109592214
1,35,2779077241,NUMPY_FLOAT64,1,SUCCESS,0,24,275,0.022023794939741492,0.028193188016302884,,
1,35,2779077241,QISKIT_AER_STATEVECTOR,1,SUCCESS,0,24,275,3.915550143108703,6.42942837101873,1.1861440639477223,1.0624392890604213
1,36,2779077246,NUMPY_FLOAT64,1,SUCCESS,0,24,182,0.01070939318742603,0.016083243070170283,,
1,36,2779077246,QISKIT_AER_STATEVECTOR,1,SUCCESS,0,24,182,2.698976782732643,2.717132029007189,0.0,0.0
1,37,2779077247,NUMPY_FLOAT64,1,SUCCESS,0,17,61,0.00582344806753099,0.011311353999190032,,
1,37,2779077247,QISKIT_AER_STATEVECTOR,1,SUCCESS,0,17,61,0.8944465250242501,0.9068773849867284,0.0,0.0
1,38,2779077244,NUMPY_FLOAT64,1,SUCCESS,0,17,59,0.007113632280379534,0.013034156989306211,,
1,38,2779077244,QISKIT_AER_STATEVECTOR,1,SUCCESS,0,17,59,0.7999935180414468,0.8127146860351786,0.0,0.0
1,39,2779077245,NUMPY_FLOAT64,1,SUCCESS,0,24,207,0.02311236783862114,0.033528880099765956,,
1,39,2779077245,QISKIT_AER_STATEVECTOR,1,SUCCESS,0,24,207,2.7905753139639273,2.812862458988093,0.0,0.0
1,40,2779077234,NUMPY_FLOAT64,1,SUCCESS,0,20,87,0.005995918880216777,0.010530190076678991,,
1,40,2779077234,QISKIT_AER_STATEVECTOR,1,SUCCESS,0,20,87,1.3382397388340905,1.3539424530463293,0.0,0.0
1,41,2779077235,NUMPY_FLOAT64,1,SUCCESS,0,26,283,0.027560270042158663,0.03525551606435329,,
1,41,2779077235,QISKIT_AER_STATEVECTOR,1,SUCCESS,0,26,283,4.022455137688667,8.419356437050737,2.1872411081567407,1.8148849119897932
1,42,2779077232,NUMPY_FLOAT64,1,SUCCESS,0,23,191,0.021883583976887167,0.03194492997135967,,
1,42,2779077232,QISKIT_AER_STATEVECTOR,1,SUCCESS,0,23,191,2.61861356603913,4.122864827979356,0.8005242489743978,0.5321788389701396
1,43,2779077233,NUMPY_FLOAT64,1,SUCCESS,0,23,187,0.021034906851127744,0.030077854986302555,,
1,43,2779077233,QISKIT_AER_STATEVECTOR,1,SUCCESS,0,23,187,2.5925514383707196,2.6116083880187944,0.0,0.0
1,44,2779077238,NUMPY_FLOAT64,1,SUCCESS,0,23,155,0.01143892970867455,0.017194638960063457,,
1,44,2779077238,QISKIT_AER_STATEVECTOR,1,SUCCESS,0,23,155,2.1799945139791816,2.1972253679996356,0.0,0.0
1,45,2779077239,NUMPY_FLOAT64,1,SUCCESS,0,26,280,0.021154033951461315,0.02727600105572492,,
1,45,2779077239,QISKIT_AER_STATEVECTOR,1,SUCCESS,0,26,280,4.050074800150469,5.463375570019707,0.6599595349980518,0.6309743450256065
1,46,2779077236,NUMPY_FLOAT64,1,SUCCESS,0,24,178,0.020827150205150247,0.03116202400997281,,
1,46,2779077236,QISKIT_AER_STATEVECTOR,1,SUCCESS,0,24,178,2.59567823598627,5.687370278988965,1.5152531720232219,1.276372572989203
1,47,2779077237,NUMPY_FLOAT64,1,SUCCESS,0,23,183,0.02107630716636777,0.03120707196649164,,
1,47,2779077237,QISKIT_AER_STATEVECTOR,1,SUCCESS,0,23,183,2.3767952452180907,2.3940977959427983,0.0,0.0
1,48,2779077226,NUMPY_FLOAT64,1,SUCCESS,0,19,98,0.012145053129643202,0.020565093960613012,,
1,48,2779077226,QISKIT_AER_STATEVECTOR,1,SUCCESS,0,19,98,1.3794596327934414,1.391839790972881,0.0,0.0
1,49,2779077227,NUMPY_FLOAT64,1,SUCCESS,0,25,172,0.0178984054364264,0.02782517089508474,,
1,49,2779077227,QISKIT_AER_STATEVECTOR,1,SUCCESS,0,25,172,2.3628544118255377,2.3822712680557743,0.0,0.0
1,50,2779077224,NUMPY_FLOAT64,1,SUCCESS,0,23,163,0.012253852561116219,0.018983663991093636,,
1,50,2779077224,QISKIT_AER_STATEVECTOR,1,SUCCESS,0,23,163,2.1393377298954874,2.154394651995972,0.0,0.0
4,1,2779077211,NUMPY_FLOAT64,1,SUCCESS,2,9,10,0.001021253876388073,0.003284743055701256,,
4,1,2779077211,QISKIT_AER_STATEVECTOR,1,SUCCESS,2,9,10,0.17709985980764031,0.5615211249096319,0.09286808199249208,0.27421136712655425
4,2,2779077208,NUMPY_FLOAT64,1,SUCCESS,0,19,88,0.008637636317871511,0.01479476597160101,,
4,2,2779077208,QISKIT_AER_STATEVECTOR,1,SUCCESS,0,19,88,1.188669928116724,3.7219679889967665,1.0280380168696865,1.310141573077999
4,3,2779077209,NUMPY_FLOAT64,1,SUCCESS,3,12,18,0.00260771915782243,0.006382204941473901,,
4,3,2779077209,QISKIT_AER_STATEVECTOR,1,SUCCESS,3,12,18,0.2719114942010492,0.4711832089815289,0.06943615805357695,0.10334681195672601
4,4,2779077214,NUMPY_FLOAT64,1,SUCCESS,0,21,110,0.007161122164689004,0.012407460017129779,,
4,4,2779077214,QISKIT_AER_STATEVECTOR,1,SUCCESS,0,21,110,1.4146763470489532,3.2676310130627826,0.6829665199620649,1.0465208831010386
4,5,2779077215,NUMPY_FLOAT64,1,SUCCESS,3,15,39,0.005543253966607153,0.012123016058467329,,
4,5,2779077215,QISKIT_AER_STATEVECTOR,1,SUCCESS,3,15,39,0.643389254109934,1.0481325519504026,0.16545542003586888,0.1946284139994532
4,6,2779077212,NUMPY_FLOAT64,1,SUCCESS,0,22,124,0.009431535610929132,0.015815497958101332,,
4,6,2779077212,QISKIT_AER_STATEVECTOR,1,SUCCESS,0,22,124,1.7071767438901588,4.71474813495297,1.3313272149534896,1.3731110099470243
4,7,2779077213,NUMPY_FLOAT64,1,SUCCESS,0,21,145,0.00994302297476679,0.015231308992952108,,
4,7,2779077213,QISKIT_AER_STATEVECTOR,1,SUCCESS,0,21,145,2.0171481667784974,4.978678739978932,1.375519290100783,1.2807888080133125
4,8,2779077202,NUMPY_FLOAT64,1,SUCCESS,2,22,150,0.009138776455074549,0.014123402070254087,,
4,8,2779077202,QISKIT_AER_STATEVECTOR,1,SUCCESS,2,22,150,2.2396631526062265,5.427437199978158,1.4501656879438087,1.4558978920103982
4,9,2779077203,NUMPY_FLOAT64,1,SUCCESS,1,18,73,0.009035211172886193,0.016966087045148015,,
4,9,2779077203,QISKIT_AER_STATEVECTOR,1,SUCCESS,1,18,73,1.06619103893172,1.0817555269459262,0.0,0.0
4,10,2779077200,NUMPY_FLOAT64,1,SUCCESS,0,20,86,0.00820974912494421,0.015005434979684651,,
4,10,2779077200,QISKIT_AER_STATEVECTOR,1,SUCCESS,0,20,86,1.2125184799078852,2.776382412062958,0.704294617054984,0.7126926120836288
4,11,2779077201,NUMPY_FLOAT64,1,SUCCESS,3,20,123,0.007233219803310931,0.011782743968069553,,
4,11,2779077201,QISKIT_AER_STATEVECTOR,1,SUCCESS,3,20,123,1.8368684181477875,1.853108886978589,0.0,0.0
4,12,2779077206,NUMPY_FLOAT64,1,SUCCESS,1,21,96,0.011397249065339565,0.020506837056018412,,
4,12,2779077206,QISKIT_AER_STATEVECTOR,1,SUCCESS,1,21,96,1.38439465186093,1.4035393779631704,0.0,0.0
4,13,2779077207,NUMPY_FLOAT64,1,SUCCESS,1,14,28,0.004020367749035358,0.01003851997666061,,
4,13,2779077207,QISKIT_AER_STATEVECTOR,1,SUCCESS,1,14,28,0.4788758106296882,0.4917880699504167,0.0,0.0
4,14,2779077204,NUMPY_FLOAT64,1,SUCCESS,1,20,95,0.008924314053729177,0.016336411936208606,,
4,14,2779077204,QISKIT_AER_STATEVECTOR,1,SUCCESS,1,20,95,1.1343428122345358,1.8410182839725167,0.35379359405487776,0.2786184550495818
4,15,2779077205,NUMPY_FLOAT64,1,SUCCESS,3,18,59,0.00492880295496434,0.00951752602122724,,
4,15,2779077205,QISKIT_AER_STATEVECTOR,1,SUCCESS,3,18,59,0.7556850707624108,1.6004577919375151,0.4104863100219518,0.3747533780988306
4,16,2779077194,NUMPY_FLOAT64,1,SUCCESS,2,15,33,0.004822188871912658,0.011400089948438108,,
4,16,2779077194,QISKIT_AER_STATEVECTOR,1,SUCCESS,2,15,33,0.5337036780547351,0.5458999620750546,0.0,0.0
4,17,2779077195,NUMPY_FLOAT64,1,SUCCESS,2,20,108,0.009483669186010957,0.015045045991428196,,
4,17,2779077195,QISKIT_AER_STATEVECTOR,1,SUCCESS,2,20,108,1.355164730688557,2.2668241269420832,0.45866453798953444,0.38059777894522995
4,18,2779077192,NUMPY_FLOAT64,1,SUCCESS,2,18,54,0.0037218991201370955,0.007788760936819017,,
4,18,2779077192,QISKIT_AER_STATEVECTOR,1,SUCCESS,2,18,54,0.7476340960711241,0.7586670080199838,0.0,0.0
4,19,2779077193,NUMPY_FLOAT64,1,SUCCESS,2,23,128,0.007725564180873334,0.012872925959527493,,
4,19,2779077193,QISKIT_AER_STATEVECTOR,1,SUCCESS,2,23,128,1.9327509538270533,3.1755425189621747,0.6247174330055714,0.4769843409303576
4,20,2779077198,NUMPY_FLOAT64,1,SUCCESS,1,16,45,0.004980143043212593,0.010952089913189411,,
4,20,2779077198,QISKIT_AER_STATEVECTOR,1,SUCCESS,1,16,45,0.7063167191809043,0.7197298710234463,0.0,0.0
4,21,2779077199,NUMPY_FLOAT64,1,SUCCESS,1,20,80,0.008525566896423697,0.01599017600528896,,
4,21,2779077199,QISKIT_AER_STATEVECTOR,1,SUCCESS,1,20,80,1.015206508222036,1.0283994550118223,0.0,0.0
4,22,2779077196,NUMPY_FLOAT64,1,SUCCESS,1,22,117,0.008307743002660573,0.01421128399670124,,
4,22,2779077196,QISKIT_AER_STATEVECTOR,1,SUCCESS,1,22,117,1.5320260637672618,2.885970394941978,0.6694251509616151,0.5279213520698249
4,23,2779077197,NUMPY_FLOAT64,1,SUCCESS,0,9,9,0.0019631270552054048,0.006123628932982683,,
4,23,2779077197,QISKIT_AER_STATEVECTOR,1,SUCCESS,0,9,9,0.12133813393302262,0.12786351796239614,0.0,0.0
4,24,2779077186,NUMPY_FLOAT64,1,SUCCESS,1,21,90,0.010942816734313965,0.019881480024196208,,
4,24,2779077186,QISKIT_AER_STATEVECTOR,1,SUCCESS,1,21,90,1.2027602741727605,1.217753196018748,0.0,0.0
4,25,2779077187,NUMPY_FLOAT64,1,SUCCESS,0,19,92,0.00906489766202867,0.015217776992358267,,
4,25,2779077187,QISKIT_AER_STATEVECTOR,1,SUCCESS,0,19,92,1.2759086730657145,1.2907315390184522,0.0,0.0
4,26,2779077184,NUMPY_FLOAT64,1,SUCCESS,2,22,114,0.012415717355906963,0.021142826997675,,
4,26,2779077184,QISKIT_AER_STATEVECTOR,1,SUCCESS,2,22,114,1.6721249773399904,3.006320510059595,0.6882061409996822,0.5033688850235194
4,27,2779077185,NUMPY_FLOAT64,1,SUCCESS,1,22,95,0.011500655091367662,0.02038610295858234,,
4,27,2779077185,QISKIT_AER_STATEVECTOR,1,SUCCESS,1,22,95,1.4326831918442622,1.451226272038184,0.0,0.0
4,28,2779077190,NUMPY_FLOAT64,1,SUCCESS,2,16,50,0.005099527537822723,0.010089688003063202,,
4,28,2779077190,QISKIT_AER_STATEVECTOR,1,SUCCESS,2,16,50,0.6799325719475746,0.6901138250250369,0.0,0.0
4,29,2779077191,NUMPY_FLOAT64,1,SUCCESS,0,17,62,0.004652100149542093,0.008708814973942935,,
4,29,2779077191,QISKIT_AER_STATEVECTOR,1,SUCCESS,0,17,62,0.907801829627715,0.9209596589207649,0.0,0.0
4,30,2779077188,NUMPY_FLOAT64,1,SUCCESS,0,17,63,0.008001520880497992,0.014768538065254688,,
4,30,2779077188,QISKIT_AER_STATEVECTOR,1,SUCCESS,0,17,63,0.893390916986391,0.9087004790781066,0.0,0.0
4,31,2779077189,NUMPY_FLOAT64,1,SUCCESS,0,22,126,0.014643111964687705,0.02391957596410066,,
4,31,2779077189,QISKIT_AER_STATEVECTOR,1,SUCCESS,0,22,126,1.6400872828671709,3.365597973926924,0.7753909240709618,0.7560123880393803
4,32,2779077242,NUMPY_FLOAT64,1,SUCCESS,1,21,119,0.010911326273344457,0.016996509046293795,,
4,32,2779077242,QISKIT_AER_STATEVECTOR,1,SUCCESS,1,21,119,1.7127079990459606,2.7854500679532066,0.5106558150146157,0.47076094802469015
4,33,2779077243,NUMPY_FLOAT64,1,SUCCESS,2,17,50,0.006710610003210604,0.013764549978077412,,
4,33,2779077243,QISKIT_AER_STATEVECTOR,1,SUCCESS,2,17,50,0.7590195590164512,0.7754449310014024,0.0,0.0
4,34,2779077240,NUMPY_FLOAT64,1,SUCCESS,1,20,83,0.009474301943555474,0.017600427963770926,,
4,34,2779077240,QISKIT_AER_STATEVECTOR,1,SUCCESS,1,20,83,1.1476484650047496,1.1625107260188088,0.0,0.0
4,35,2779077241,NUMPY_FLOAT64,1,SUCCESS,3,18,76,0.007103725918568671,0.013508670963346958,,
4,35,2779077241,QISKIT_AER_STATEVECTOR,1,SUCCESS,3,18,76,1.0882546050706878,1.1018576640635729,0.0,0.0
4,36,2779077246,NUMPY_FLOAT64,1,SUCCESS,2,21,88,0.010467951418831944,0.018972274963743985,,
4,36,2779077246,QISKIT_AER_STATEVECTOR,1,SUCCESS,2,21,88,1.304810680099763,1.3231165909674019,0.0,0.0
4,37,2779077247,NUMPY_FLOAT64,1,SUCCESS,0,17,61,0.0053369461093097925,0.010085363988764584,,
4,37,2779077247,QISKIT_AER_STATEVECTOR,1,SUCCESS,0,17,61,0.7437735302373767,0.7551430440507829,0.0,0.0
4,38,2779077244,NUMPY_FLOAT64,1,SUCCESS,0,17,59,0.004156593000516295,0.008071299991570413,,
4,38,2779077244,QISKIT_AER_STATEVECTOR,1,SUCCESS,0,17,59,0.8589404799276963,0.871693616034463,0.0,0.0
4,39,2779077245,NUMPY_FLOAT64,1,SUCCESS,1,19,96,0.009802972665056586,0.016228738939389586,,
4,39,2779077245,QISKIT_AER_STATEVECTOR,1,SUCCESS,1,19,96,1.3402561717666686,1.354541631997563,0.0,0.0
4,40,2779077234,NUMPY_FLOAT64,1,SUCCESS,1,20,87,0.010124969063326716,0.017611277988180518,,
4,40,2779077234,QISKIT_AER_STATEVECTOR,1,SUCCESS,1,20,87,1.1180232621263713,1.1329312199959531,0.0,0.0
4,41,2779077235,NUMPY_FLOAT64,1,SUCCESS,2,20,107,0.007129104807972908,0.011675608926452696,,
4,41,2779077235,QISKIT_AER_STATEVECTOR,1,SUCCESS,2,20,107,1.5918819883372635,1.6082266879966483,0.0,0.0
4,42,2779077232,NUMPY_FLOAT64,1,SUCCESS,2,22,151,0.01695788896176964,0.02630300004966557,,
4,42,2779077232,QISKIT_AER_STATEVECTOR,1,SUCCESS,2,22,151,2.027106845402159,4.374603610020131,1.0981209330493584,0.9809444140410051
4,43,2779077233,NUMPY_FLOAT64,1,SUCCESS,2,18,63,0.0041956090135499835,0.008249340928159654,,
4,43,2779077233,QISKIT_AER_STATEVECTOR,1,SUCCESS,2,18,63,0.9668397330678999,0.9811697759432718,0.0,0.0
4,44,2779077238,NUMPY_FLOAT64,1,SUCCESS,1,23,155,0.01689590106252581,0.026066499995067716,,
4,44,2779077238,QISKIT_AER_STATEVECTOR,1,SUCCESS,1,23,155,2.257410811027512,3.611888080020435,0.5837836880236864,0.6321141460211948
4,45,2779077239,NUMPY_FLOAT64,1,SUCCESS,3,17,34,0.002836022526025772,0.006893362966366112,,
4,45,2779077239,QISKIT_AER_STATEVECTOR,1,SUCCESS,3,17,34,0.5656707730377093,0.5767963429680094,0.0,0.0
4,46,2779077236,NUMPY_FLOAT64,1,SUCCESS,3,23,131,0.01548362011089921,0.025608818046748638,,
4,46,2779077236,QISKIT_AER_STATEVECTOR,1,SUCCESS,3,23,131,1.5698778103105724,2.976347123971209,0.7131671940442175,0.5471112560480833
4,47,2779077237,NUMPY_FLOAT64,1,SUCCESS,1,17,57,0.007415027008391917,0.014608670026063919,,
4,47,2779077237,QISKIT_AER_STATEVECTOR,1,SUCCESS,1,17,57,0.8070388770429417,0.8218152360059321,0.0,0.0
4,48,2779077226,NUMPY_FLOAT64,1,SUCCESS,0,19,98,0.0062217762460932136,0.01053823996335268,,
4,48,2779077226,QISKIT_AER_STATEVECTOR,1,SUCCESS,0,19,98,1.3888701433315873,1.4024696800624952,0.0,0.0
4,49,2779077227,NUMPY_FLOAT64,1,SUCCESS,3,22,86,0.009868883527815342,0.017178743961267173,,
4,49,2779077227,QISKIT_AER_STATEVECTOR,1,SUCCESS,3,22,86,1.3120543280383572,1.3316771748941392,0.0,0.0
4,50,2779077224,NUMPY_FLOAT64,1,SUCCESS,2,22,120,0.013527188100852072,0.021395944990217686,,
4,50,2779077224,QISKIT_AER_STATEVECTOR,1,SUCCESS,2,22,120,1.6914554430404678,1.7095947000198066,0.0,0.0
16,1,2779077211,NUMPY_FLOAT64,1,SUCCESS,2,9,10,0.0010587179567664862,0.0031846279744058847,,
16,1,2779077211,QISKIT_AER_STATEVECTOR,1,SUCCESS,2,9,10,0.15751647134311497,0.4568642530357465,0.05665187700651586,0.22510807786602527
16,2,2779077208,NUMPY_FLOAT64,1,SUCCESS,10,17,54,0.006925620255060494,0.014064911985769868,,
16,2,2779077208,QISKIT_AER_STATEVECTOR,1,SUCCESS,10,17,54,0.7079758750041947,1.8814830139745027,0.4493040220113471,0.6086144400760531
16,3,2779077209,NUMPY_FLOAT64,1,SUCCESS,4,10,8,0.0018344632117077708,0.006123721948824823,,
16,3,2779077209,QISKIT_AER_STATEVECTOR,1,SUCCESS,4,10,8,0.12107610900420696,0.3371072110021487,0.08511680201627314,0.11565636796876788
16,4,2779077214,NUMPY_FLOAT64,1,SUCCESS,7,10,19,0.002937914105132222,0.007007864071056247,,
16,4,2779077214,QISKIT_AER_STATEVECTOR,1,SUCCESS,7,10,19,0.32101325795520097,0.6002827379852533,0.09936992591246963,0.1484356679720804
16,5,2779077215,NUMPY_FLOAT64,1,SUCCESS,7,12,18,0.003045142744667828,0.00833529606461525,,
16,5,2779077215,QISKIT_AER_STATEVECTOR,1,SUCCESS,7,12,18,0.2973633350338787,0.30705761804711074,0.0,0.0
16,6,2779077212,NUMPY_FLOAT64,1,SUCCESS,10,12,17,0.0029189690249040723,0.008319493965245783,,
16,6,2779077212,QISKIT_AER_STATEVECTOR,1,SUCCESS,10,12,17,0.25010682630818337,0.2597514479421079,0.0,0.0
16,7,2779077213,NUMPY_FLOAT64,1,SUCCESS,6,12,19,0.0017637889832258224,0.0046670009614899755,,
16,7,2779077213,QISKIT_AER_STATEVECTOR,1,SUCCESS,6,12,19,0.26953866076655686,0.27757144102361053,0.0,0.0
16,8,2779077202,NUMPY_FLOAT64,1,SUCCESS,15,15,38,0.0033847750164568424,0.007517985999584198,,
16,8,2779077202,QISKIT_AER_STATEVECTOR,1,SUCCESS,15,15,38,0.49204054183792323,0.9173102069180459,0.16242384701035917,0.22359527798835188
16,9,2779077203,NUMPY_FLOAT64,1,SUCCESS,4,16,50,0.0034452019026502967,0.007059123017825186,,
16,9,2779077203,QISKIT_AER_STATEVECTOR,1,SUCCESS,4,16,50,0.6067093121819198,1.1128555469913408,0.1715381050016731,0.271775146946311
16,10,2779077200,NUMPY_FLOAT64,1,SUCCESS,14,10,10,0.0021324921399354935,0.006731505040079355,,
16,10,2779077200,QISKIT_AER_STATEVECTOR,1,SUCCESS,14,10,10,0.16294017294421792,0.17037971899844706,0.0,0.0
16,11,2779077201,NUMPY_FLOAT64,1,SUCCESS,5,17,58,0.0074832168174907565,0.014898736961185932,,
16,11,2779077201,QISKIT_AER_STATEVECTOR,1,SUCCESS,5,17,58,0.8927924358285964,1.9100972230080515,0.460933371912688,0.4680564859881997
16,12,2779077206,NUMPY_FLOAT64,1,SUCCESS,10,9,8,0.001819320721551776,0.005999271059408784,,
16,12,2779077206,QISKIT_AER_STATEVECTOR,1,SUCCESS,10,9,8,0.13699619192630053,0.14525396493263543,0.0,0.0
16,13,2779077207,NUMPY_FLOAT64,1,SUCCESS,2,14,28,0.004221429931931198,0.010455196024850011,,
16,13,2779077207,QISKIT_AER_STATEVECTOR,1,SUCCESS,2,14,28,0.43593800521921366,0.4461447870125994,0.0,0.0
16,14,2779077204,NUMPY_FLOAT64,1,SUCCESS,11,17,59,0.007600196287967265,0.01515239104628563,,
16,14,2779077204,QISKIT_AER_STATEVECTOR,1,SUCCESS,11,17,59,0.8647401272319257,1.5199481809977442,0.2840673209866509,0.3080506989499554
16,15,2779077205,NUMPY_FLOAT64,1,SUCCESS,5,18,59,0.00407545524649322,0.008393037016503513,,
16,15,2779077205,QISKIT_AER_STATEVECTOR,1,SUCCESS,5,18,59,0.8514292419422418,2.0361748420400545,0.43353611906059086,0.6410351118538529
16,16,2779077194,NUMPY_FLOAT64,1,SUCCESS,13,9,7,0.001719473977573216,0.005824899999424815,,
16,16,2779077194,QISKIT_AER_STATEVECTOR,1,SUCCESS,13,9,7,0.10495686228387058,0.1127470990177244,0.0,0.0
16,17,2779077195,NUMPY_FLOAT64,1,SUCCESS,4,14,30,0.0026525716530159116,0.006455455906689167,,
16,17,2779077195,QISKIT_AER_STATEVECTOR,1,SUCCESS,4,14,30,0.42003416980151087,0.42939259007107466,0.0,0.0
16,18,2779077192,NUMPY_FLOAT64,1,SUCCESS,3,18,54,0.004196975962258875,0.008948300965130329,,
16,18,2779077192,QISKIT_AER_STATEVECTOR,1,SUCCESS,3,18,54,0.6890075672417879,0.7035862751072273,0.0,0.0
16,19,2779077193,NUMPY_FLOAT64,1,SUCCESS,11,10,9,0.001454256707802415,0.004361222963780165,,
16,19,2779077193,QISKIT_AER_STATEVECTOR,1,SUCCESS,11,10,9,0.13135852909181267,0.13822438090573996,0.0,0.0
16,20,2779077198,NUMPY_FLOAT64,1,SUCCESS,1,16,45,0.0037366029573604465,0.008099716040305793,,
16,20,2779077198,QISKIT_AER_STATEVECTOR,1,SUCCESS,1,16,45,0.5773113627219573,0.5869331209687516,0.0,0.0
16,21,2779077199,NUMPY_FLOAT64,1,SUCCESS,7,16,45,0.004041839856654406,0.00805213104467839,,
16,21,2779077199,QISKIT_AER_STATEVECTOR,1,SUCCESS,7,16,45,0.6575731971533969,0.6695084080565721,0.0,0.0
16,22,2779077196,NUMPY_FLOAT64,1,SUCCESS,7,11,15,0.001345055061392486,0.0038746880600228906,,
16,22,2779077196,QISKIT_AER_STATEVECTOR,1,SUCCESS,7,11,15,0.20641470898408443,0.21244078397285193,0.0,0.0
16,23,2779077197,NUMPY_FLOAT64,1,SUCCESS,0,9,9,0.0009302120888605714,0.0030182580230757594,,
16,23,2779077197,QISKIT_AER_STATEVECTOR,1,SUCCESS,0,9,9,0.15241947292815894,0.15845194598659873,0.0,0.0
16,24,2779077186,NUMPY_FLOAT64,1,SUCCESS,10,13,25,0.0030963028548285365,0.007196167018264532,,
16,24,2779077186,QISKIT_AER_STATEVECTOR,1,SUCCESS,10,13,25,0.35353218601085246,0.3627948759822175,0.0,0.0
16,25,2779077187,NUMPY_FLOAT64,1,SUCCESS,13,16,43,0.003171916352584958,0.007035271963104606,,
16,25,2779077187,QISKIT_AER_STATEVECTOR,1,SUCCESS,13,16,43,0.647769981645979,0.6583973340457305,0.0,0.0
16,26,2779077184,NUMPY_FLOAT64,1,SUCCESS,12,22,114,0.012283358606509864,0.02114384400192648,,
16,26,2779077184,QISKIT_AER_STATEVECTOR,1,SUCCESS,12,22,114,1.5193755478831008,3.3736112019978464,0.8220935510471463,0.8602883380372077
16,27,2779077185,NUMPY_FLOAT64,1,SUCCESS,5,16,37,0.00277955224737525,0.006389606976881623,,
16,27,2779077185,QISKIT_AER_STATEVECTOR,1,SUCCESS,5,16,37,0.5055309092858806,0.5159577620215714,0.0,0.0
16,28,2779077190,NUMPY_FLOAT64,1,SUCCESS,13,13,26,0.003813988179899752,0.009108631988056004,,
16,28,2779077190,QISKIT_AER_STATEVECTOR,1,SUCCESS,13,13,26,0.3634938921313733,0.37454776105005294,0.0,0.0
16,29,2779077191,NUMPY_FLOAT64,1,SUCCESS,14,15,39,0.005157247185707092,0.010739590972661972,,
16,29,2779077191,QISKIT_AER_STATEVECTOR,1,SUCCESS,14,15,39,0.6225414829095826,0.6347646049689502,0.0,0.0
16,30,2779077188,NUMPY_FLOAT64,1,SUCCESS,0,17,63,0.008123659761622548,0.015751729952171445,,
16,30,2779077188,QISKIT_AER_STATEVECTOR,1,SUCCESS,0,17,63,0.9694907361408696,0.9846596859861165,0.0,0.0
16,31,2779077189,NUMPY_FLOAT64,1,SUCCESS,9,13,19,0.003277234733104706,0.009103475022129714,,
16,31,2779077189,QISKIT_AER_STATEVECTOR,1,SUCCESS,9,13,19,0.28144919488113374,0.2922451989725232,0.0,0.0
16,32,2779077242,NUMPY_FLOAT64,1,SUCCESS,12,17,58,0.004485619254410267,0.008654187084175646,,
16,32,2779077242,QISKIT_AER_STATEVECTOR,1,SUCCESS,12,17,58,0.8500517487991601,0.8633893530350178,0.0,0.0
16,33,2779077243,NUMPY_FLOAT64,1,SUCCESS,12,13,13,0.0019417519215494394,0.006153549067676067,,
16,33,2779077243,QISKIT_AER_STATEVECTOR,1,SUCCESS,12,13,13,0.16201448114588857,0.1715468280017376,0.0,0.0
16,34,2779077240,NUMPY_FLOAT64,1,SUCCESS,12,13,21,0.0033715851604938507,0.008937865030020475,,
16,34,2779077240,QISKIT_AER_STATEVECTOR,1,SUCCESS,12,13,21,0.2911974418675527,0.3008281940128654,0.0,0.0
16,35,2779077241,NUMPY_FLOAT64,1,SUCCESS,13,14,28,0.002457583206705749,0.005884442012757063,,
16,35,2779077241,QISKIT_AER_STATEVECTOR,1,SUCCESS,13,14,28,0.4408508399501443,0.45180838892702013,0.0,0.0
16,36,2779077246,NUMPY_FLOAT64,1,SUCCESS,15,16,39,0.0033669016556814313,0.00853071897290647,,
16,36,2779077246,QISKIT_AER_STATEVECTOR,1,SUCCESS,15,16,39,0.5130437338957563,1.155864755040966,0.2715314340312034,0.29520507098641247
16,37,2779077247,NUMPY_FLOAT64,1,SUCCESS,12,13,31,0.00300457701086998,0.0068820229498669505,,
16,37,2779077247,QISKIT_AER_STATEVECTOR,1,SUCCESS,12,13,31,0.36942799540702254,0.3778993160231039,0.0,0.0
16,38,2779077244,NUMPY_FLOAT64,1,SUCCESS,9,15,39,0.0052421612199395895,0.011447162018157542,,
16,38,2779077244,QISKIT_AER_STATEVECTOR,1,SUCCESS,9,15,39,0.5666116427164525,0.5799826120492071,0.0,0.0
16,39,2779077245,NUMPY_FLOAT64,1,SUCCESS,9,14,26,0.002034272998571396,0.005172229954041541,,
16,39,2779077245,QISKIT_AER_STATEVECTOR,1,SUCCESS,9,14,26,0.39966019499115646,0.4107666859636083,0.0,0.0
16,40,2779077234,NUMPY_FLOAT64,1,SUCCESS,13,12,18,0.002950733876787126,0.008340502041392028,,
16,40,2779077234,QISKIT_AER_STATEVECTOR,1,SUCCESS,13,12,18,0.3205644559348002,0.3319048680132255,0.0,0.0
16,41,2779077235,NUMPY_FLOAT64,1,SUCCESS,12,17,53,0.0070480197900906205,0.01454359304625541,,
16,41,2779077235,QISKIT_AER_STATEVECTOR,1,SUCCESS,12,17,53,0.7410086781019345,0.7551176779670641,0.0,0.0
16,42,2779077232,NUMPY_FLOAT64,1,SUCCESS,11,16,46,0.0061614628648385406,0.013354797032661736,,
16,42,2779077232,QISKIT_AER_STATEVECTOR,1,SUCCESS,11,16,46,0.7548208611551672,0.7695058370009065,0.0,0.0
16,43,2779077233,NUMPY_FLOAT64,1,SUCCESS,3,18,63,0.005236162687651813,0.010562748997472227,,
16,43,2779077233,QISKIT_AER_STATEVECTOR,1,SUCCESS,3,18,63,0.9926549048395827,1.6728502010228112,0.3038489680038765,0.29391915490850806
16,44,2779077238,NUMPY_FLOAT64,1,SUCCESS,8,17,43,0.0034244570415467024,0.007987621007487178,,
16,44,2779077238,QISKIT_AER_STATEVECTOR,1,SUCCESS,8,17,43,0.5230794869130477,0.5332763139158487,0.0,0.0
16,45,2779077239,NUMPY_FLOAT64,1,SUCCESS,4,17,34,0.003971738857217133,0.009284358937293291,,
16,45,2779077239,QISKIT_AER_STATEVECTOR,1,SUCCESS,4,17,34,0.5846147969132289,0.5980083970353007,0.0,0.0
16,46,2779077236,NUMPY_FLOAT64,1,SUCCESS,12,10,11,0.002081449143588543,0.006427193991839886,,
16,46,2779077236,QISKIT_AER_STATEVECTOR,1,SUCCESS,12,10,11,0.1408939086832106,0.14644577295985073,0.0,0.0
16,47,2779077237,NUMPY_FLOAT64,1,SUCCESS,10,13,21,0.001758615137077868,0.004740401986055076,,
16,47,2779077237,QISKIT_AER_STATEVECTOR,1,SUCCESS,10,13,21,0.339272198965773,0.34896684798877686,0.0,0.0
16,48,2779077226,NUMPY_FLOAT64,1,SUCCESS,1,19,98,0.011595090618357062,0.019930540933273733,,
16,48,2779077226,QISKIT_AER_STATEVECTOR,1,SUCCESS,1,19,98,1.4496814024168998,2.3651046230224892,0.4127480380702764,0.4014676270307973
16,49,2779077227,NUMPY_FLOAT64,1,SUCCESS,10,19,56,0.005330699845217168,0.011477721971459687,,
16,49,2779077227,QISKIT_AER_STATEVECTOR,1,SUCCESS,10,19,56,0.741332090110518,1.4199498429661617,0.3003234069328755,0.2992834309116006
16,50,2779077224,NUMPY_FLOAT64,1,SUCCESS,13,18,53,0.006224942044354975,0.012476630974560976,,
16,50,2779077224,QISKIT_AER_STATEVECTOR,1,SUCCESS,13,18,53,0.6495154242729768,0.6605081700254232,0.0,0.0
64,1,2779077211,NUMPY_FLOAT64,1,SUCCESS,2,9,10,0.0010567429708316922,0.00330433901399374,,
64,1,2779077211,QISKIT_AER_STATEVECTOR,1,SUCCESS,2,9,10,0.15241727698594332,0.5625883400207385,0.08156264503486454,0.31434938812162727
64,2,2779077208,NUMPY_FLOAT64,1,SUCCESS,18,2,1,0.00037669704761356115,0.0014685780042782426,,
64,2,2779077208,QISKIT_AER_STATEVECTOR,1,SUCCESS,18,2,1,0.022457259008660913,0.024542775005102158,0.0,0.0
64,3,2779077209,NUMPY_FLOAT64,1,SUCCESS,4,10,8,0.001811246038414538,0.00629662605933845,,
64,3,2779077209,QISKIT_AER_STATEVECTOR,1,SUCCESS,4,10,8,0.14477727189660072,0.5095915190177038,0.09987489704508334,0.24127553799189627
64,4,2779077214,NUMPY_FLOAT64,1,SUCCESS,25,5,3,0.0005104738520458341,0.0018548050429672003,,
64,4,2779077214,QISKIT_AER_STATEVECTOR,1,SUCCESS,25,5,3,0.051698593073524535,0.05551986501086503,0.0,0.0
64,5,2779077215,NUMPY_FLOAT64,1,SUCCESS,9,12,18,0.0020454179029911757,0.005862490041181445,,
64,5,2779077215,QISKIT_AER_STATEVECTOR,1,SUCCESS,9,12,18,0.2724194398615509,0.7771597700193524,0.15218624693807214,0.3111182029824704
64,6,2779077212,NUMPY_FLOAT64,1,SUCCESS,26,10,11,0.00137960200663656,0.004220364964567125,,
64,6,2779077212,QISKIT_AER_STATEVECTOR,1,SUCCESS,26,10,11,0.14326912525575608,0.4136025960324332,0.10844102699775249,0.13780832500196993
64,7,2779077213,NUMPY_FLOAT64,1,SUCCESS,37,9,10,0.0018107718788087368,0.005527222994714975,,
64,7,2779077213,QISKIT_AER_STATEVECTOR,1,SUCCESS,37,9,10,0.15906525100581348,0.16596172307617962,0.0,0.0
64,8,2779077202,NUMPY_FLOAT64,1,SUCCESS,20,7,5,0.0012073471443727612,0.0044614000944420695,,
64,8,2779077202,QISKIT_AER_STATEVECTOR,1,SUCCESS,20,7,5,0.09389954200014472,0.10019193508196622,0.0,0.0
64,9,2779077203,NUMPY_FLOAT64,1,SUCCESS,30,11,15,0.002558860112912953,0.007576919975690544,,
64,9,2779077203,QISKIT_AER_STATEVECTOR,1,SUCCESS,30,11,15,0.28538060188293457,0.2959331590682268,0.0,0.0
64,10,2779077200,NUMPY_FLOAT64,1,SUCCESS,14,10,10,0.002009214833378792,0.006566524971276522,,
64,10,2779077200,QISKIT_AER_STATEVECTOR,1,SUCCESS,14,10,10,0.1969157033599913,0.20617996994405985,0.0,0.0
64,11,2779077201,NUMPY_FLOAT64,1,SUCCESS,31,14,30,0.0032153321662917733,0.006913794903084636,,
64,11,2779077201,QISKIT_AER_STATEVECTOR,1,SUCCESS,31,14,30,0.3949251059675589,0.7652558729751036,0.14509544998873025,0.19664859597105533
64,12,2779077206,NUMPY_FLOAT64,1,SUCCESS,10,9,8,0.0014796450268477201,0.0045944779412820935,,
64,12,2779077206,QISKIT_AER_STATEVECTOR,1,SUCCESS,10,9,8,0.08624544995836914,0.09118313004728407,0.0,0.0
64,13,2779077207,NUMPY_FLOAT64,1,SUCCESS,43,13,20,0.0016617970541119576,0.004613077966496348,,
64,13,2779077207,QISKIT_AER_STATEVECTOR,1,SUCCESS,43,13,20,0.23754203412681818,0.24570619396399707,0.0,0.0
64,14,2779077204,NUMPY_FLOAT64,1,SUCCESS,41,15,32,0.0035837830509990454,0.008406552951782942,,
64,14,2779077204,QISKIT_AER_STATEVECTOR,1,SUCCESS,41,15,32,0.43635508010629565,0.44789344794116914,0.0,0.0
64,15,2779077205,NUMPY_FLOAT64,1,SUCCESS,62,13,18,0.0021495037944987416,0.0060704079223796725,,
64,15,2779077205,QISKIT_AER_STATEVECTOR,1,SUCCESS,62,13,18,0.23984648007899523,0.5404201749479398,0.12668930494692177,0.14493219496216625
64,16,2779077194,NUMPY_FLOAT64,1,SUCCESS,13,9,7,0.0009686381090432405,0.0032974459463730454,,
64,16,2779077194,QISKIT_AER_STATEVECTOR,1,SUCCESS,13,9,7,0.11591124767437577,0.12222847493831068,0.0,0.0
64,17,2779077195,NUMPY_FLOAT64,1,SUCCESS,28,9,11,0.0010994289768859744,0.003427340998314321,,
64,17,2779077195,QISKIT_AER_STATEVECTOR,1,SUCCESS,28,9,11,0.1608145182253793,0.1662682059686631,0.0,0.0
64,18,2779077192,NUMPY_FLOAT64,1,SUCCESS,47,13,25,0.002686837106011808,0.006538706016726792,,
64,18,2779077192,QISKIT_AER_STATEVECTOR,1,SUCCESS,47,13,25,0.3862453189212829,0.39624983503017575,0.0,0.0
64,19,2779077193,NUMPY_FLOAT64,1,SUCCESS,11,10,9,0.0011350958375260234,0.0038695719558745623,,
64,19,2779077193,QISKIT_AER_STATEVECTOR,1,SUCCESS,11,10,9,0.11262390692718327,0.11882661702111363,0.0,0.0
64,20,2779077198,NUMPY_FLOAT64,1,SUCCESS,40,8,6,0.0007274200906977057,0.002593277022242546,,
64,20,2779077198,QISKIT_AER_STATEVECTOR,1,SUCCESS,40,8,6,0.08557683520484716,0.09050578100141138,0.0,0.0
64,21,2779077199,NUMPY_FLOAT64,1,SUCCESS,15,16,45,0.005483517074026167,0.01089272100944072,,
64,21,2779077199,QISKIT_AER_STATEVECTOR,1,SUCCESS,15,16,45,0.7387238490628079,1.3550126800546423,0.2505875169299543,0.3233543959213421
64,22,2779077196,NUMPY_FLOAT64,1,SUCCESS,62,10,12,0.0012284921249374747,0.003693968988955021,,
64,22,2779077196,QISKIT_AER_STATEVECTOR,1,SUCCESS,62,10,12,0.19428329274524003,0.20253273099660873,0.0,0.0
64,23,2779077197,NUMPY_FLOAT64,1,SUCCESS,0,9,9,0.001892268774099648,0.005980842048302293,,
64,23,2779077197,QISKIT_AER_STATEVECTOR,1,SUCCESS,0,9,9,0.16824335081037134,0.17619779205415398,0.0,0.0
64,24,2779077186,NUMPY_FLOAT64,1,SUCCESS,54,12,21,0.002982327714562416,0.007883256999775767,,
64,24,2779077186,QISKIT_AER_STATEVECTOR,1,SUCCESS,54,12,21,0.27985521988011897,0.28801846702117473,0.0,0.0
64,25,2779077187,NUMPY_FLOAT64,1,SUCCESS,47,10,13,0.001795584917999804,0.0047053019516170025,,
64,25,2779077187,QISKIT_AER_STATEVECTOR,1,SUCCESS,47,10,13,0.19646989786997437,0.2041129219578579,0.0,0.0
64,26,2779077184,NUMPY_FLOAT64,1,SUCCESS,62,17,43,0.003202741267159581,0.007032210007309914,,
64,26,2779077184,QISKIT_AER_STATEVECTOR,1,SUCCESS,62,17,43,0.533909740159288,1.0030510619981214,0.21170369896572083,0.21209406200796366
64,27,2779077185,NUMPY_FLOAT64,1,SUCCESS,14,16,37,0.005134482053108513,0.011713434010744095,,
64,27,2779077185,QISKIT_AER_STATEVECTOR,1,SUCCESS,14,16,37,0.5497398652369156,0.5631819550180808,0.0,0.0
64,28,2779077190,NUMPY_FLOAT64,1,SUCCESS,53,12,18,0.0015959638403728604,0.004384067957289517,,
64,28,2779077190,QISKIT_AER_STATEVECTOR,1,SUCCESS,53,12,18,0.19516380492132157,0.20178925909567624,0.0,0.0
64,29,2779077191,NUMPY_FLOAT64,1,SUCCESS,55,11,12,0.0012119720922783017,0.003997458959929645,,
64,29,2779077191,QISKIT_AER_STATEVECTOR,1,SUCCESS,55,11,12,0.2238119188696146,0.23386515805032104,0.0,0.0
64,30,2779077188,NUMPY_FLOAT64,1,SUCCESS,44,11,18,0.002922111889347434,0.007867425912991166,,
64,30,2779077188,QISKIT_AER_STATEVECTOR,1,SUCCESS,44,11,18,0.2770709397736937,0.2859026080695912,0.0,0.0
64,31,2779077189,NUMPY_FLOAT64,1,SUCCESS,10,13,19,0.003273662179708481,0.009107446065172553,,
64,31,2779077189,QISKIT_AER_STATEVECTOR,1,SUCCESS,10,13,19,0.3031795307761058,0.3153031669789925,0.0,0.0
64,32,2779077242,NUMPY_FLOAT64,1,SUCCESS,48,1,0,0.00011647306382656097,0.0007841039914637804,,
64,32,2779077242,QISKIT_AER_STATEVECTOR,1,SUCCESS,48,1,0,0.0017977500101551414,0.002584447036497295,0.0,0.0
64,33,2779077243,NUMPY_FLOAT64,1,SUCCESS,13,13,13,0.002163583878427744,0.0066634309478104115,,
64,33,2779077243,QISKIT_AER_STATEVECTOR,1,SUCCESS,13,13,13,0.18601793388370425,0.19514884508680552,0.0,0.0
64,34,2779077240,NUMPY_FLOAT64,1,SUCCESS,15,13,21,0.0017576359678059816,0.004827996948733926,,
64,34,2779077240,QISKIT_AER_STATEVECTOR,1,SUCCESS,15,13,21,0.29991963994689286,0.30880566593259573,0.0,0.0
64,35,2779077241,NUMPY_FLOAT64,1,SUCCESS,22,11,17,0.001755037228576839,0.004712785943411291,,
64,35,2779077241,QISKIT_AER_STATEVECTOR,1,SUCCESS,22,11,17,0.3042114346753806,0.3136379939969629,0.0,0.0
64,36,2779077246,NUMPY_FLOAT64,1,SUCCESS,48,16,39,0.005546368891373277,0.01220294798258692,,
64,36,2779077246,QISKIT_AER_STATEVECTOR,1,SUCCESS,48,16,39,0.5991417017066851,1.1596930309897289,0.2607636919710785,0.23147601599339396
64,37,2779077247,NUMPY_FLOAT64,1,SUCCESS,37,12,25,0.0037333709187805653,0.00895027897786349,,
64,37,2779077247,QISKIT_AER_STATEVECTOR,1,SUCCESS,37,12,25,0.2687073681736365,0.2761402839096263,0.0,0.0
64,38,2779077244,NUMPY_FLOAT64,1,SUCCESS,34,7,8,0.0008364199893549085,0.002529231016524136,,
64,38,2779077244,QISKIT_AER_STATEVECTOR,1,SUCCESS,34,7,8,0.08241509913932532,0.08599017898086458,0.0,0.0
64,39,2779077245,NUMPY_FLOAT64,1,SUCCESS,18,11,11,0.0012492960086092353,0.0039952159859240055,,
64,39,2779077245,QISKIT_AER_STATEVECTOR,1,SUCCESS,18,11,11,0.19002605287823826,0.19856986799277365,0.0,0.0
64,40,2779077234,NUMPY_FLOAT64,1,SUCCESS,25,9,7,0.001586404163390398,0.005584556027315557,,
64,40,2779077234,QISKIT_AER_STATEVECTOR,1,SUCCESS,25,9,7,0.13462847098708153,0.14263272401876748,0.0,0.0
64,41,2779077235,NUMPY_FLOAT64,1,SUCCESS,45,9,8,0.001537606818601489,0.004953480092808604,,
64,41,2779077235,QISKIT_AER_STATEVECTOR,1,SUCCESS,45,9,8,0.14764320000540465,0.15624211099930108,0.0,0.0
64,42,2779077232,NUMPY_FLOAT64,1,SUCCESS,51,6,6,0.0007042250363156199,0.002234851010143757,,
64,42,2779077232,QISKIT_AER_STATEVECTOR,1,SUCCESS,51,6,6,0.07118654297664762,0.07442846801131964,0.0,0.0
64,43,2779077233,NUMPY_FLOAT64,1,SUCCESS,55,14,32,0.0024123997427523136,0.005617391900159419,,
64,43,2779077233,QISKIT_AER_STATEVECTOR,1,SUCCESS,55,14,32,0.43357427371665835,0.44240592094138265,0.0,0.0
64,44,2779077238,NUMPY_FLOAT64,1,SUCCESS,43,14,22,0.00370422494597733,0.009980926057323813,,
64,44,2779077238,QISKIT_AER_STATEVECTOR,1,SUCCESS,43,14,22,0.39124954806175083,0.4042846530210227,0.0,0.0
64,45,2779077239,NUMPY_FLOAT64,1,SUCCESS,60,12,21,0.00291537307202816,0.007155620027333498,,
64,45,2779077239,QISKIT_AER_STATEVECTOR,1,SUCCESS,60,12,21,0.31982789700850844,0.32915972999762744,0.0,0.0
64,46,2779077236,NUMPY_FLOAT64,1,SUCCESS,44,9,10,0.001050080987624824,0.003148309886455536,,
64,46,2779077236,QISKIT_AER_STATEVECTOR,1,SUCCESS,44,9,10,0.11442613485269248,0.11987963202409446,0.0,0.0
64,47,2779077237,NUMPY_FLOAT64,1,SUCCESS,18,2,0,0.00012277404312044382,0.0007948488928377628,,
64,47,2779077237,QISKIT_AER_STATEVECTOR,1,SUCCESS,18,2,0,0.003420170978643,0.0046657329658046365,0.0,0.0
64,48,2779077226,NUMPY_FLOAT64,1,SUCCESS,37,7,5,0.0010351149830967188,0.0034234010381624103,,
64,48,2779077226,QISKIT_AER_STATEVECTOR,1,SUCCESS,37,7,5,0.0637356051011011,0.06873643700964749,0.0,0.0
64,49,2779077227,NUMPY_FLOAT64,1,SUCCESS,31,7,5,0.0012505319900810719,0.0044281689915806055,,
64,49,2779077227,QISKIT_AER_STATEVECTOR,1,SUCCESS,31,7,5,0.08808114100247622,0.0933783040381968,0.0,0.0
64,50,2779077224,NUMPY_FLOAT64,1,SUCCESS,39,12,16,0.0027940920554101467,0.008145918953232467,,
64,50,2779077224,QISKIT_AER_STATEVECTOR,1,SUCCESS,39,12,16,0.2186684375628829,0.22738997300621122,0.0,0.0
256,1,2779077211,NUMPY_FLOAT64,1,SUCCESS,200,5,4,0.0005679320311173797,0.00195993110537529,,
256,1,2779077211,QISKIT_AER_STATEVECTOR,1,SUCCESS,200,5,4,0.07261106884106994,0.4374132009688765,0.05881177098490298,0.2912546299630776
256,2,2779077208,NUMPY_FLOAT64,1,SUCCESS,18,2,1,0.0002990430220961571,0.0010979679645970464,,
256,2,2779077208,QISKIT_AER_STATEVECTOR,1,SUCCESS,18,2,1,0.019092447008006275,0.020744308014400303,0.0,0.0
256,3,2779077209,NUMPY_FLOAT64,1,SUCCESS,70,7,2,0.0005026600556448102,0.0021698600612580776,,
256,3,2779077209,QISKIT_AER_STATEVECTOR,1,SUCCESS,70,7,2,0.036445937817916274,0.0407614610157907,0.0,0.0
256,4,2779077214,NUMPY_FLOAT64,1,SUCCESS,28,5,3,0.0008206309285014868,0.00315515894908458,,
256,4,2779077214,QISKIT_AER_STATEVECTOR,1,SUCCESS,28,5,3,0.05690476996824145,0.06130678707268089,0.0,0.0
256,5,2779077215,NUMPY_FLOAT64,1,SUCCESS,223,11,12,0.0011986104073002934,0.0037384810857474804,,
256,5,2779077215,QISKIT_AER_STATEVECTOR,1,SUCCESS,223,11,12,0.19638132315594703,0.6632472010096535,0.15576207812409848,0.2783198419492692
256,6,2779077212,NUMPY_FLOAT64,1,SUCCESS,147,7,5,0.001222544931806624,0.00448396906722337,,
256,6,2779077212,QISKIT_AER_STATEVECTOR,1,SUCCESS,147,7,5,0.09615598910022527,0.10224591300357133,0.0,0.0
256,7,2779077213,NUMPY_FLOAT64,1,SUCCESS,104,4,2,0.00036678893957287073,0.0014000009978190064,,
256,7,2779077213,QISKIT_AER_STATEVECTOR,1,SUCCESS,104,4,2,0.02627765410579741,0.028456639032810926,0.0,0.0
256,8,2779077202,NUMPY_FLOAT64,1,SUCCESS,225,2,0,0.00016568705905228853,0.0011375700123608112,,
256,8,2779077202,QISKIT_AER_STATEVECTOR,1,SUCCESS,225,2,0,0.00323476898483932,0.00438507494982332,0.0,0.0
256,9,2779077203,NUMPY_FLOAT64,1,SUCCESS,219,10,10,0.0011960529955103993,0.0035637810360640287,,
256,9,2779077203,QISKIT_AER_STATEVECTOR,1,SUCCESS,219,10,10,0.14688571693841368,0.37011458503548056,0.08283563598524779,0.12044033000711352
256,10,2779077200,NUMPY_FLOAT64,1,SUCCESS,226,8,7,0.0012306272983551025,0.0037829310167580843,,
256,10,2779077200,QISKIT_AER_STATEVECTOR,1,SUCCESS,226,8,7,0.12965383403934538,0.1366890739882365,0.0,0.0
256,11,2779077201,NUMPY_FLOAT64,1,SUCCESS,87,10,11,0.0021310069132596254,0.006588738993741572,,
256,11,2779077201,QISKIT_AER_STATEVECTOR,1,SUCCESS,87,10,11,0.20501940802205354,0.21368650696240366,0.0,0.0
256,12,2779077206,NUMPY_FLOAT64,1,SUCCESS,12,9,8,0.0017292189877480268,0.005601410986855626,,
256,12,2779077206,QISKIT_AER_STATEVECTOR,1,SUCCESS,12,9,8,0.14547965419478714,0.15285884903278202,0.0,0.0
256,13,2779077207,NUMPY_FLOAT64,1,SUCCESS,224,11,11,0.0015843129949644208,0.004878560081124306,,
256,13,2779077207,QISKIT_AER_STATEVECTOR,1,SUCCESS,224,11,11,0.14012582215946168,0.14713122905232012,0.0,0.0
256,14,2779077204,NUMPY_FLOAT64,1,SUCCESS,237,9,8,0.0015697467606514692,0.005501694977283478,,
256,14,2779077204,QISKIT_AER_STATEVECTOR,1,SUCCESS,237,9,8,0.12067532096989453,0.12812722299713641,0.0,0.0
256,15,2779077205,NUMPY_FLOAT64,1,SUCCESS,178,13,18,0.002327662077732384,0.006563581060618162,,
256,15,2779077205,QISKIT_AER_STATEVECTOR,1,SUCCESS,178,13,18,0.28781618596985936,0.6398087469860911,0.13580310600809753,0.18966569798067212
256,16,2779077194,NUMPY_FLOAT64,1,SUCCESS,13,9,7,0.001488901674747467,0.005055843037553132,,
256,16,2779077194,QISKIT_AER_STATEVECTOR,1,SUCCESS,13,9,7,0.10510730987880379,0.11180291790515184,0.0,0.0
256,17,2779077195,NUMPY_FLOAT64,1,SUCCESS,225,7,5,0.0006861910223960876,0.0026032530004158616,,
256,17,2779077195,QISKIT_AER_STATEVECTOR,1,SUCCESS,225,7,5,0.058664973941631615,0.06309997790958732,0.0,0.0
256,18,2779077192,NUMPY_FLOAT64,1,SUCCESS,111,6,4,0.0005643526092171669,0.002035224111750722,,
256,18,2779077192,QISKIT_AER_STATEVECTOR,1,SUCCESS,111,6,4,0.0564579589990899,0.060234803007915616,0.0,0.0
256,19,2779077193,NUMPY_FLOAT64,1,SUCCESS,110,3,1,0.00024127017240971327,0.0011880300007760525,,
256,19,2779077193,QISKIT_AER_STATEVECTOR,1,SUCCESS,110,3,1,0.01698501012288034,0.0186127609340474,0.0,0.0
256,20,2779077198,NUMPY_FLOAT64,1,SUCCESS,49,8,6,0.0009940838208422065,0.003445393987931311,,
256,20,2779077198,QISKIT_AER_STATEVECTOR,1,SUCCESS,49,8,6,0.07597863301634789,0.08115059998817742,0.0,0.0
256,21,2779077199,NUMPY_FLOAT64,1,SUCCESS,174,9,8,0.000950863934122026,0.003084731986746192,,
256,21,2779077199,QISKIT_AER_STATEVECTOR,1,SUCCESS,174,9,8,0.09060017694719136,0.09557362704072148,0.0,0.0
256,22,2779077196,NUMPY_FLOAT64,1,SUCCESS,231,8,6,0.0008288291282951832,0.0027475369861349463,,
256,22,2779077196,QISKIT_AER_STATEVECTOR,1,SUCCESS,231,8,6,0.0685686762444675,0.07297293597366661,0.0,0.0
256,23,2779077197,NUMPY_FLOAT64,1,SUCCESS,103,1,0,6.921205203980207e-05,0.0004379510646685958,,
256,23,2779077197,QISKIT_AER_STATEVECTOR,1,SUCCESS,103,1,0,0.0013106151018291712,0.001911624101921916,0.0,0.0
256,24,2779077186,NUMPY_FLOAT64,1,SUCCESS,244,6,4,0.0008199518779292703,0.0030208659591153264,,
256,24,2779077186,QISKIT_AER_STATEVECTOR,1,SUCCESS,244,6,4,0.052863943856209517,0.05683881894219667,0.0,0.0
256,25,2779077187,NUMPY_FLOAT64,1,SUCCESS,79,10,13,0.001664751092903316,0.004447947954759002,,
256,25,2779077187,QISKIT_AER_STATEVECTOR,1,SUCCESS,79,10,13,0.19917274778708816,0.2074173300061375,0.0,0.0
256,26,2779077184,NUMPY_FLOAT64,1,SUCCESS,228,9,7,0.0014548101462423801,0.005166837014257908,,
256,26,2779077184,QISKIT_AER_STATEVECTOR,1,SUCCESS,228,9,7,0.1278381870361045,0.13616256101522595,0.0,0.0
256,27,2779077185,NUMPY_FLOAT64,1,SUCCESS,254,9,10,0.001889687147922814,0.005771287018433213,,
256,27,2779077185,QISKIT_AER_STATEVECTOR,1,SUCCESS,254,9,10,0.16391878994181752,0.17060092894826084,0.0,0.0
256,28,2779077190,NUMPY_FLOAT64,1,SUCCESS,152,12,18,0.0015526770148426294,0.004308685893192887,,
256,28,2779077190,QISKIT_AER_STATEVECTOR,1,SUCCESS,152,12,18,0.24729277018923312,0.2548056460218504,0.0,0.0
256,29,2779077191,NUMPY_FLOAT64,1,SUCCESS,134,2,1,0.00034414499532431364,0.001478472026064992,,
256,29,2779077191,QISKIT_AER_STATEVECTOR,1,SUCCESS,134,2,1,0.022407724056392908,0.02446086599957198,0.0,0.0
256,30,2779077188,NUMPY_FLOAT64,1,SUCCESS,249,3,2,0.0005368361016735435,0.00204822001978755,,
256,30,2779077188,QISKIT_AER_STATEVECTOR,1,SUCCESS,249,3,2,0.03445141506381333,0.036675828974694014,0.0,0.0
256,31,2779077189,NUMPY_FLOAT64,1,SUCCESS,17,13,19,0.0028917337767779827,0.007646125974133611,,
256,31,2779077189,QISKIT_AER_STATEVECTOR,1,SUCCESS,17,13,19,0.30775939812883735,0.318780082045123,0.0,0.0
256,32,2779077242,NUMPY_FLOAT64,1,SUCCESS,48,1,0,5.9342943131923676e-05,0.0004331660456955433,,
256,32,2779077242,QISKIT_AER_STATEVECTOR,1,SUCCESS,48,1,0,0.0013324159663170576,0.0019300070125609636,0.0,0.0
256,33,2779077243,NUMPY_FLOAT64,1,SUCCESS,240,12,11,0.0021361280232667923,0.006798362010158598,,
256,33,2779077243,QISKIT_AER_STATEVECTOR,1,SUCCESS,240,12,11,0.17864864994771779,0.18827951594721526,0.0,0.0
256,34,2779077240,NUMPY_FLOAT64,1,SUCCESS,189,5,3,0.0005932950880378485,0.002268014010041952,,
256,34,2779077240,QISKIT_AER_STATEVECTOR,1,SUCCESS,189,5,3,0.05057756695896387,0.05454934493172914,0.0,0.0
256,35,2779077241,NUMPY_FLOAT64,1,SUCCESS,171,8,8,0.0016393789555877447,0.0053354689152911305,,
256,35,2779077241,QISKIT_AER_STATEVECTOR,1,SUCCESS,171,8,8,0.128413405851461,0.13515210209880024,0.0,0.0
256,36,2779077246,NUMPY_FLOAT64,1,SUCCESS,108,9,9,0.001277439994737506,0.0035914379404857755,,
256,36,2779077246,QISKIT_AER_STATEVECTOR,1,SUCCESS,108,9,9,0.15331310604233295,0.15979918208904564,0.0,0.0
256,37,2779077247,NUMPY_FLOAT64,1,SUCCESS,164,9,11,0.002074809977784753,0.006216737092472613,,
256,37,2779077247,QISKIT_AER_STATEVECTOR,1,SUCCESS,164,9,11,0.12418174010235816,0.12965755304321647,0.0,0.0
256,38,2779077244,NUMPY_FLOAT64,1,SUCCESS,229,6,6,0.0011985978344455361,0.00374694203492254,,
256,38,2779077244,QISKIT_AER_STATEVECTOR,1,SUCCESS,229,6,6,0.08579158294014633,0.08985877700615674,0.0,0.0
256,39,2779077245,NUMPY_FLOAT64,1,SUCCESS,136,1,0,6.38739438727498e-05,0.0004405910149216652,,
256,39,2779077245,QISKIT_AER_STATEVECTOR,1,SUCCESS,136,1,0,0.0013387850485742092,0.0022708990145474672,0.0,0.0
256,40,2779077234,NUMPY_FLOAT64,1,SUCCESS,108,4,1,0.00031226815190166235,0.0013416779693216085,,
256,40,2779077234,QISKIT_AER_STATEVECTOR,1,SUCCESS,108,4,1,0.014253587927669287,0.016367215081118047,0.0,0.0
256,41,2779077235,NUMPY_FLOAT64,1,SUCCESS,102,5,3,0.0007513719610869884,0.0027133459225296974,,
256,41,2779077235,QISKIT_AER_STATEVECTOR,1,SUCCESS,102,5,3,0.04573348490521312,0.04900794103741646,0.0,0.0
256,42,2779077232,NUMPY_FLOAT64,1,SUCCESS,56,6,6,0.001070947153493762,0.0032814129954203963,,
256,42,2779077232,QISKIT_AER_STATEVECTOR,1,SUCCESS,56,6,6,0.11469069716986269,0.12033540999982506,0.0,0.0
256,43,2779077233,NUMPY_FLOAT64,1,SUCCESS,129,8,8,0.0010550760198384523,0.003295065020211041,,
256,43,2779077233,QISKIT_AER_STATEVECTOR,1,SUCCESS,129,8,8,0.15309749683365226,0.15987245296128094,0.0,0.0
256,44,2779077238,NUMPY_FLOAT64,1,SUCCESS,183,5,2,0.0007210990879684687,0.0031576399924233556,,
256,44,2779077238,QISKIT_AER_STATEVECTOR,1,SUCCESS,183,5,2,0.04358466516714543,0.048479974968358874,0.0,0.0
256,45,2779077239,NUMPY_FLOAT64,1,SUCCESS,142,7,2,0.0008699949830770493,0.004054531920701265,,
256,45,2779077239,QISKIT_AER_STATEVECTOR,1,SUCCESS,142,7,2,0.057075321790762246,0.06386963196564466,0.0,0.0
256,46,2779077236,NUMPY_FLOAT64,1,SUCCESS,74,8,6,0.001446391106583178,0.005121891037560999,,
256,46,2779077236,QISKIT_AER_STATEVECTOR,1,SUCCESS,74,8,6,0.10070020298007876,0.10762030293699354,0.0,0.0
256,47,2779077237,NUMPY_FLOAT64,1,SUCCESS,18,2,0,0.00012312293983995914,0.0007086399709805846,,
256,47,2779077237,QISKIT_AER_STATEVECTOR,1,SUCCESS,18,2,0,0.0023701071040704846,0.0034050389658659697,0.0,0.0
256,48,2779077226,NUMPY_FLOAT64,1,SUCCESS,210,5,2,0.0003617348847910762,0.0015589299146085978,,
256,48,2779077226,QISKIT_AER_STATEVECTOR,1,SUCCESS,210,5,2,0.024662424926646054,0.027110056951642036,0.0,0.0
256,49,2779077227,NUMPY_FLOAT64,1,SUCCESS,34,7,5,0.0006545711075887084,0.0023311610566452146,,
256,49,2779077227,QISKIT_AER_STATEVECTOR,1,SUCCESS,34,7,5,0.0678273350931704,0.07185833901166916,0.0,0.0
256,50,2779077224,NUMPY_FLOAT64,1,SUCCESS,89,4,3,0.00041298195719718933,0.0014457409270107746,,
256,50,2779077224,QISKIT_AER_STATEVECTOR,1,SUCCESS,89,4,3,0.051584386033937335,0.05470348603557795,0.0,0.0
