target_count,seed_index,requests,c3_work,c3_e1,c3_e2,c3_lb2,c3_maxjob,c3_ev_makespan,c3_ev_work,c3_ev_idle,c3_gate_makespan,c3_gate_work,c3_gate_idle,c4_work,c4_e1,c4_e2,c4_lb2,c4_maxjob,c4_ev_makespan,c4_ev_work,c4_ev_idle,c4_gate_makespan,c4_gate_work,c4_gate_idle,c5_work,c5_e1,c5_e2,c5_lb2,c5_maxjob,c5_ev_makespan,c5_ev_work,c5_ev_idle,c5_gate_makespan,c5_gate_work,c5_gate_idle
1,0,25,70,70,39,35,22,74,133,15,70,108,32,70,70,39,35,22,70,129,11,70,129,11,70,70,39,35,22,70,129,11,70,129,11
1,1,15,9,9,6,5,4,9,14,4,9,14,4,9,9,6,5,4,9,14,4,9,14,4,9,9,6,5,4,9,14,4,9,14,4
1,2,22,40,40,23,20,9,45,77,13,40,67,13,40,40,23,20,9,45,76,14,40,69,11,40,40,23,20,9,45,76,14,40,69,11
1,3,25,51,51,29,26,12,47,86,8,47,77,17,48,48,27,24,12,47,84,10,47,75,19,47,47,27,24,12,48,86,10,48,77,19
1,4,24,58,58,34,29,19,58,97,19,58,97,19,58,58,34,29,19,58,97,19,58,97,19,58,58,34,29,19,58,97,19,58,97,19
1,5,23,41,41,28,21,16,40,66,14,40,66,14,40,40,27,20,16,40,66,14,40,66,14,40,40,27,20,16,40,66,14,40,66,14
1,6,9,4,4,2,2,1,4,7,1,4,7,1,4,4,2,2,1,4,7,1,4,7,1,4,4,2,2,1,4,7,1,4,7,1
1,7,23,52,52,28,26,21,52,90,14,52,86,18,52,52,28,26,21,52,89,15,52,86,18,52,52,28,26,21,52,89,15,52,86,18
1,8,26,79,79,48,40,31,82,132,32,78,102,54,78,78,47,39,31,80,130,30,78,99,57,78,78,47,39,31,79,128,30,78,122,34
1,9,24,61,61,42,31,28,54,81,27,54,79,29,56,56,42,28,28,54,80,28,54,80,28,54,54,41,28,28,54,80,28,54,80,28
1,10,20,28,28,19,14,11,28,46,10,28,44,12,28,28,19,14,11,28,45,11,28,45,11,28,28,19,14,11,28,45,11,28,45,11
1,11,23,45,45,30,23,21,44,67,21,44,67,21,44,44,29,22,21,44,67,21,44,67,21,44,44,29,22,21,44,67,21,44,67,21
1,12,18,12,12,8,7,7,10,20,0,10,20,0,10,10,8,7,7,10,20,0,10,20,0,10,10,8,7,7,10,20,0,10,20,0
1,13,24,52,52,27,26,16,55,109,1,55,96,14,51,51,26,26,16,55,108,2,55,98,12,51,51,26,26,16,55,107,3,55,97,13
1,14,21,34,34,21,17,14,36,64,8,34,50,18,34,34,21,17,14,34,65,3,34,61,7,34,34,21,17,14,34,65,3,34,61,7
1,15,27,111,111,67,56,38,103,171,35,99,147,51,101,101,65,51,38,101,170,32,99,144,54,100,100,65,50,38,101,168,34,99,145,53
1,16,25,44,44,29,22,19,58,103,13,47,73,21,42,42,28,21,19,47,88,6,43,69,17,41,41,28,21,19,44,85,3,43,66,20
1,17,25,40,40,23,20,15,34,64,4,31,47,15,34,34,22,17,15,34,64,4,31,47,15,32,32,20,16,15,34,64,4,31,47,15
1,18,24,69,69,46,35,30,65,100,30,65,100,30,65,65,42,33,30,65,102,28,65,97,33,65,65,42,33,30,65,100,30,65,100,30
1,19,22,43,43,23,22,17,41,67,15,40,51,29,41,41,21,21,16,41,67,15,40,51,29,40,40,20,20,16,40,66,14,40,66,14
1,20,27,100,100,61,50,41,107,166,48,100,138,62,98,98,61,49,41,106,165,47,100,137,63,98,98,61,49,41,102,161,43,100,133,67
1,21,26,66,66,54,42,42,62,81,43,61,79,43,62,62,51,42,42,62,81,43,61,79,43,61,61,50,42,42,62,81,43,61,79,43
1,22,15,9,9,5,5,3,9,17,1,9,17,1,9,9,5,5,3,9,17,1,9,17,1,9,9,5,5,3,9,17,1,9,17,1
1,23,23,34,34,18,17,10,27,50,4,26,46,6,28,28,14,14,10,26,47,5,26,47,5,26,26,14,13,10,26,46,6,26,46,6
1,24,21,38,38,20,19,9,38,68,8,38,68,8,37,37,19,19,9,37,66,8,37,66,8,37,37,19,19,9,37,66,8,37,66,8
1,25,25,76,76,61,48,48,82,117,47,81,111,51,72,72,59,48,48,75,105,45,75,105,45,71,71,58,48,48,73,101,45,73,101,45
1,26,27,60,60,33,30,26,66,114,18,52,77,27,52,52,33,26,26,60,108,12,52,71,33,51,51,32,26,26,59,106,12,51,69,33
1,27,24,36,36,19,18,8,39,71,7,34,60,8,34,34,18,17,7,37,69,5,34,58,10,34,34,18,17,7,35,67,3,34,61,7
1,28,25,64,64,46,33,33,63,114,12,63,114,12,63,63,46,33,33,63,114,12,63,114,12,63,63,46,33,33,63,114,12,63,114,12
1,29,21,37,37,22,19,13,39,68,10,39,68,10,37,37,22,19,13,37,66,8,37,54,20,37,37,22,19,13,37,64,10,37,64,10
1,30,19,25,25,19,14,14,25,36,14,25,36,14,25,25,19,14,14,25,36,14,25,36,14,25,25,19,14,14,25,36,14,25,36,14
1,31,27,74,74,44,37,27,65,114,16,59,99,19,66,66,38,33,24,62,103,21,59,95,23,63,63,37,32,24,61,102,20,59,94,24
1,32,22,24,24,20,16,16,26,51,1,24,34,14,23,23,19,16,16,24,48,0,23,31,15,23,23,19,16,16,24,48,0,23,31,15
1,33,19,26,26,15,13,10,27,43,11,26,41,11,26,26,15,13,10,26,42,10,26,42,10,26,26,15,13,10,26,42,10,26,42,10
1,34,27,103,103,79,68,68,105,141,69,103,125,81,101,101,79,68,68,103,137,69,101,133,69,100,100,78,68,68,104,136,72,100,120,80
1,35,16,12,12,7,6,6,12,22,2,12,22,2,12,12,7,6,6,12,22,2,12,22,2,12,12,7,6,6,12,22,2,12,22,2
1,36,24,51,51,28,26,21,50,95,5,53,74,32,49,49,28,25,21,51,93,9,51,72,30,49,49,28,25,21,51,93,9,51,72,30
1,37,23,43,43,23,22,16,40,73,7,39,58,20,42,42,23,21,15,40,73,7,39,58,20,41,41,23,21,15,40,73,7,39,58,20
1,38,21,28,28,19,14,10,29,47,11,28,44,12,26,26,17,13,10,26,44,8,26,44,8,26,26,17,13,10,26,44,8,26,44,8
1,39,21,28,28,15,14,8,31,54,8,28,41,15,28,28,15,14,8,31,54,8,28,41,15,28,28,15,14,8,30,52,8,28,44,12
1,40,18,13,13,8,7,4,13,22,4,12,19,5,12,12,7,6,4,12,21,3,12,21,3,12,12,7,6,4,12,21,3,12,21,3
1,41,24,69,69,47,36,36,74,110,38,69,92,46,67,67,47,36,36,72,108,36,68,89,47,66,66,47,36,36,69,101,37,68,89,47
1,42,21,35,35,25,18,17,35,53,17,35,53,17,35,35,25,18,17,35,53,17,35,53,17,35,35,25,18,17,35,53,17,35,53,17
1,43,28,40,40,23,20,9,35,67,3,33,60,6,33,33,19,17,8,40,79,1,37,68,6,33,33,19,17,8,37,73,1,34,62,6
1,44,28,107,107,66,54,46,106,169,43,105,157,53,105,105,66,53,46,112,173,51,105,155,55,105,105,66,53,46,111,172,50,105,159,51
1,45,21,30,30,19,15,14,33,62,4,30,56,4,30,30,19,15,14,32,61,3,30,55,5,30,30,19,15,14,32,61,3,30,55,5
1,46,20,19,19,10,10,5,23,39,7,19,34,4,19,19,10,10,5,21,37,5,19,32,6,19,19,10,10,5,21,37,5,19,32,6
1,47,21,26,26,16,13,13,29,55,3,26,49,3,25,25,15,13,13,29,55,3,26,49,3,25,25,15,13,13,29,55,3,26,49,3
1,48,25,37,37,21,19,15,35,69,1,34,64,4,35,35,20,18,15,41,73,9,34,65,3,34,34,19,17,15,41,73,9,34,65,3
1,49,23,40,40,31,23,23,41,59,23,41,59,23,40,40,31,23,23,40,58,22,40,58,22,40,40,31,23,23,40,57,23,40,57,23
4,0,21,38,38,28,22,22,38,56,20,38,53,23,38,38,28,22,22,38,54,22,38,54,22,38,38,28,22,22,38,54,22,38,54,22
4,1,23,40,40,22,20,15,40,66,14,35,51,19,37,37,19,19,13,39,65,13,35,50,20,35,35,19,18,13,37,62,12,35,49,21
4,2,19,24,24,14,12,8,24,41,7,24,38,10,24,24,14,12,8,24,40,8,24,40,8,24,24,14,12,8,24,40,8,24,40,8
4,3,20,28,28,17,14,8,26,45,7,26,45,7,27,27,15,14,8,26,45,7,26,45,7,26,26,15,13,8,26,45,7,26,45,7
4,4,16,11,11,6,6,3,11,20,2,11,20,2,11,11,6,6,3,11,20,2,11,20,2,11,11,6,6,3,11,20,2,11,20,2
4,5,20,18,18,12,9,6,17,32,2,17,32,2,17,17,11,9,6,17,32,2,17,32,2,17,17,11,9,6,17,32,2,17,32,2
4,6,9,4,4,2,2,1,4,7,1,4,7,1,4,4,2,2,1,4,7,1,4,7,1,4,4,2,2,1,4,7,1,4,7,1
4,7,21,36,36,28,21,21,38,53,23,36,49,23,36,36,28,21,21,37,52,22,36,49,23,36,36,28,21,21,37,52,22,36,49,23
4,8,15,8,8,4,4,2,8,15,1,8,15,1,8,8,4,4,2,8,15,1,8,15,1,8,8,4,4,2,8,15,1,8,15,1
4,9,23,33,33,19,17,11,27,44,10,26,42,10,28,28,14,14,11,26,43,9,26,43,9,26,26,13,13,11,26,43,9,26,43,9
4,10,19,17,17,9,9,6,18,29,7,17,27,7,17,17,9,9,6,17,28,6,17,28,6,17,17,9,9,6,17,28,6,17,28,6
4,11,15,10,10,5,5,4,10,17,3,10,17,3,10,10,5,5,4,10,17,3,10,17,3,10,10,5,5,4,10,17,3,10,17,3
4,12,18,12,12,8,7,7,10,20,0,10,20,0,10,10,8,7,7,10,20,0,10,20,0,10,10,8,7,7,10,20,0,10,20,0
4,13,22,41,41,27,21,16,40,67,13,40,54,26,40,40,26,20,16,40,66,14,40,56,24,40,40,26,20,16,40,65,15,40,55,25
4,14,17,14,14,7,7,4,14,24,4,14,24,4,14,14,7,7,4,14,24,4,14,24,4,14,14,7,7,4,14,24,4,14,24,4
4,15,21,37,37,29,23,23,35,49,21,34,48,20,35,35,27,23,23,36,48,24,34,45,23,34,34,26,23,23,34,46,22,34,46,22
4,16,21,20,20,12,10,6,28,51,5,25,39,11,19,19,11,10,6,21,40,2,21,40,2,19,19,11,10,6,21,40,2,21,40,2
4,17,24,37,37,23,19,15,30,50,10,29,45,13,32,32,22,16,15,30,50,10,29,45,13,30,30,20,15,15,30,50,10,29,45,13
4,18,22,24,24,16,12,8,20,40,0,20,40,0,20,20,12,10,7,20,37,3,20,37,3,20,20,12,10,7,20,35,5,20,35,5
4,19,21,29,29,23,17,17,26,37,15,26,37,15,27,27,21,16,16,26,37,15,26,37,15,26,26,20,16,16,26,36,16,26,36,16
4,20,22,29,29,20,15,13,29,45,13,29,45,13,29,29,20,15,13,29,45,13,29,45,13,29,29,20,15,13,29,45,13,29,45,13
4,21,9,4,4,4,4,4,4,4,4,4,4,4,4,4,4,4,4,4,4,4,4,4,4,4,4,4,4,4,4,4,4,4,4,4
4,22,15,9,9,5,5,3,9,17,1,9,17,1,9,9,5,5,3,9,17,1,9,17,1,9,9,5,5,3,9,17,1,9,17,1
4,23,12,7,7,4,4,3,7,12,2,7,12,2,7,7,4,4,3,7,12,2,7,12,2,7,7,4,4,3,7,12,2,7,12,2
4,24,9,4,4,2,2,1,4,7,1,4,7,1,4,4,2,2,1,4,7,1,4,7,1,4,4,2,2,1,4,7,1,4,7,1
4,25,19,22,22,13,11,7,22,37,7,22,37,7,22,22,13,11,7,22,37,7,22,37,7,22,22,13,11,7,22,37,7,22,37,7
4,26,21,21,21,14,11,8,22,35,9,21,33,9,20,20,14,10,8,22,35,9,21,33,9,20,20,14,10,8,21,33,9,20,31,9
4,27,19,21,21,11,11,7,21,40,2,21,35,7,21,21,11,11,7,21,39,3,21,34,8,21,21,11,11,7,21,38,4,21,38,4
4,28,23,31,31,18,16,7,30,53,7,30,53,7,30,30,17,15,7,30,53,7,30,53,7,30,30,17,15,7,30,53,7,30,53,7
4,29,18,19,19,15,13,13,21,29,13,21,29,13,19,19,15,13,13,19,27,11,19,27,11,19,19,15,13,13,19,25,13,19,25,13
4,30,20,25,25,19,14,14,25,42,8,25,42,8,25,25,19,14,14,25,42,8,25,42,8,25,25,19,14,14,25,42,8,25,42,8
4,31,10,4,4,3,2,2,4,8,0,4,8,0,4,4,3,2,2,4,8,0,4,8,0,4,4,3,2,2,4,8,0,4,8,0
4,32,21,24,24,20,16,16,25,35,15,24,34,14,23,23,19,16,16,24,32,16,23,31,15,23,23,19,16,16,24,32,16,23,31,15
4,33,20,27,27,15,14,10,27,45,9,26,43,9,26,26,15,13,10,26,44,8,26,44,8,26,26,15,13,10,26,42,10,26,42,10
4,34,11,4,4,2,2,1,4,8,0,4,8,0,4,4,2,2,1,4,8,0,4,8,0,4,4,2,2,1,4,8,0,4,8,0
4,35,18,17,17,10,9,6,17,33,1,17,33,1,17,17,10,9,6,17,33,1,17,33,1,17,17,10,9,6,17,33,1,17,33,1
4,36,17,18,18,12,9,8,18,27,9,17,23,11,17,17,11,9,8,17,26,8,17,26,8,17,17,11,9,8,17,26,8,17,26,8
4,37,20,31,31,20,16,16,28,50,6,27,35,19,30,30,19,15,15,28,50,6,27,35,19,29,29,18,15,15,28,50,6,27,35,19
4,38,16,14,14,9,7,5,14,24,4,14,21,7,14,14,9,7,5,14,23,5,14,23,5,14,14,9,7,5,14,23,5,14,23,5
4,39,18,22,22,13,11,8,23,37,9,22,32,12,22,22,13,11,8,23,37,9,22,32,12,22,22,13,11,8,22,36,8,22,36,8
4,40,18,13,13,8,7,4,13,22,4,12,19,5,12,12,7,6,4,12,21,3,12,21,3,12,12,7,6,4,12,21,3,12,21,3
4,41,12,7,7,6,5,5,7,9,5,7,9,5,7,7,6,5,5,7,9,5,7,9,5,7,7,6,5,5,7,9,5,7,9,5
4,42,15,12,12,8,7,7,12,17,7,12,17,7,12,12,8,7,7,12,17,7,12,17,7,12,12,8,7,7,12,17,7,12,17,7
4,43,19,20,20,14,10,8,20,36,4,20,36,4,20,20,14,10,8,20,34,6,20,34,6,20,20,14,10,8,20,34,6,20,34,6
4,44,21,30,30,20,15,11,31,52,10,30,45,15,30,30,20,15,11,30,50,10,30,45,15,30,30,20,15,11,30,49,11,30,49,11
4,45,20,30,30,19,15,14,33,49,17,30,43,17,30,30,19,15,14,32,48,16,30,42,18,30,30,19,15,14,32,48,16,30,42,18
4,46,18,16,16,9,8,5,16,29,3,16,29,3,16,16,9,8,5,16,27,5,16,27,5,16,16,9,8,5,16,27,5,16,27,5
4,47,19,26,26,16,13,13,26,42,10,26,42,10,25,25,15,13,13,26,42,10,26,42,10,25,25,15,13,13,26,42,10,26,42,10
4,48,22,35,35,21,18,15,32,57,7,32,55,9,33,33,20,17,15,32,56,8,32,56,8,32,32,19,16,15,32,56,8,32,56,8
4,49,16,12,12,8,6,6,12,18,6,12,18,6,12,12,8,6,6,12,18,6,12,18,6,12,12,8,6,6,12,18,6,12,18,6
16,0,11,3,3,2,2,1,3,6,0,3,6,0,3,3,2,2,1,3,6,0,3,6,0,3,3,2,2,1,3,6,0,3,6,0
16,1,15,9,9,6,5,4,9,14,4,9,14,4,9,9,6,5,4,9,14,4,9,14,4,9,9,6,5,4,9,14,4,9,14,4
16,2,17,16,16,10,8,7,17,26,8,16,23,9,16,16,10,8,7,16,25,7,16,25,7,16,16,10,8,7,16,25,7,16,25,7
16,3,18,20,20,11,10,8,18,28,8,18,28,8,19,19,12,10,8,18,28,8,18,28,8,18,18,11,9,8,18,28,8,18,28,8
16,4,14,7,7,4,4,3,7,13,1,7,13,1,7,7,4,4,3,7,13,1,7,13,1,7,7,4,4,3,7,13,1,7,13,1
16,5,15,5,5,3,3,2,5,9,1,5,9,1,5,5,3,3,2,5,9,1,5,9,1,5,5,3,3,2,5,9,1,5,9,1
16,6,17,17,17,9,9,6,17,29,5,17,29,5,17,17,9,9,6,17,29,5,17,29,5,17,17,9,9,6,17,29,5,17,29,5
16,7,12,7,7,4,4,2,7,12,2,7,12,2,7,7,4,4,2,7,12,2,7,12,2,7,7,4,4,2,7,12,2,7,12,2
16,8,14,7,7,4,4,2,7,13,1,7,13,1,7,7,4,4,2,7,13,1,7,13,1,7,7,4,4,2,7,13,1,7,13,1
16,9,12,6,6,4,3,3,6,11,1,6,11,1,6,6,4,3,3,6,11,1,6,11,1,6,6,4,3,3,6,11,1,6,11,1
16,10,15,11,11,8,6,6,11,17,5,11,17,5,11,11,8,6,6,11,16,6,11,16,6,11,11,8,6,6,11,16,6,11,16,6
16,11,17,10,10,5,5,4,10,19,1,10,19,1,10,10,5,5,4,10,19,1,10,19,1,10,10,5,5,4,10,19,1,10,19,1
16,12,16,10,10,8,7,7,10,16,4,10,16,4,10,10,8,7,7,10,16,4,10,16,4,10,10,8,7,7,10,16,4,10,16,4
16,13,16,8,8,4,4,3,9,17,1,8,14,2,8,8,4,4,3,8,16,0,8,16,0,8,8,4,4,3,8,16,0,8,16,0
16,14,19,14,14,7,7,4,16,30,2,16,30,2,14,14,7,7,4,14,27,1,14,27,1,14,14,7,7,4,14,27,1,14,27,1
16,15,21,37,37,29,23,23,35,49,21,34,48,20,35,35,27,23,23,36,48,24,34,45,23,34,34,26,23,23,34,46,22,34,46,22
16,16,13,8,8,5,4,4,8,12,4,8,12,4,8,8,5,4,4,8,12,4,8,12,4,8,8,5,4,4,8,12,4,8,12,4
16,17,11,4,4,2,2,1,4,7,1,4,7,1,4,4,2,2,1,4,7,1,4,7,1,4,4,2,2,1,4,7,1,4,7,1
16,18,14,9,9,5,5,4,9,17,1,9,17,1,9,9,5,5,4,9,17,1,9,17,1,9,9,5,5,4,9,17,1,9,17,1
16,19,21,29,29,23,17,17,26,37,15,26,37,15,27,27,21,16,16,26,37,15,26,37,15,26,26,20,16,16,26,36,16,26,36,16
16,20,17,13,13,7,7,4,13,25,1,13,25,1,13,13,7,7,4,13,25,1,13,25,1,13,13,7,7,4,13,25,1,13,25,1
16,21,19,18,18,11,9,9,15,29,1,15,29,1,15,15,11,9,9,15,29,1,15,29,1,15,15,11,9,9,15,29,1,15,29,1
16,22,15,9,9,5,5,3,9,17,1,9,17,1,9,9,5,5,3,9,17,1,9,17,1,9,9,5,5,3,9,17,1,9,17,1
16,23,12,7,7,4,4,3,7,12,2,7,12,2,7,7,4,4,3,7,12,2,7,12,2,7,7,4,4,3,7,12,2,7,12,2
16,24,16,13,13,9,7,5,13,21,5,13,21,5,12,12,8,6,5,12,19,5,12,19,5,12,12,8,6,5,12,19,5,12,19,5
16,25,9,2,2,1,1,1,2,4,0,2,4,0,2,2,1,1,1,2,4,0,2,4,0,2,2,1,1,1,2,4,0,2,4,0
16,26,15,10,10,6,5,4,10,16,4,10,16,4,10,10,6,5,4,10,16,4,10,16,4,10,10,6,5,4,10,16,4,10,16,4
16,27,14,10,10,7,5,5,10,15,5,10,15,5,10,10,7,5,5,10,15,5,10,15,5,10,10,7,5,5,10,15,5,10,15,5
16,28,11,5,5,4,3,3,5,8,2,5,8,2,5,5,4,3,3,5,8,2,5,8,2,5,5,4,3,3,5,8,2,5,8,2
16,29,14,6,6,4,3,3,6,12,0,6,12,0,6,6,4,3,3,6,12,0,6,12,0,6,6,4,3,3,6,12,0,6,12,0
16,30,15,7,7,5,4,4,7,12,2,7,12,2,7,7,5,4,4,7,12,2,7,12,2,7,7,5,4,4,7,12,2,7,12,2
16,31,14,9,9,5,5,2,9,16,2,9,16,2,9,9,5,5,2,9,16,2,9,16,2,9,9,5,5,2,9,16,2,9,16,2
16,32,21,24,24,20,16,16,25,35,15,24,34,14,23,23,19,16,16,24,32,16,23,31,15,23,23,19,16,16,24,32,16,23,31,15
16,33,13,6,6,4,3,3,6,9,3,6,9,3,6,6,4,3,3,6,9,3,6,9,3,6,6,4,3,3,6,9,3,6,9,3
16,34,11,4,4,2,2,1,4,8,0,4,8,0,4,4,2,2,1,4,8,0,4,8,0,4,4,2,2,1,4,8,0,4,8,0
16,35,15,12,12,7,6,6,12,20,4,12,20,4,12,12,7,6,6,12,20,4,12,20,4,12,12,7,6,6,12,20,4,12,20,4
16,36,7,2,2,1,1,1,2,4,0,2,4,0,2,2,1,1,1,2,4,0,2,4,0,2,2,1,1,1,2,4,0,2,4,0
16,37,2,1,1,1,1,1,1,1,1,1,1,1,1,1,1,1,1,1,1,1,1,1,1,1,1,1,1,1,1,1,1,1,1,1
16,38,15,9,9,5,5,3,10,18,2,9,15,3,9,9,5,5,3,9,17,1,9,17,1,9,9,5,5,3,9,17,1,9,17,1
16,39,18,22,22,13,11,8,23,37,9,22,32,12,22,22,13,11,8,23,37,9,22,32,12,22,22,13,11,8,22,36,8,22,36,8
16,40,18,13,13,8,7,4,13,22,4,12,19,5,12,12,7,6,4,12,21,3,12,21,3,12,12,7,6,4,12,21,3,12,21,3
16,41,14,9,9,6,5,5,9,16,2,9,16,2,9,9,6,5,5,9,16,2,9,16,2,9,9,6,5,5,9,16,2,9,16,2
16,42,17,15,15,8,8,7,15,30,0,15,30,0,15,15,8,8,7,15,30,0,15,30,0,15,15,8,8,7,15,27,3,15,27,3
16,43,8,3,3,2,2,2,3,4,2,3,4,2,3,3,2,2,2,3,4,2,3,4,2,3,3,2,2,2,3,4,2,3,4,2
16,44,20,19,19,10,10,5,21,38,4,19,31,7,19,19,10,10,5,20,36,4,19,31,7,19,19,10,10,5,19,35,3,19,35,3
16,45,12,7,7,5,4,3,7,11,3,7,11,3,7,7,5,4,3,7,11,3,7,11,3,7,7,5,4,3,7,11,3,7,11,3
16,46,18,16,16,9,8,5,16,29,3,16,29,3,16,16,9,8,5,16,27,5,16,27,5,16,16,9,8,5,16,27,5,16,27,5
16,47,15,12,12,10,8,8,12,16,8,12,16,8,12,12,10,8,8,12,16,8,12,16,8,12,12,10,8,8,12,16,8,12,16,8
16,48,13,6,6,3,3,3,6,10,2,6,10,2,6,6,3,3,3,6,10,2,6,10,2,6,6,3,3,3,6,10,2,6,10,2
16,49,16,12,12,8,6,6,12,18,6,12,18,6,12,12,8,6,6,12,18,6,12,18,6,12,12,8,6,6,12,18,6,12,18,6
64,0,6,2,2,1,1,1,2,3,1,2,3,1,2,2,1,1,1,2,3,1,2,3,1,2,2,1,1,1,2,3,1,2,3,1
64,1,13,5,5,3,3,2,5,9,1,5,9,1,5,5,3,3,2,5,9,1,5,9,1,5,5,3,3,2,5,9,1,5,9,1
64,2,7,2,2,1,1,1,2,3,1,2,3,1,2,2,1,1,1,2,3,1,2,3,1,2,2,1,1,1,2,3,1,2,3,1
64,3,13,5,5,3,3,3,5,9,1,5,9,1,5,5,3,3,3,5,9,1,5,9,1,5,5,3,3,3,5,9,1,5,9,1
64,4,8,2,2,1,1,1,2,3,1,2,3,1,2,2,1,1,1,2,3,1,2,3,1,2,2,1,1,1,2,3,1,2,3,1
64,5,18,12,12,6,6,3,11,19,3,11,19,3,11,11,6,6,3,11,19,3,11,19,3,11,11,6,6,3,11,19,3,11,19,3
64,6,12,6,6,4,3,2,6,10,2,6,10,2,6,6,4,3,2,6,10,2,6,10,2,6,6,4,3,2,6,10,2,6,10,2
64,7,12,7,7,4,4,2,7,12,2,7,12,2,7,7,4,4,2,7,12,2,7,12,2,7,7,4,4,2,7,12,2,7,12,2
64,8,11,5,5,3,3,2,5,9,1,5,9,1,5,5,3,3,2,5,9,1,5,9,1,5,5,3,3,2,5,9,1,5,9,1
64,9,1,0,0,0,0,0,0,0,0,0,0,0,0,0,0,0,0,0,0,0,0,0,0,0,0,0,0,0,0,0,0,0,0,0
64,10,5,2,2,1,1,1,2,3,1,2,3,1,2,2,1,1,1,2,3,1,2,3,1,2,2,1,1,1,2,3,1,2,3,1
64,11,12,7,7,5,4,4,7,10,4,7,10,4,7,7,5,4,4,7,10,4,7,10,4,7,7,5,4,4,7,10,4,7,10,4
64,12,14,10,10,8,7,7,10,13,7,10,13,7,10,10,8,7,7,10,13,7,10,13,7,10,10,8,7,7,10,13,7,10,13,7
64,13,11,4,4,3,2,2,4,8,0,4,8,0,4,4,3,2,2,4,8,0,4,8,0,4,4,3,2,2,4,8,0,4,8,0
64,14,12,6,6,3,3,2,6,10,2,6,10,2,6,6,3,3,2,6,10,2,6,10,2,6,6,3,3,2,6,10,2,6,10,2
64,15,10,4,4,3,2,2,4,6,2,4,6,2,4,4,3,2,2,4,6,2,4,6,2,4,4,3,2,2,4,6,2,4,6,2
64,16,13,8,8,5,4,4,8,12,4,8,12,4,8,8,5,4,4,8,12,4,8,12,4,8,8,5,4,4,8,12,4,8,12,4
64,17,7,2,2,1,1,1,2,4,0,2,4,0,2,2,1,1,1,2,4,0,2,4,0,2,2,1,1,1,2,4,0,2,4,0
64,18,9,4,4,3,3,3,4,5,3,4,5,3,4,4,3,3,3,4,5,3,4,5,3,4,4,3,3,3,4,5,3,4,5,3
64,19,11,6,6,4,3,3,6,9,3,6,9,3,6,6,4,3,3,6,9,3,6,9,3,6,6,4,3,3,6,9,3,6,9,3
64,20,13,5,5,3,3,2,5,9,1,5,9,1,5,5,3,3,2,5,9,1,5,9,1,5,5,3,3,2,5,9,1,5,9,1
64,21,13,6,6,4,4,4,6,11,1,6,11,1,6,6,4,4,4,6,11,1,6,11,1,6,6,4,4,4,6,11,1,6,11,1
64,22,8,3,3,2,2,2,3,4,2,3,4,2,3,3,2,2,2,3,4,2,3,4,2,3,3,2,2,2,3,4,2,3,4,2
64,23,10,5,5,4,3,3,5,7,3,5,7,3,5,5,4,3,3,5,7,3,5,7,3,5,5,4,3,3,5,7,3,5,7,3
64,24,3,1,1,1,1,1,1,2,0,1,2,0,1,1,1,1,1,1,2,0,1,2,0,1,1,1,1,1,1,2,0,1,2,0
64,25,6,2,2,1,1,1,2,3,1,2,3,1,2,2,1,1,1,2,3,1,2,3,1,2,2,1,1,1,2,3,1,2,3,1
64,26,12,6,6,4,4,4,6,8,4,6,8,4,6,6,4,4,4,6,8,4,6,8,4,6,6,4,4,4,6,8,4,6,8,4
64,27,10,2,2,1,1,1,2,4,0,2,4,0,2,2,1,1,1,2,4,0,2,4,0,2,2,1,1,1,2,4,0,2,4,0
64,28,10,5,5,4,3,3,5,7,3,5,7,3,5,5,4,3,3,5,7,3,5,7,3,5,5,4,3,3,5,7,3,5,7,3
64,29,7,2,2,1,1,1,2,4,0,2,4,0,2,2,1,1,1,2,4,0,2,4,0,2,2,1,1,1,2,4,0,2,4,0
64,30,11,3,3,2,2,2,3,5,1,3,5,1,3,3,2,2,2,3,5,1,3,5,1,3,3,2,2,2,3,5,1,3,5,1
64,31,11,5,5,3,3,2,5,9,1,5,9,1,5,5,3,3,2,5,9,1,5,9,1,5,5,3,3,2,5,9,1,5,9,1
64,32,2,1,1,1,1,1,1,1,1,1,1,1,1,1,1,1,1,1,1,1,1,1,1,1,1,1,1,1,1,1,1,1,1,1
64,33,4,1,1,1,1,1,1,1,1,1,1,1,1,1,1,1,1,1,1,1,1,1,1,1,1,1,1,1,1,1,1,1,1,1
64,34,10,4,4,2,2,1,4,7,1,4,7,1,4,4,2,2,1,4,7,1,4,7,1,4,4,2,2,1,4,7,1,4,7,1
64,35,13,8,8,7,6,6,8,10,6,8,10,6,8,8,7,6,6,8,10,6,8,10,6,8,8,7,6,6,8,10,6,8,10,6
64,36,14,9,9,6,5,4,9,14,4,9,14,4,9,9,6,5,4,9,14,4,9,14,4,9,9,6,5,4,9,14,4,9,14,4
64,37,16,8,8,6,5,5,7,13,1,7,13,1,7,7,6,5,5,7,13,1,7,13,1,7,7,6,5,5,7,13,1,7,13,1
64,38,10,5,5,3,3,2,5,9,1,5,9,1,5,5,3,3,2,5,9,1,5,9,1,5,5,3,3,2,5,9,1,5,9,1
64,39,11,3,3,2,2,1,3,6,0,3,6,0,3,3,2,2,1,3,6,0,3,6,0,3,3,2,2,1,3,6,0,3,6,0
64,40,10,4,4,3,2,2,4,6,2,4,6,2,4,4,3,2,2,4,6,2,4,6,2,4,4,3,2,2,4,6,2,4,6,2
64,41,6,2,2,1,1,1,2,3,1,2,3,1,2,2,1,1,1,2,3,1,2,3,1,2,2,1,1,1,2,3,1,2,3,1
64,42,10,5,5,4,4,4,5,6,4,5,6,4,5,5,4,4,4,5,6,4,5,6,4,5,5,4,4,4,5,6,4,5,6,4
64,43,10,5,5,3,3,2,5,8,2,5,8,2,5,5,3,3,2,5,8,2,5,8,2,5,5,3,3,2,5,8,2,5,8,2
64,44,11,3,3,2,2,1,3,5,1,3,5,1,3,3,2,2,1,3,5,1,3,5,1,3,3,2,2,1,3,5,1,3,5,1
64,45,11,4,4,2,2,1,4,7,1,4,7,1,4,4,2,2,1,4,7,1,4,7,1,4,4,2,2,1,4,7,1,4,7,1
64,46,9,4,4,2,2,2,4,6,2,4,6,2,4,4,2,2,2,4,6,2,4,6,2,4,4,2,2,2,4,6,2,4,6,2
64,47,15,12,12,10,8,8,12,16,8,12,16,8,12,12,10,8,8,12,16,8,12,16,8,12,12,10,8,8,12,16,8,12,16,8
64,48,13,6,6,3,3,3,6,10,2,6,10,2,6,6,3,3,3,6,10,2,6,10,2,6,6,3,3,3,6,10,2,6,10,2
64,49,11,5,5,4,3,3,5,7,3,5,7,3,5,5,4,3,3,5,7,3,5,7,3,5,5,4,3,3,5,7,3,5,7,3
256,0,8,3,3,2,2,1,3,5,1,3,5,1,3,3,2,2,1,3,5,1,3,5,1,3,3,2,2,1,3,5,1,3,5,1
256,1,5,1,1,1,1,1,1,2,0,1,2,0,1,1,1,1,1,1,2,0,1,2,0,1,1,1,1,1,1,2,0,1,2,0
256,2,7,2,2,1,1,1,2,3,1,2,3,1,2,2,1,1,1,2,3,1,2,3,1,2,2,1,1,1,2,3,1,2,3,1
256,3,9,4,4,3,3,3,4,5,3,4,5,3,4,4,3,3,3,4,5,3,4,5,3,4,4,3,3,3,4,5,3,4,5,3
256,4,12,7,7,4,4,3,7,11,3,7,11,3,7,7,4,4,3,7,11,3,7,11,3,7,7,4,4,3,7,11,3,7,11,3
256,5,10,2,2,1,1,1,2,3,1,2,3,1,2,2,1,1,1,2,3,1,2,3,1,2,2,1,1,1,2,3,1,2,3,1
256,6,7,2,2,1,1,1,2,4,0,2,4,0,2,2,1,1,1,2,4,0,2,4,0,2,2,1,1,1,2,4,0,2,4,0
256,7,8,3,3,2,2,1,3,5,1,3,5,1,3,3,2,2,1,3,5,1,3,5,1,3,3,2,2,1,3,5,1,3,5,1
256,8,10,4,4,3,2,2,4,6,2,4,6,2,4,4,3,2,2,4,6,2,4,6,2,4,4,3,2,2,4,6,2,4,6,2
256,9,1,0,0,0,0,0,0,0,0,0,0,0,0,0,0,0,0,0,0,0,0,0,0,0,0,0,0,0,0,0,0,0,0,0
256,10,4,1,1,1,1,1,1,2,0,1,2,0,1,1,1,1,1,1,2,0,1,2,0,1,1,1,1,1,1,2,0,1,2,0
256,11,12,7,7,5,4,4,7,10,4,7,10,4,7,7,5,4,4,7,10,4,7,10,4,7,7,5,4,4,7,10,4,7,10,4
256,12,5,2,2,1,1,1,2,3,1,2,3,1,2,2,1,1,1,2,3,1,2,3,1,2,2,1,1,1,2,3,1,2,3,1
256,13,6,2,2,1,1,1,2,3,1,2,3,1,2,2,1,1,1,2,3,1,2,3,1,2,2,1,1,1,2,3,1,2,3,1
256,14,6,2,2,1,1,1,2,4,0,2,4,0,2,2,1,1,1,2,4,0,2,4,0,2,2,1,1,1,2,4,0,2,4,0
256,15,9,2,2,1,1,1,2,3,1,2,3,1,2,2,1,1,1,2,3,1,2,3,1,2,2,1,1,1,2,3,1,2,3,1
256,16,6,2,2,1,1,1,2,3,1,2,3,1,2,2,1,1,1,2,3,1,2,3,1,2,2,1,1,1,2,3,1,2,3,1
256,17,7,2,2,1,1,1,2,4,0,2,4,0,2,2,1,1,1,2,4,0,2,4,0,2,2,1,1,1,2,4,0,2,4,0
256,18,7,1,1,1,1,1,1,2,0,1,2,0,1,1,1,1,1,1,2,0,1,2,0,1,1,1,1,1,1,2,0,1,2,0
256,19,7,2,2,1,1,1,2,3,1,2,3,1,2,2,1,1,1,2,3,1,2,3,1,2,2,1,1,1,2,3,1,2,3,1
256,20,9,4,4,3,2,2,4,6,2,4,6,2,4,4,3,2,2,4,6,2,4,6,2,4,4,3,2,2,4,6,2,4,6,2
256,21,9,4,4,4,4,4,4,4,4,4,4,4,4,4,4,4,4,4,4,4,4,4,4,4,4,4,4,4,4,4,4,4,4,4
256,22,9,3,3,2,2,2,3,4,2,3,4,2,3,3,2,2,2,3,4,2,3,4,2,3,3,2,2,2,3,4,2,3,4,2
256,23,5,2,2,1,1,1,2,3,1,2,3,1,2,2,1,1,1,2,3,1,2,3,1,2,2,1,1,1,2,3,1,2,3,1
256,24,8,3,3,2,2,1,3,5,1,3,5,1,3,3,2,2,1,3,5,1,3,5,1,3,3,2,2,1,3,5,1,3,5,1
256,25,12,5,5,4,3,3,5,7,3,5,7,3,5,5,4,3,3,5,7,3,5,7,3,5,5,4,3,3,5,7,3,5,7,3
256,26,9,2,2,2,2,2,2,4,0,2,4,0,2,2,2,2,2,2,4,0,2,4,0,2,2,2,2,2,2,4,0,2,4,0
256,27,6,2,2,1,1,1,2,3,1,2,3,1,2,2,1,1,1,2,3,1,2,3,1,2,2,1,1,1,2,3,1,2,3,1
256,28,8,2,2,1,1,1,2,4,0,2,4,0,2,2,1,1,1,2,4,0,2,4,0,2,2,1,1,1,2,4,0,2,4,0
256,29,7,2,2,1,1,1,2,4,0,2,4,0,2,2,1,1,1,2,4,0,2,4,0,2,2,1,1,1,2,4,0,2,4,0
256,30,9,3,3,2,2,2,3,4,2,3,4,2,3,3,2,2,2,3,4,2,3,4,2,3,3,2,2,2,3,4,2,3,4,2
256,31,9,4,4,3,2,2,4,6,2,4,6,2,4,4,3,2,2,4,6,2,4,6,2,4,4,3,2,2,4,6,2,4,6,2
256,32,10,4,4,3,2,2,4,6,2,4,6,2,4,4,3,2,2,4,6,2,4,6,2,4,4,3,2,2,4,6,2,4,6,2
256,33,8,3,3,2,2,1,3,5,1,3,5,1,3,3,2,2,1,3,5,1,3,5,1,3,3,2,2,1,3,5,1,3,5,1
256,34,7,2,2,1,1,1,2,4,0,2,4,0,2,2,1,1,1,2,4,0,2,4,0,2,2,1,1,1,2,4,0,2,4,0
256,35,6,2,2,1,1,1,2,4,0,2,4,0,2,2,1,1,1,2,4,0,2,4,0,2,2,1,1,1,2,4,0,2,4,0
256,36,6,2,2,1,1,1,2,3,1,2,3,1,2,2,1,1,1,2,3,1,2,3,1,2,2,1,1,1,2,3,1,2,3,1
256,37,5,2,2,1,1,1,2,3,1,2,3,1,2,2,1,1,1,2,3,1,2,3,1,2,2,1,1,1,2,3,1,2,3,1
256,38,6,2,2,1,1,1,2,3,1,2,3,1,2,2,1,1,1,2,3,1,2,3,1,2,2,1,1,1,2,3,1,2,3,1
256,39,4,1,1,1,1,1,1,2,0,1,2,0,1,1,1,1,1,1,2,0,1,2,0,1,1,1,1,1,1,2,0,1,2,0
256,40,5,2,2,1,1,1,2,3,1,2,3,1,2,2,1,1,1,2,3,1,2,3,1,2,2,1,1,1,2,3,1,2,3,1
256,41,5,2,2,1,1,1,2,3,1,2,3,1,2,2,1,1,1,2,3,1,2,3,1,2,2,1,1,1,2,3,1,2,3,1
256,42,10,5,5,4,4,4,5,6,4,5,6,4,5,5,4,4,4,5,6,4,5,6,4,5,5,4,4,4,5,6,4,5,6,4
256,43,6,1,1,1,1,1,1,2,0,1,2,0,1,1,1,1,1,1,2,0,1,2,0,1,1,1,1,1,1,2,0,1,2,0
256,44,11,3,3,2,2,1,3,5,1,3,5,1,3,3,2,2,1,3,5,1,3,5,1,3,3,2,2,1,3,5,1,3,5,1
256,45,6,2,2,1,1,1,2,3,1,2,3,1,2,2,1,1,1,2,3,1,2,3,1,2,2,1,1,1,2,3,1,2,3,1
256,46,8,2,2,2,2,2,2,4,0,2,4,0,2,2,2,2,2,2,4,0,2,4,0,2,2,2,2,2,2,4,0,2,4,0
256,47,9,3,3,2,2,1,3,5,1,3,5,1,3,3,2,2,1,3,5,1,3,5,1,3,3,2,2,1,3,5,1,3,5,1
256,48,11,4,4,3,3,3,4,5,3,4,5,3,4,4,3,3,3,4,5,3,4,5,3,4,4,3,3,3,4,5,3,4,5,3
256,49,9,2,2,1,1,1,2,3,1,2,3,1,2,2,1,1,1,2,3,1,2,3,1,2,2,1,1,1,2,3,1,2,3,1
