target_count,seed_index,requests,requests_a,requests_b,normal,single_opt_k4,k22_a,k22_b,k22_total,k22_makespan,k32_a,k32_b,k32_total,k32_makespan,k23_a,k23_b,k23_total,k23_makespan,k33_a,k33_b,k33_total,k33_makespan
1,0,25,13,12,308,70,70,59,129,70,70,59,129,70,70,59,129,70,70,59,129,70
1,1,15,8,7,23,9,9,2,11,9,9,2,11,9,9,2,11,9,9,2,11,9
1,2,22,11,11,181,40,24,40,64,40,24,40,64,40,24,40,64,40,24,40,64,40
1,3,25,13,12,239,48,47,38,85,47,47,38,85,47,47,36,83,47,47,36,83,47
1,4,24,12,12,240,58,39,58,97,58,39,58,97,58,39,58,97,58,39,58,97,58
1,5,23,12,11,155,40,24,40,64,40,24,40,64,40,24,40,64,40,24,40,64,40
1,6,9,5,4,14,4,4,3,7,4,4,3,7,4,4,3,7,4,4,3,7,4
1,7,23,12,11,180,52,52,16,68,52,52,16,68,52,52,16,68,52,52,16,68,52
1,8,26,13,13,261,78,49,81,130,81,47,81,128,81,49,78,127,78,47,78,125,78
1,9,24,12,12,148,56,36,58,94,58,26,58,84,58,36,56,92,56,26,56,82,56
1,10,20,10,10,93,28,19,28,47,28,17,28,45,28,19,28,47,28,17,28,45,28
1,11,23,12,11,175,44,23,44,67,44,23,44,67,44,23,44,67,44,23,44,67,44
1,12,18,9,9,42,10,5,10,15,10,4,10,14,10,5,10,15,10,4,10,14,10
1,13,24,12,12,218,51,53,42,95,53,51,42,93,51,53,40,93,53,51,40,91,51
1,14,21,11,10,133,34,34,28,62,34,34,28,62,34,34,28,62,34,34,28,62,34
1,15,27,14,13,333,101,114,63,177,114,100,63,163,100,114,61,175,114,100,61,161,100
1,16,25,13,12,225,42,45,23,68,45,41,23,64,41,45,20,65,45,41,20,61,41
1,17,25,13,12,152,34,33,19,52,33,31,19,50,31,33,18,51,33,31,18,49,31
1,18,24,12,12,216,65,37,71,108,71,35,71,106,71,37,65,102,65,35,65,100,65
1,19,22,11,11,122,41,29,44,73,44,28,44,72,44,29,40,69,40,28,40,68,40
1,20,27,14,13,311,98,100,61,161,100,98,61,159,98,100,57,157,100,98,57,155,98
1,21,26,13,13,200,62,17,72,89,72,17,72,89,72,17,61,78,61,17,61,78,61
1,22,15,8,7,37,9,9,8,17,9,9,8,17,9,9,8,17,9,9,8,17,9
1,23,23,12,11,141,28,26,18,44,26,26,18,44,26,26,16,42,26,26,16,42,26
1,24,21,11,10,159,37,39,29,68,39,37,29,66,37,39,29,68,39,37,29,66,37
1,25,25,13,12,210,72,81,24,105,81,71,24,95,71,81,23,104,81,71,23,94,71
1,26,27,14,13,215,52,53,20,73,53,51,20,71,51,53,12,65,53,51,12,63,51
1,27,24,12,12,174,34,34,27,61,34,34,27,61,34,34,27,61,34,34,27,61,34
1,28,25,13,12,256,63,51,65,116,65,51,65,116,65,51,63,114,63,51,63,114,63
1,29,21,11,10,133,37,39,27,66,39,37,27,64,37,39,27,66,39,37,27,64,37
1,30,19,10,9,63,25,25,7,32,25,25,7,32,25,25,7,32,25,25,7,32,25
1,31,27,14,13,273,66,75,36,111,75,59,36,95,59,75,34,109,75,59,34,93,59
1,32,22,11,11,93,23,26,24,50,26,24,24,48,24,26,23,49,26,24,23,47,24
1,33,19,10,9,93,26,27,10,37,27,26,10,36,26,27,10,37,27,26,10,36,26
1,34,27,14,13,290,101,106,24,130,106,100,24,124,100,106,20,126,106,100,20,120,100
1,35,16,8,8,40,12,12,11,23,12,12,11,23,12,12,10,22,12,12,10,22,12
1,36,24,12,12,229,49,40,53,93,53,39,53,92,53,40,49,89,49,39,49,88,49
1,37,23,12,11,169,42,29,41,70,41,27,41,68,41,29,39,68,39,27,39,66,39
1,38,21,11,10,123,26,26,15,41,26,26,15,41,26,26,14,40,26,26,14,40,26
1,39,21,11,10,105,28,28,22,50,28,28,22,50,28,28,22,50,28,28,22,50,28
1,40,18,9,9,48,12,13,7,20,13,12,7,19,12,13,6,19,13,12,6,18,12
1,41,24,12,12,196,67,30,67,97,67,30,67,97,67,30,66,96,66,30,66,96,66
1,42,21,11,10,126,35,35,18,53,35,35,18,53,35,35,18,53,35,35,18,53,35
1,43,28,14,14,252,33,44,27,71,44,33,27,60,33,44,27,71,44,33,27,60,33
1,44,28,14,14,368,105,61,107,168,107,59,107,166,107,61,105,166,105,59,105,164,105
1,45,21,11,10,131,30,29,30,59,30,29,30,59,30,29,30,59,30,29,30,59,30
1,46,20,10,10,96,19,9,19,28,19,9,19,28,19,9,19,28,19,9,19,28,19
1,47,21,11,10,120,25,25,20,45,25,25,20,45,25,25,19,44,25,25,19,44,25
1,48,25,13,12,157,35,34,32,66,34,34,32,66,34,34,32,66,34,34,32,66,34
1,49,23,12,11,148,40,40,17,57,40,40,17,57,40,40,17,57,40,40,17,57,40
4,0,21,11,10,119,38,38,12,50,38,38,12,50,38,38,12,50,38,38,12,50,38
4,1,23,12,11,132,37,35,29,64,35,35,29,64,35,35,25,60,35,35,25,60,35
4,2,19,10,9,89,24,24,9,33,24,24,9,33,24,24,9,33,24,24,9,33,24
4,3,20,10,10,101,27,19,29,48,29,19,29,48,29,19,27,46,27,19,27,46,27
4,4,16,8,8,47,11,9,11,20,11,9,11,20,11,9,11,20,11,9,11,20,11
4,5,20,10,10,72,17,17,15,32,17,17,15,32,17,17,15,32,17,17,15,32,17
4,6,9,5,4,14,4,4,3,7,4,4,3,7,4,4,3,7,4,4,3,7,4
4,7,21,11,10,112,36,36,9,45,36,36,9,45,36,36,9,45,36,36,9,45,36
4,8,15,8,7,40,8,8,7,15,8,8,7,15,8,8,7,15,8,8,7,15,8
4,9,23,12,11,94,28,36,9,45,36,26,9,35,26,36,7,43,36,26,7,33,26
4,10,19,10,9,65,17,19,9,28,19,17,9,26,17,19,9,28,19,17,9,26,17
4,11,15,8,7,41,10,10,7,17,10,10,7,17,10,10,7,17,10,10,7,17,10
4,12,18,9,9,42,10,5,10,15,10,4,10,14,10,5,10,15,10,4,10,14,10
4,13,22,11,11,128,40,26,42,68,42,24,42,66,42,26,40,66,40,24,40,64,40
4,14,17,9,8,59,14,14,10,24,14,14,10,24,14,14,10,24,14,14,10,24,14
4,15,21,11,10,85,35,35,10,45,35,34,10,44,34,35,9,44,35,34,9,43,34
4,16,21,11,10,116,19,23,17,40,23,19,17,36,19,23,17,40,23,19,17,36,19
4,17,24,12,12,121,32,31,19,50,31,29,19,48,29,31,18,49,31,29,18,47,29
4,18,22,11,11,116,20,22,21,43,22,20,21,41,21,22,15,37,22,20,15,35,20
4,19,21,11,10,82,27,29,13,42,29,28,13,41,28,29,10,39,29,28,10,38,28
4,20,22,11,11,112,29,16,33,49,33,16,33,49,33,16,29,45,29,16,29,45,29
4,21,9,5,4,4,4,4,0,4,4,4,0,4,4,4,0,4,4,4,0,4,4
4,22,15,8,7,37,9,9,8,17,9,9,8,17,9,9,8,17,9,9,8,17,9
4,23,12,6,6,21,7,2,7,9,7,2,7,9,7,2,7,9,7,2,7,9,7
4,24,9,5,4,14,4,4,3,7,4,4,3,7,4,4,3,7,4,4,3,7,4
4,25,19,10,9,77,22,22,15,37,22,22,15,37,22,22,15,37,22,22,15,37,22
4,26,21,11,10,83,20,22,13,35,22,20,13,33,20,22,12,34,22,20,12,32,20
4,27,19,10,9,77,21,21,17,38,21,21,17,38,21,21,17,38,21,21,17,38,21
4,28,23,12,11,142,30,30,25,55,30,30,25,55,30,30,23,53,30,30,23,53,30
4,29,18,9,9,62,19,8,19,27,19,6,19,25,19,8,19,27,19,6,19,25,19
4,30,20,10,10,80,25,25,17,42,25,25,17,42,25,25,17,42,25,25,17,42,25
4,31,10,5,5,14,4,4,4,8,4,4,4,8,4,4,4,8,4,4,4,8,4
4,32,21,11,10,70,23,26,8,34,26,24,8,32,24,26,7,33,26,24,7,31,24
4,33,20,10,10,98,26,27,10,37,27,26,10,36,26,27,10,37,27,26,10,36,26
4,34,11,6,5,17,4,4,3,7,4,4,3,7,4,4,3,7,4,4,3,7,4
4,35,18,9,9,73,17,17,17,34,17,17,17,34,17,17,16,33,17,17,16,33,17
4,36,17,9,8,47,17,18,9,27,18,17,9,26,17,18,9,27,18,17,9,26,17
4,37,20,10,10,85,30,7,29,36,29,5,29,34,29,7,27,34,27,5,27,32,27
4,38,16,8,8,54,14,9,14,23,14,9,14,23,14,9,14,23,14,9,14,23,14
4,39,18,9,9,71,22,9,22,31,22,9,22,31,22,9,22,31,22,9,22,31,22
4,40,18,9,9,48,12,13,7,20,13,12,7,19,12,13,6,19,13,12,6,18,12
4,41,12,6,6,14,7,2,7,9,7,2,7,9,7,2,7,9,7,2,7,9,7
4,42,15,8,7,34,12,12,5,17,12,12,5,17,12,12,5,17,12,12,5,17,12
4,43,19,10,9,98,20,20,12,32,20,20,12,32,20,20,12,32,20,20,12,32,20
4,44,21,11,10,123,30,32,19,51,32,30,19,49,30,32,19,51,32,30,19,49,30
4,45,20,10,10,102,30,10,30,40,30,10,30,40,30,10,30,40,30,10,30,40,30
4,46,18,9,9,68,16,7,16,23,16,7,16,23,16,7,16,23,16,7,16,23,16
4,47,19,10,9,76,25,25,13,38,25,25,13,38,25,25,12,37,25,25,12,37,25
4,48,22,11,11,95,33,24,32,56,32,24,32,56,32,24,32,56,32,24,32,56,32
4,49,16,8,8,44,12,5,12,17,12,5,12,17,12,5,12,17,12,5,12,17,12
16,0,11,6,5,15,3,3,3,6,3,3,3,6,3,3,3,6,3,3,3,6,3
16,1,15,8,7,23,9,9,2,11,9,9,2,11,9,9,2,11,9,9,2,11,9
16,2,17,9,8,56,16,16,9,25,16,16,9,25,16,16,9,25,16,16,9,25,16
16,3,18,9,9,56,19,10,21,31,21,10,21,31,21,10,19,29,19,10,19,29,19
16,4,14,7,7,27,7,4,7,11,7,4,7,11,7,4,7,11,7,4,7,11,7
16,5,15,8,7,18,5,5,2,7,5,5,2,7,5,5,2,7,5,5,2,7,5
16,6,17,9,8,68,17,17,9,26,17,17,9,26,17,17,9,26,17,17,9,26,17
16,7,12,6,6,25,7,4,7,11,7,4,7,11,7,4,7,11,7,4,7,11,7
16,8,14,7,7,32,7,6,7,13,7,6,7,13,7,6,7,13,7,6,7,13,7
16,9,12,6,6,20,6,5,6,11,6,5,6,11,6,5,6,11,6,5,6,11,6
16,10,15,8,7,35,11,11,5,16,11,11,5,16,11,11,5,16,11,11,5,16,11
16,11,17,9,8,57,10,10,7,17,10,10,7,17,10,10,7,17,10,10,7,17,10
16,12,16,8,8,28,10,3,10,13,10,2,10,12,10,3,10,13,10,2,10,12,10
16,13,16,8,8,43,8,10,8,18,10,8,8,16,8,10,8,18,10,8,8,16,8
16,14,19,10,9,71,14,14,10,24,14,14,10,24,14,14,10,24,14,14,10,24,14
16,15,21,11,10,85,35,35,10,45,35,34,10,44,34,35,9,44,35,34,9,43,34
16,16,13,7,6,30,8,8,4,12,8,8,4,12,8,8,4,12,8,8,4,12,8
16,17,11,6,5,13,4,4,3,7,4,4,3,7,4,4,3,7,4,4,3,7,4
16,18,14,7,7,27,9,8,9,17,9,8,9,17,9,8,9,17,9,8,9,17,9
16,19,21,11,10,82,27,29,13,42,29,28,13,41,28,29,10,39,29,28,10,38,28
16,20,17,9,8,58,13,12,13,25,13,12,13,25,13,12,13,25,13,12,13,25,13
16,21,19,10,9,67,15,14,15,29,15,14,15,29,15,14,15,29,15,14,15,29,15
16,22,15,8,7,37,9,9,8,17,9,9,8,17,9,9,8,17,9,9,8,17,9
16,23,12,6,6,21,7,2,7,9,7,2,7,9,7,2,7,9,7,2,7,9,7
16,24,16,8,8,47,12,8,12,20,12,6,12,18,12,8,12,20,12,6,12,18,12
16,25,9,5,4,6,2,2,2,4,2,2,2,4,2,2,2,4,2,2,2,4,2
16,26,15,8,7,29,10,10,6,16,10,10,6,16,10,10,6,16,10,10,6,16,10
16,27,14,7,7,32,10,5,10,15,10,5,10,15,10,5,10,15,10,5,10,15,10
16,28,11,6,5,17,5,3,5,8,5,3,5,8,5,3,5,8,5,3,5,8,5
16,29,14,7,7,30,6,6,6,12,6,6,6,12,6,6,6,12,6,6,6,12,6
16,30,15,8,7,26,7,5,7,12,7,5,7,12,7,5,7,12,7,5,7,12,7
16,31,14,7,7,35,9,5,9,14,9,5,9,14,9,5,9,14,9,5,9,14,9
16,32,21,11,10,70,23,26,8,34,26,24,8,32,24,26,7,33,26,24,7,31,24
16,33,13,7,6,23,6,6,3,9,6,6,3,9,6,6,3,9,6,6,3,9,6
16,34,11,6,5,17,4,4,3,7,4,4,3,7,4,4,3,7,4,4,3,7,4
16,35,15,8,7,30,12,12,2,14,12,12,2,14,12,12,2,14,12,12,2,14,12
16,36,7,4,3,5,2,2,2,4,2,2,2,4,2,2,2,4,2,2,2,4,2
16,37,2,1,1,1,1,0,1,1,1,0,1,1,1,0,1,1,1,0,1,1,1
16,38,15,8,7,40,9,9,5,14,9,9,5,14,9,9,5,14,9,9,5,14,9
16,39,18,9,9,71,22,9,22,31,22,9,22,31,22,9,22,31,22,9,22,31,22
16,40,18,9,9,48,12,13,7,20,13,12,7,19,12,13,6,19,13,12,6,18,12
16,41,14,7,7,29,9,6,9,15,9,6,9,15,9,6,9,15,9,6,9,15,9
16,42,17,9,8,57,15,12,15,27,15,12,15,27,15,12,15,27,15,12,15,27,15
16,43,8,4,4,6,3,0,3,3,3,0,3,3,3,0,3,3,3,0,3,3,3
16,44,20,10,10,93,19,18,19,37,19,16,19,35,19,18,19,37,19,16,19,35,19
16,45,12,6,6,21,7,4,7,11,7,4,7,11,7,4,7,11,7,4,7,11,7
16,46,18,9,9,68,16,7,16,23,16,7,16,23,16,7,16,23,16,7,16,23,16
16,47,15,8,7,30,12,12,3,15,12,12,3,15,12,12,3,15,12,12,3,15,12
16,48,13,7,6,13,6,6,1,7,6,6,1,7,6,6,1,7,6,6,1,7,6
16,49,16,8,8,44,12,5,12,17,12,5,12,17,12,5,12,17,12,5,12,17,12
64,0,6,3,3,4,2,0,2,2,2,0,2,2,2,0,2,2,2,0,2,2,2
64,1,13,7,6,14,5,5,2,7,5,5,2,7,5,5,2,7,5,5,2,7,5
64,2,7,4,3,3,2,2,0,2,2,2,0,2,2,2,0,2,2,2,0,2,2
64,3,13,7,6,19,5,4,5,9,5,4,5,9,5,4,5,9,5,4,5,9,5
64,4,8,4,4,4,2,1,2,3,2,1,2,3,2,1,2,3,2,1,2,3,2
64,5,18,9,9,40,11,8,11,19,11,8,11,19,11,8,11,19,11,8,11,19,11
64,6,12,6,6,24,6,6,4,10,6,6,4,10,6,6,4,10,6,6,4,10,6
64,7,12,6,6,25,7,4,7,11,7,4,7,11,7,4,7,11,7,4,7,11,7
64,8,11,6,5,13,5,5,4,9,5,5,4,9,5,5,4,9,5,5,4,9,5
64,9,1,1,0,0,0,0,0,0,0,0,0,0,0,0,0,0,0,0,0,0,0
64,10,5,3,2,4,2,2,1,3,2,2,1,3,2,2,1,3,2,2,1,3,2
64,11,12,6,6,19,7,3,7,10,7,3,7,10,7,3,7,10,7,3,7,10,7
64,12,14,7,7,20,10,3,10,13,10,2,10,12,10,3,10,13,10,2,10,12,10
64,13,11,6,5,17,4,4,4,8,4,4,4,8,4,4,4,8,4,4,4,8,4
64,14,12,6,6,19,6,4,6,10,6,4,6,10,6,4,6,10,6,4,6,10,6
64,15,10,5,5,7,4,2,4,6,4,2,4,6,4,2,4,6,4,2,4,6,4
64,16,13,7,6,30,8,8,4,12,8,8,4,12,8,8,4,12,8,8,4,12,8
64,17,7,4,3,6,2,2,2,4,2,2,2,4,2,2,2,4,2,2,2,4,2
64,18,9,5,4,8,4,4,1,5,4,4,1,5,4,4,1,5,4,4,1,5,4
64,19,11,6,5,16,6,6,3,9,6,6,3,9,6,6,3,9,6,6,3,9,6
64,20,13,7,6,20,5,5,2,7,5,5,2,7,5,5,2,7,5,5,2,7,5
64,21,13,7,6,18,6,6,5,11,6,6,5,11,6,6,5,11,6,6,5,11,6
64,22,8,4,4,6,3,1,3,4,3,1,3,4,3,1,3,4,3,1,3,4,3
64,23,10,5,5,13,5,2,5,7,5,2,5,7,5,2,5,7,5,2,5,7,5
64,24,3,2,1,2,1,1,1,2,1,1,1,2,1,1,1,2,1,1,1,2,1
64,25,6,3,3,3,2,0,2,2,2,0,2,2,2,0,2,2,2,0,2,2,2
64,26,12,6,6,13,6,2,6,8,6,2,6,8,6,2,6,8,6,2,6,8,6
64,27,10,5,5,11,2,2,2,4,2,2,2,4,2,2,2,4,2,2,2,4,2
64,28,10,5,5,14,5,2,5,7,5,2,5,7,5,2,5,7,5,2,5,7,5
64,29,7,4,3,6,2,2,2,4,2,2,2,4,2,2,2,4,2,2,2,4,2
64,30,11,6,5,11,3,3,2,5,3,3,2,5,3,3,2,5,3,3,2,5,3
64,31,11,6,5,19,5,5,4,9,5,5,4,9,5,5,4,9,5,5,4,9,5
64,32,2,1,1,1,1,0,1,1,1,0,1,1,1,0,1,1,1,0,1,1,1
64,33,4,2,2,1,1,0,1,1,1,0,1,1,1,0,1,1,1,0,1,1,1
64,34,10,5,5,13,4,4,3,7,4,4,3,7,4,4,3,7,4,4,3,7,4
64,35,13,7,6,18,8,8,2,10,8,8,2,10,8,8,2,10,8,8,2,10,8
64,36,14,7,7,23,9,3,9,12,9,3,9,12,9,3,9,12,9,3,9,12,9
64,37,16,8,8,28,7,3,9,12,9,2,9,11,9,3,7,10,7,2,7,9,7
64,38,10,5,5,17,5,4,5,9,5,4,5,9,5,4,5,9,5,4,5,9,5
64,39,11,6,5,13,3,3,3,6,3,3,3,6,3,3,3,6,3,3,3,6,3
64,40,10,5,5,9,4,2,4,6,4,2,4,6,4,2,4,6,4,2,4,6,4
64,41,6,3,3,5,2,2,1,3,2,2,1,3,2,2,1,3,2,2,1,3,2
64,42,10,5,5,8,5,1,5,6,5,1,5,6,5,1,5,6,5,1,5,6,5
64,43,10,5,5,12,5,1,5,6,5,1,5,6,5,1,5,6,5,1,5,6,5
64,44,11,6,5,8,3,1,3,4,3,1,3,4,3,1,3,4,3,1,3,4,3
64,45,11,6,5,14,4,4,2,6,4,4,2,6,4,4,2,6,4,4,2,6,4
64,46,9,5,4,10,4,4,2,6,4,4,2,6,4,4,2,6,4,4,2,6,4
64,47,15,8,7,30,12,12,3,15,12,12,3,15,12,12,3,15,12,12,3,15,12
64,48,13,7,6,13,6,6,1,7,6,6,1,7,6,6,1,7,6,6,1,7,6
64,49,11,6,5,11,5,5,1,6,5,5,1,6,5,5,1,6,5,5,1,6,5
256,0,8,4,4,7,3,0,3,3,3,0,3,3,3,0,3,3,3,0,3,3,3
256,1,5,3,2,2,1,1,1,2,1,1,1,2,1,1,1,2,1,1,1,2,1
256,2,7,4,3,3,2,2,0,2,2,2,0,2,2,2,0,2,2,2,0,2,2
256,3,9,5,4,8,4,4,1,5,4,4,1,5,4,4,1,5,4,4,1,5,4
256,4,12,6,6,17,7,4,7,11,7,4,7,11,7,4,7,11,7,4,7,11,7
256,5,10,5,5,5,2,1,2,3,2,1,2,3,2,1,2,3,2,1,2,3,2
256,6,7,4,3,7,2,2,2,4,2,2,2,4,2,2,2,4,2,2,2,4,2
256,7,8,4,4,8,3,2,3,5,3,2,3,5,3,2,3,5,3,2,3,5,3
256,8,10,5,5,8,4,2,4,6,4,2,4,6,4,2,4,6,4,2,4,6,4
256,9,1,1,0,0,0,0,0,0,0,0,0,0,0,0,0,0,0,0,0,0,0
256,10,4,2,2,2,1,1,1,2,1,1,1,2,1,1,1,2,1,1,1,2,1
256,11,12,6,6,19,7,3,7,10,7,3,7,10,7,3,7,10,7,3,7,10,7
256,12,5,3,2,3,2,2,1,3,2,2,1,3,2,2,1,3,2,2,1,3,2
256,13,6,3,3,5,2,1,2,3,2,1,2,3,2,1,2,3,2,1,2,3,2
256,14,6,3,3,7,2,2,2,4,2,2,2,4,2,2,2,4,2,2,2,4,2
256,15,9,5,4,3,2,2,0,2,2,2,0,2,2,2,0,2,2,2,0,2,2
256,16,6,3,3,4,2,1,2,3,2,1,2,3,2,1,2,3,2,1,2,3,2
256,17,7,4,3,6,2,2,2,4,2,2,2,4,2,2,2,4,2,2,2,4,2
256,18,7,4,3,4,1,1,1,2,1,1,1,2,1,1,1,2,1,1,1,2,1
256,19,7,4,3,3,2,2,0,2,2,2,0,2,2,2,0,2,2,2,0,2,2
256,20,9,5,4,9,4,4,1,5,4,4,1,5,4,4,1,5,4,4,1,5,4
256,21,9,5,4,4,4,4,0,4,4,4,0,4,4,4,0,4,4,4,0,4,4
256,22,9,5,4,7,3,1,3,4,3,1,3,4,3,1,3,4,3,1,3,4,3
256,23,5,3,2,4,2,2,1,3,2,2,1,3,2,2,1,3,2,2,1,3,2
256,24,8,4,4,10,3,1,3,4,3,1,3,4,3,1,3,4,3,1,3,4,3
256,25,12,6,6,14,5,2,5,7,5,2,5,7,5,2,5,7,5,2,5,7,5
256,26,9,5,4,6,2,2,2,4,2,2,2,4,2,2,2,4,2,2,2,4,2
256,27,6,3,3,4,2,1,2,3,2,1,2,3,2,1,2,3,2,1,2,3,2
256,28,8,4,4,7,2,2,2,4,2,2,2,4,2,2,2,4,2,2,2,4,2
256,29,7,4,3,6,2,2,2,4,2,2,2,4,2,2,2,4,2,2,2,4,2
256,30,9,5,4,7,3,3,1,4,3,3,1,4,3,3,1,4,3,3,1,4,3
256,31,9,5,4,10,4,4,1,5,4,4,1,5,4,4,1,5,4,4,1,5,4
256,32,10,5,5,12,4,2,4,6,4,2,4,6,4,2,4,6,4,2,4,6,4
256,33,8,4,4,8,3,1,3,4,3,1,3,4,3,1,3,4,3,1,3,4,3
256,34,7,4,3,5,2,2,1,3,2,2,1,3,2,2,1,3,2,2,1,3,2
256,35,6,3,3,6,2,2,2,4,2,2,2,4,2,2,2,4,2,2,2,4,2
256,36,6,3,3,3,2,1,2,3,2,1,2,3,2,1,2,3,2,1,2,3,2
256,37,5,3,2,4,2,2,1,3,2,2,1,3,2,2,1,3,2,2,1,3,2
256,38,6,3,3,5,2,2,1,3,2,2,1,3,2,2,1,3,2,2,1,3,2
256,39,4,2,2,2,1,0,1,1,1,0,1,1,1,0,1,1,1,0,1,1,1
256,40,5,3,2,4,2,2,1,3,2,2,1,3,2,2,1,3,2,2,1,3,2
256,41,5,3,2,4,2,2,1,3,2,2,1,3,2,2,1,3,2,2,1,3,2
256,42,10,5,5,8,5,1,5,6,5,1,5,6,5,1,5,6,5,1,5,6,5
256,43,6,3,3,3,1,0,1,1,1,0,1,1,1,0,1,1,1,0,1,1,1
256,44,11,6,5,8,3,1,3,4,3,1,3,4,3,1,3,4,3,1,3,4,3
256,45,6,3,3,4,2,0,2,2,2,0,2,2,2,0,2,2,2,0,2,2,2
256,46,8,4,4,6,2,2,2,4,2,2,2,4,2,2,2,4,2,2,2,4,2
256,47,9,5,4,6,3,3,2,5,3,3,2,5,3,3,2,5,3,3,2,5,3
256,48,11,6,5,7,4,4,1,5,4,4,1,5,4,4,1,5,4,4,1,5,4
256,49,9,5,4,6,2,2,1,3,2,2,1,3,2,2,1,3,2,2,1,3,2
