target_count,seed_index,policy,software_actual_grover_iterations,fpga_actual_grover_iterations,delta,exact_match
1,0,K4H4,70,70,0,1
1,0,K3H3,70,70,0,1
1,1,K4H4,9,9,0,1
1,1,K3H3,9,9,0,1
1,2,K4H4,40,40,0,1
1,2,K3H3,40,40,0,1
1,3,K4H4,51,51,0,1
1,3,K3H3,53,53,0,1
1,4,K4H4,58,58,0,1
1,4,K3H3,58,58,0,1
1,5,K4H4,41,41,0,1
1,5,K3H3,41,41,0,1
1,6,K4H4,4,4,0,1
1,6,K3H3,4,4,0,1
1,7,K4H4,52,52,0,1
1,7,K3H3,52,52,0,1
1,8,K4H4,83,83,0,1
1,8,K3H3,85,85,0,1
1,9,K4H4,57,57,0,1
1,9,K3H3,68,68,0,1
1,10,K4H4,30,30,0,1
1,10,K3H3,31,31,0,1
1,11,K4H4,44,44,0,1
1,11,K3H3,45,45,0,1
1,12,K4H4,10,10,0,1
1,12,K3H3,12,12,0,1
1,13,K4H4,52,52,0,1
1,13,K3H3,55,55,0,1
1,14,K4H4,36,36,0,1
1,14,K3H3,37,37,0,1
1,15,K4H4,101,101,0,1
1,15,K3H3,115,115,0,1
1,16,K4H4,45,45,0,1
1,16,K3H3,45,45,0,1
1,17,K4H4,35,35,0,1
1,17,K3H3,45,45,0,1
1,18,K4H4,70,70,0,1
1,18,K3H3,73,73,0,1
1,19,K4H4,42,42,0,1
1,19,K3H3,47,47,0,1
1,20,K4H4,100,100,0,1
1,20,K3H3,109,109,0,1
1,21,K4H4,62,62,0,1
1,21,K3H3,68,68,0,1
1,22,K4H4,9,9,0,1
1,22,K3H3,9,9,0,1
1,23,K4H4,31,31,0,1
1,23,K3H3,35,35,0,1
1,24,K4H4,37,37,0,1
1,24,K3H3,40,40,0,1
1,25,K4H4,79,79,0,1
1,25,K3H3,79,79,0,1
1,26,K4H4,61,61,0,1
1,26,K3H3,66,66,0,1
1,27,K4H4,40,40,0,1
1,27,K3H3,41,41,0,1
1,28,K4H4,63,63,0,1
1,28,K3H3,65,65,0,1
1,29,K4H4,37,37,0,1
1,29,K3H3,39,39,0,1
1,30,K4H4,25,25,0,1
1,30,K3H3,26,26,0,1
1,31,K4H4,74,74,0,1
1,31,K3H3,80,80,0,1
1,32,K4H4,25,25,0,1
1,32,K3H3,26,26,0,1
1,33,K4H4,26,26,0,1
1,33,K3H3,27,27,0,1
1,34,K4H4,106,106,0,1
1,34,K3H3,107,107,0,1
1,35,K4H4,12,12,0,1
1,35,K3H3,12,12,0,1
1,36,K4H4,51,51,0,1
1,36,K3H3,55,55,0,1
1,37,K4H4,43,43,0,1
1,37,K3H3,44,44,0,1
1,38,K4H4,26,26,0,1
1,38,K3H3,29,29,0,1
1,39,K4H4,29,29,0,1
1,39,K3H3,30,30,0,1
1,40,K4H4,13,13,0,1
1,40,K3H3,13,13,0,1
1,41,K4H4,73,73,0,1
1,41,K3H3,78,78,0,1
1,42,K4H4,35,35,0,1
1,42,K3H3,35,35,0,1
1,43,K4H4,57,57,0,1
1,43,K3H3,57,57,0,1
1,44,K4H4,115,115,0,1
1,44,K3H3,118,118,0,1
1,45,K4H4,33,33,0,1
1,45,K3H3,33,33,0,1
1,46,K4H4,20,20,0,1
1,46,K3H3,21,21,0,1
1,47,K4H4,26,26,0,1
1,47,K3H3,26,26,0,1
1,48,K4H4,36,36,0,1
1,48,K3H3,37,37,0,1
1,49,K4H4,40,40,0,1
1,49,K3H3,40,40,0,1
1,50,K4H4,63,63,0,1
1,50,K3H3,66,66,0,1
1,51,K4H4,23,23,0,1
1,51,K3H3,23,23,0,1
1,52,K4H4,85,85,0,1
1,52,K3H3,89,89,0,1
1,53,K4H4,43,43,0,1
1,53,K3H3,43,43,0,1
1,54,K4H4,69,69,0,1
1,54,K3H3,71,71,0,1
1,55,K4H4,83,83,0,1
1,55,K3H3,83,83,0,1
1,56,K4H4,54,54,0,1
1,56,K3H3,55,55,0,1
1,57,K4H4,53,53,0,1
1,57,K3H3,67,67,0,1
1,58,K4H4,134,134,0,1
1,58,K3H3,134,134,0,1
1,59,K4H4,28,28,0,1
1,59,K3H3,33,33,0,1
1,60,K4H4,31,31,0,1
1,60,K3H3,33,33,0,1
1,61,K4H4,63,63,0,1
1,61,K3H3,97,97,0,1
1,62,K4H4,44,44,0,1
1,62,K3H3,44,44,0,1
1,63,K4H4,13,13,0,1
1,63,K3H3,14,14,0,1
1,64,K4H4,35,35,0,1
1,64,K3H3,37,37,0,1
1,65,K4H4,92,92,0,1
1,65,K3H3,94,94,0,1
1,66,K4H4,12,12,0,1
1,66,K3H3,12,12,0,1
1,67,K4H4,45,45,0,1
1,67,K3H3,48,48,0,1
1,68,K4H4,79,79,0,1
1,68,K3H3,80,80,0,1
1,69,K4H4,55,55,0,1
1,69,K3H3,56,56,0,1
1,70,K4H4,88,88,0,1
1,70,K3H3,98,98,0,1
1,71,K4H4,38,38,0,1
1,71,K3H3,41,41,0,1
1,72,K4H4,4,4,0,1
1,72,K3H3,4,4,0,1
1,73,K4H4,12,12,0,1
1,73,K3H3,13,13,0,1
1,74,K4H4,40,40,0,1
1,74,K3H3,40,40,0,1
1,75,K4H4,11,11,0,1
1,75,K3H3,11,11,0,1
1,76,K4H4,18,18,0,1
1,76,K3H3,19,19,0,1
1,77,K4H4,26,26,0,1
1,77,K3H3,32,32,0,1
1,78,K4H4,90,90,0,1
1,78,K3H3,118,118,0,1
1,79,K4H4,51,51,0,1
1,79,K3H3,54,54,0,1
1,80,K4H4,116,116,0,1
1,80,K3H3,116,116,0,1
1,81,K4H4,76,76,0,1
1,81,K3H3,95,95,0,1
1,82,K4H4,112,112,0,1
1,82,K3H3,114,114,0,1
1,83,K4H4,31,31,0,1
1,83,K3H3,33,33,0,1
1,84,K4H4,86,86,0,1
1,84,K3H3,91,91,0,1
1,85,K4H4,38,38,0,1
1,85,K3H3,43,43,0,1
1,86,K4H4,64,64,0,1
1,86,K3H3,64,64,0,1
1,87,K4H4,52,52,0,1
1,87,K3H3,53,53,0,1
1,88,K4H4,65,65,0,1
1,88,K3H3,67,67,0,1
1,89,K4H4,8,8,0,1
1,89,K3H3,8,8,0,1
1,90,K4H4,69,69,0,1
1,90,K3H3,71,71,0,1
1,91,K4H4,18,18,0,1
1,91,K3H3,18,18,0,1
1,92,K4H4,23,23,0,1
1,92,K3H3,25,25,0,1
1,93,K4H4,50,50,0,1
1,93,K3H3,51,51,0,1
1,94,K4H4,23,23,0,1
1,94,K3H3,27,27,0,1
1,95,K4H4,18,18,0,1
1,95,K3H3,25,25,0,1
1,96,K4H4,64,64,0,1
1,96,K3H3,68,68,0,1
1,97,K4H4,26,26,0,1
1,97,K3H3,28,28,0,1
1,98,K4H4,20,20,0,1
1,98,K3H3,20,20,0,1
1,99,K4H4,138,138,0,1
1,99,K3H3,138,138,0,1
4,0,K4H4,38,38,0,1
4,0,K3H3,38,38,0,1
4,1,K4H4,43,43,0,1
4,1,K3H3,43,43,0,1
4,2,K4H4,24,24,0,1
4,2,K3H3,24,24,0,1
4,3,K4H4,28,28,0,1
4,3,K3H3,29,29,0,1
4,4,K4H4,11,11,0,1
4,4,K3H3,11,11,0,1
4,5,K4H4,18,18,0,1
4,5,K3H3,18,18,0,1
4,6,K4H4,4,4,0,1
4,6,K3H3,4,4,0,1
4,7,K4H4,36,36,0,1
4,7,K3H3,36,36,0,1
4,8,K4H4,8,8,0,1
4,8,K3H3,8,8,0,1
4,9,K4H4,29,29,0,1
4,9,K3H3,40,40,0,1
4,10,K4H4,19,19,0,1
4,10,K3H3,20,20,0,1
4,11,K4H4,10,10,0,1
4,11,K3H3,10,10,0,1
4,12,K4H4,10,10,0,1
4,12,K3H3,12,12,0,1
4,13,K4H4,41,41,0,1
4,13,K3H3,44,44,0,1
4,14,K4H4,14,14,0,1
4,14,K3H3,14,14,0,1
4,15,K4H4,35,35,0,1
4,15,K3H3,39,39,0,1
4,16,K4H4,21,21,0,1
4,16,K3H3,21,21,0,1
4,17,K4H4,33,33,0,1
4,17,K3H3,43,43,0,1
4,18,K4H4,25,25,0,1
4,18,K3H3,28,28,0,1
4,19,K4H4,28,28,0,1
4,19,K3H3,33,33,0,1
4,20,K4H4,29,29,0,1
4,20,K3H3,38,38,0,1
4,21,K4H4,4,4,0,1
4,21,K3H3,4,4,0,1
4,22,K4H4,9,9,0,1
4,22,K3H3,9,9,0,1
4,23,K4H4,7,7,0,1
4,23,K3H3,7,7,0,1
4,24,K4H4,4,4,0,1
4,24,K3H3,4,4,0,1
4,25,K4H4,22,22,0,1
4,25,K3H3,22,22,0,1
4,26,K4H4,22,22,0,1
4,26,K3H3,22,22,0,1
4,27,K4H4,21,21,0,1
4,27,K3H3,22,22,0,1
4,28,K4H4,30,30,0,1
4,28,K3H3,32,32,0,1
4,29,K4H4,19,19,0,1
4,29,K3H3,21,21,0,1
4,30,K4H4,25,25,0,1
4,30,K3H3,26,26,0,1
4,31,K4H4,4,4,0,1
4,31,K3H3,4,4,0,1
4,32,K4H4,25,25,0,1
4,32,K3H3,26,26,0,1
4,33,K4H4,28,28,0,1
4,33,K3H3,31,31,0,1
4,34,K4H4,4,4,0,1
4,34,K3H3,4,4,0,1
4,35,K4H4,17,17,0,1
4,35,K3H3,17,17,0,1
4,36,K4H4,17,17,0,1
4,36,K3H3,18,18,0,1
4,37,K4H4,31,31,0,1
4,37,K3H3,32,32,0,1
4,38,K4H4,14,14,0,1
4,38,K3H3,14,14,0,1
4,39,K4H4,22,22,0,1
4,39,K3H3,22,22,0,1
4,40,K4H4,13,13,0,1
4,40,K3H3,13,13,0,1
4,41,K4H4,7,7,0,1
4,41,K3H3,7,7,0,1
4,42,K4H4,12,12,0,1
4,42,K3H3,12,12,0,1
4,43,K4H4,20,20,0,1
4,43,K3H3,20,20,0,1
4,44,K4H4,31,31,0,1
4,44,K3H3,32,32,0,1
4,45,K4H4,33,33,0,1
4,45,K3H3,33,33,0,1
4,46,K4H4,17,17,0,1
4,46,K3H3,18,18,0,1
4,47,K4H4,26,26,0,1
4,47,K3H3,26,26,0,1
4,48,K4H4,34,34,0,1
4,48,K3H3,35,35,0,1
4,49,K4H4,12,12,0,1
4,49,K3H3,12,12,0,1
4,50,K4H4,2,2,0,1
4,50,K3H3,2,2,0,1
4,51,K4H4,23,23,0,1
4,51,K3H3,23,23,0,1
4,52,K4H4,21,21,0,1
4,52,K3H3,21,21,0,1
4,53,K4H4,26,26,0,1
4,53,K3H3,26,26,0,1
4,54,K4H4,64,64,0,1
4,54,K3H3,66,66,0,1
4,55,K4H4,52,52,0,1
4,55,K3H3,52,52,0,1
4,56,K4H4,20,20,0,1
4,56,K3H3,21,21,0,1
4,57,K4H4,40,40,0,1
4,57,K3H3,42,42,0,1
4,58,K4H4,21,21,0,1
4,58,K3H3,21,21,0,1
4,59,K4H4,20,20,0,1
4,59,K3H3,25,25,0,1
4,60,K4H4,21,21,0,1
4,60,K3H3,23,23,0,1
4,61,K4H4,46,46,0,1
4,61,K3H3,48,48,0,1
4,62,K4H4,34,34,0,1
4,62,K3H3,34,34,0,1
4,63,K4H4,10,10,0,1
4,63,K3H3,11,11,0,1
4,64,K4H4,15,15,0,1
4,64,K3H3,16,16,0,1
4,65,K4H4,62,62,0,1
4,65,K3H3,64,64,0,1
4,66,K4H4,58,58,0,1
4,66,K3H3,65,65,0,1
4,67,K4H4,8,8,0,1
4,67,K3H3,9,9,0,1
4,68,K4H4,30,30,0,1
4,68,K3H3,31,31,0,1
4,69,K4H4,26,26,0,1
4,69,K3H3,27,27,0,1
4,70,K4H4,32,32,0,1
4,70,K3H3,42,42,0,1
4,71,K4H4,37,37,0,1
4,71,K3H3,40,40,0,1
4,72,K4H4,4,4,0,1
4,72,K3H3,4,4,0,1
4,73,K4H4,17,17,0,1
4,73,K3H3,18,18,0,1
4,74,K4H4,33,33,0,1
4,74,K3H3,33,33,0,1
4,75,K4H4,4,4,0,1
4,75,K3H3,4,4,0,1
4,76,K4H4,12,12,0,1
4,76,K3H3,13,13,0,1
4,77,K4H4,22,22,0,1
4,77,K3H3,22,22,0,1
4,78,K4H4,57,57,0,1
4,78,K3H3,69,69,0,1
4,79,K4H4,28,28,0,1
4,79,K3H3,31,31,0,1
4,80,K4H4,48,48,0,1
4,80,K3H3,48,48,0,1
4,81,K4H4,3,3,0,1
4,81,K3H3,3,3,0,1
4,82,K4H4,5,5,0,1
4,82,K3H3,5,5,0,1
4,83,K4H4,8,8,0,1
4,83,K3H3,9,9,0,1
4,84,K4H4,25,25,0,1
4,84,K3H3,28,28,0,1
4,85,K4H4,24,24,0,1
4,85,K3H3,29,29,0,1
4,86,K4H4,20,20,0,1
4,86,K3H3,20,20,0,1
4,87,K4H4,20,20,0,1
4,87,K3H3,20,20,0,1
4,88,K4H4,15,15,0,1
4,88,K3H3,16,16,0,1
4,89,K4H4,8,8,0,1
4,89,K3H3,8,8,0,1
4,90,K4H4,21,21,0,1
4,90,K3H3,24,24,0,1
4,91,K4H4,18,18,0,1
4,91,K3H3,18,18,0,1
4,92,K4H4,6,6,0,1
4,92,K3H3,6,6,0,1
4,93,K4H4,24,24,0,1
4,93,K3H3,25,25,0,1
4,94,K4H4,23,23,0,1
4,94,K3H3,27,27,0,1
4,95,K4H4,18,18,0,1
4,95,K3H3,18,18,0,1
4,96,K4H4,18,18,0,1
4,96,K3H3,18,18,0,1
4,97,K4H4,26,26,0,1
4,97,K3H3,28,28,0,1
4,98,K4H4,20,20,0,1
4,98,K3H3,20,20,0,1
4,99,K4H4,14,14,0,1
4,99,K3H3,14,14,0,1
16,0,K4H4,3,3,0,1
16,0,K3H3,3,3,0,1
16,1,K4H4,9,9,0,1
16,1,K3H3,9,9,0,1
16,2,K4H4,16,16,0,1
16,2,K3H3,16,16,0,1
16,3,K4H4,20,20,0,1
16,3,K3H3,21,21,0,1
16,4,K4H4,7,7,0,1
16,4,K3H3,7,7,0,1
16,5,K4H4,5,5,0,1
16,5,K3H3,5,5,0,1
16,6,K4H4,17,17,0,1
16,6,K3H3,18,18,0,1
16,7,K4H4,7,7,0,1
16,7,K3H3,7,7,0,1
16,8,K4H4,7,7,0,1
16,8,K3H3,7,7,0,1
16,9,K4H4,6,6,0,1
16,9,K3H3,6,6,0,1
16,10,K4H4,11,11,0,1
16,10,K3H3,11,11,0,1
16,11,K4H4,10,10,0,1
16,11,K3H3,11,11,0,1
16,12,K4H4,10,10,0,1
16,12,K3H3,12,12,0,1
16,13,K4H4,8,8,0,1
16,13,K3H3,10,10,0,1
16,14,K4H4,16,16,0,1
16,14,K3H3,17,17,0,1
16,15,K4H4,35,35,0,1
16,15,K3H3,39,39,0,1
16,16,K4H4,8,8,0,1
16,16,K3H3,8,8,0,1
16,17,K4H4,4,4,0,1
16,17,K3H3,4,4,0,1
16,18,K4H4,9,9,0,1
16,18,K3H3,9,9,0,1
16,19,K4H4,28,28,0,1
16,19,K3H3,33,33,0,1
16,20,K4H4,13,13,0,1
16,20,K3H3,13,13,0,1
16,21,K4H4,15,15,0,1
16,21,K3H3,18,18,0,1
16,22,K4H4,9,9,0,1
16,22,K3H3,9,9,0,1
16,23,K4H4,7,7,0,1
16,23,K3H3,7,7,0,1
16,24,K4H4,12,12,0,1
16,24,K3H3,15,15,0,1
16,25,K4H4,2,2,0,1
16,25,K3H3,2,2,0,1
16,26,K4H4,10,10,0,1
16,26,K3H3,10,10,0,1
16,27,K4H4,10,10,0,1
16,27,K3H3,10,10,0,1
16,28,K4H4,5,5,0,1
16,28,K3H3,5,5,0,1
16,29,K4H4,6,6,0,1
16,29,K3H3,6,6,0,1
16,30,K4H4,7,7,0,1
16,30,K3H3,7,7,0,1
16,31,K4H4,9,9,0,1
16,31,K3H3,9,9,0,1
16,32,K4H4,25,25,0,1
16,32,K3H3,26,26,0,1
16,33,K4H4,6,6,0,1
16,33,K3H3,6,6,0,1
16,34,K4H4,4,4,0,1
16,34,K3H3,4,4,0,1
16,35,K4H4,12,12,0,1
16,35,K3H3,12,12,0,1
16,36,K4H4,2,2,0,1
16,36,K3H3,2,2,0,1
16,37,K4H4,1,1,0,1
16,37,K3H3,1,1,0,1
16,38,K4H4,9,9,0,1
16,38,K3H3,9,9,0,1
16,39,K4H4,22,22,0,1
16,39,K3H3,22,22,0,1
16,40,K4H4,13,13,0,1
16,40,K3H3,13,13,0,1
16,41,K4H4,9,9,0,1
16,41,K3H3,9,9,0,1
16,42,K4H4,15,15,0,1
16,42,K3H3,15,15,0,1
16,43,K4H4,3,3,0,1
16,43,K3H3,3,3,0,1
16,44,K4H4,20,20,0,1
16,44,K3H3,21,21,0,1
16,45,K4H4,7,7,0,1
16,45,K3H3,7,7,0,1
16,46,K4H4,17,17,0,1
16,46,K3H3,18,18,0,1
16,47,K4H4,12,12,0,1
16,47,K3H3,13,13,0,1
16,48,K4H4,6,6,0,1
16,48,K3H3,6,6,0,1
16,49,K4H4,12,12,0,1
16,49,K3H3,12,12,0,1
16,50,K4H4,13,13,0,1
16,50,K3H3,16,16,0,1
16,51,K4H4,9,9,0,1
16,51,K3H3,9,9,0,1
16,52,K4H4,15,15,0,1
16,52,K3H3,15,15,0,1
16,53,K4H4,9,9,0,1
16,53,K3H3,9,9,0,1
16,54,K4H4,27,27,0,1
16,54,K3H3,29,29,0,1
16,55,K4H4,8,8,0,1
16,55,K3H3,8,8,0,1
16,56,K4H4,3,3,0,1
16,56,K3H3,3,3,0,1
16,57,K4H4,14,14,0,1
16,57,K3H3,14,14,0,1
16,58,K4H4,12,12,0,1
16,58,K3H3,12,12,0,1
16,59,K4H4,15,15,0,1
16,59,K3H3,15,15,0,1
16,60,K4H4,21,21,0,1
16,60,K3H3,23,23,0,1
16,61,K4H4,25,25,0,1
16,61,K3H3,27,27,0,1
16,62,K4H4,15,15,0,1
16,62,K3H3,15,15,0,1
16,63,K4H4,10,10,0,1
16,63,K3H3,11,11,0,1
16,64,K4H4,12,12,0,1
16,64,K3H3,12,12,0,1
16,65,K4H4,25,25,0,1
16,65,K3H3,27,27,0,1
16,66,K4H4,12,12,0,1
16,66,K3H3,12,12,0,1
16,67,K4H4,8,8,0,1
16,67,K3H3,9,9,0,1
16,68,K4H4,30,30,0,1
16,68,K3H3,31,31,0,1
16,69,K4H4,11,11,0,1
16,69,K3H3,12,12,0,1
16,70,K4H4,1,1,0,1
16,70,K3H3,1,1,0,1
16,71,K4H4,11,11,0,1
16,71,K3H3,12,12,0,1
16,72,K4H4,4,4,0,1
16,72,K3H3,4,4,0,1
16,73,K4H4,10,10,0,1
16,73,K3H3,10,10,0,1
16,74,K4H4,5,5,0,1
16,74,K3H3,5,5,0,1
16,75,K4H4,6,6,0,1
16,75,K3H3,6,6,0,1
16,76,K4H4,4,4,0,1
16,76,K3H3,4,4,0,1
16,77,K4H4,9,9,0,1
16,77,K3H3,9,9,0,1
16,78,K4H4,9,9,0,1
16,78,K3H3,9,9,0,1
16,79,K4H4,15,15,0,1
16,79,K3H3,16,16,0,1
16,80,K4H4,5,5,0,1
16,80,K3H3,5,5,0,1
16,81,K4H4,3,3,0,1
16,81,K3H3,3,3,0,1
16,82,K4H4,5,5,0,1
16,82,K3H3,5,5,0,1
16,83,K4H4,5,5,0,1
16,83,K3H3,5,5,0,1
16,84,K4H4,20,20,0,1
16,84,K3H3,23,23,0,1
16,85,K4H4,12,12,0,1
16,85,K3H3,17,17,0,1
16,86,K4H4,9,9,0,1
16,86,K3H3,9,9,0,1
16,87,K4H4,13,13,0,1
16,87,K3H3,13,13,0,1
16,88,K4H4,15,15,0,1
16,88,K3H3,16,16,0,1
16,89,K4H4,8,8,0,1
16,89,K3H3,8,8,0,1
16,90,K4H4,21,21,0,1
16,90,K3H3,24,24,0,1
16,91,K4H4,18,18,0,1
16,91,K3H3,18,18,0,1
16,92,K4H4,23,23,0,1
16,92,K3H3,25,25,0,1
16,93,K4H4,10,10,0,1
16,93,K3H3,10,10,0,1
16,94,K4H4,10,10,0,1
16,94,K3H3,14,14,0,1
16,95,K4H4,5,5,0,1
16,95,K3H3,5,5,0,1
16,96,K4H4,11,11,0,1
16,96,K3H3,11,11,0,1
16,97,K4H4,14,14,0,1
16,97,K3H3,16,16,0,1
16,98,K4H4,7,7,0,1
16,98,K3H3,7,7,0,1
16,99,K4H4,31,31,0,1
16,99,K3H3,31,31,0,1
64,0,K4H4,2,2,0,1
64,0,K3H3,2,2,0,1
64,1,K4H4,5,5,0,1
64,1,K3H3,5,5,0,1
64,2,K4H4,2,2,0,1
64,2,K3H3,2,2,0,1
64,3,K4H4,5,5,0,1
64,3,K3H3,5,5,0,1
64,4,K4H4,2,2,0,1
64,4,K3H3,2,2,0,1
64,5,K4H4,12,12,0,1
64,5,K3H3,12,12,0,1
64,6,K4H4,6,6,0,1
64,6,K3H3,6,6,0,1
64,7,K4H4,7,7,0,1
64,7,K3H3,7,7,0,1
64,8,K4H4,5,5,0,1
64,8,K3H3,5,5,0,1
64,9,K4H4,0,0,0,1
64,9,K3H3,0,0,0,1
64,10,K4H4,2,2,0,1
64,10,K3H3,2,2,0,1
64,11,K4H4,7,7,0,1
64,11,K3H3,7,7,0,1
64,12,K4H4,10,10,0,1
64,12,K3H3,10,10,0,1
64,13,K4H4,4,4,0,1
64,13,K3H3,4,4,0,1
64,14,K4H4,6,6,0,1
64,14,K3H3,6,6,0,1
64,15,K4H4,4,4,0,1
64,15,K3H3,4,4,0,1
64,16,K4H4,8,8,0,1
64,16,K3H3,8,8,0,1
64,17,K4H4,2,2,0,1
64,17,K3H3,2,2,0,1
64,18,K4H4,4,4,0,1
64,18,K3H3,4,4,0,1
64,19,K4H4,6,6,0,1
64,19,K3H3,6,6,0,1
64,20,K4H4,5,5,0,1
64,20,K3H3,5,5,0,1
64,21,K4H4,6,6,0,1
64,21,K3H3,6,6,0,1
64,22,K4H4,3,3,0,1
64,22,K3H3,3,3,0,1
64,23,K4H4,5,5,0,1
64,23,K3H3,5,5,0,1
64,24,K4H4,1,1,0,1
64,24,K3H3,1,1,0,1
64,25,K4H4,2,2,0,1
64,25,K3H3,2,2,0,1
64,26,K4H4,6,6,0,1
64,26,K3H3,6,6,0,1
64,27,K4H4,2,2,0,1
64,27,K3H3,2,2,0,1
64,28,K4H4,5,5,0,1
64,28,K3H3,5,5,0,1
64,29,K4H4,2,2,0,1
64,29,K3H3,2,2,0,1
64,30,K4H4,3,3,0,1
64,30,K3H3,3,3,0,1
64,31,K4H4,5,5,0,1
64,31,K3H3,5,5,0,1
64,32,K4H4,1,1,0,1
64,32,K3H3,1,1,0,1
64,33,K4H4,1,1,0,1
64,33,K3H3,1,1,0,1
64,34,K4H4,4,4,0,1
64,34,K3H3,4,4,0,1
64,35,K4H4,8,8,0,1
64,35,K3H3,8,8,0,1
64,36,K4H4,9,9,0,1
64,36,K3H3,9,9,0,1
64,37,K4H4,7,7,0,1
64,37,K3H3,9,9,0,1
64,38,K4H4,5,5,0,1
64,38,K3H3,5,5,0,1
64,39,K4H4,3,3,0,1
64,39,K3H3,3,3,0,1
64,40,K4H4,4,4,0,1
64,40,K3H3,4,4,0,1
64,41,K4H4,2,2,0,1
64,41,K3H3,2,2,0,1
64,42,K4H4,5,5,0,1
64,42,K3H3,5,5,0,1
64,43,K4H4,5,5,0,1
64,43,K3H3,5,5,0,1
64,44,K4H4,3,3,0,1
64,44,K3H3,3,3,0,1
64,45,K4H4,4,4,0,1
64,45,K3H3,4,4,0,1
64,46,K4H4,4,4,0,1
64,46,K3H3,4,4,0,1
64,47,K4H4,12,12,0,1
64,47,K3H3,13,13,0,1
64,48,K4H4,6,6,0,1
64,48,K3H3,6,6,0,1
64,49,K4H4,5,5,0,1
64,49,K3H3,5,5,0,1
64,50,K4H4,12,12,0,1
64,50,K3H3,12,12,0,1
64,51,K4H4,3,3,0,1
64,51,K3H3,3,3,0,1
64,52,K4H4,15,15,0,1
64,52,K3H3,15,15,0,1
64,53,K4H4,7,7,0,1
64,53,K3H3,7,7,0,1
64,54,K4H4,4,4,0,1
64,54,K3H3,4,4,0,1
64,55,K4H4,1,1,0,1
64,55,K3H3,1,1,0,1
64,56,K4H4,2,2,0,1
64,56,K3H3,2,2,0,1
64,57,K4H4,5,5,0,1
64,57,K3H3,5,5,0,1
64,58,K4H4,2,2,0,1
64,58,K3H3,2,2,0,1
64,59,K4H4,4,4,0,1
64,59,K3H3,4,4,0,1
64,60,K4H4,1,1,0,1
64,60,K3H3,1,1,0,1
64,61,K4H4,3,3,0,1
64,61,K3H3,3,3,0,1
64,62,K4H4,2,2,0,1
64,62,K3H3,2,2,0,1
64,63,K4H4,5,5,0,1
64,63,K3H3,5,5,0,1
64,64,K4H4,4,4,0,1
64,64,K3H3,4,4,0,1
64,65,K4H4,6,6,0,1
64,65,K3H3,7,7,0,1
64,66,K4H4,8,8,0,1
64,66,K3H3,8,8,0,1
64,67,K4H4,5,5,0,1
64,67,K3H3,5,5,0,1
64,68,K4H4,6,6,0,1
64,68,K3H3,6,6,0,1
64,69,K4H4,5,5,0,1
64,69,K3H3,5,5,0,1
64,70,K4H4,12,12,0,1
64,70,K3H3,12,12,0,1
64,71,K4H4,11,11,0,1
64,71,K3H3,12,12,0,1
64,72,K4H4,5,5,0,1
64,72,K3H3,5,5,0,1
64,73,K4H4,10,10,0,1
64,73,K3H3,10,10,0,1
64,74,K4H4,13,13,0,1
64,74,K3H3,13,13,0,1
64,75,K4H4,1,1,0,1
64,75,K3H3,1,1,0,1
64,76,K4H4,11,11,0,1
64,76,K3H3,12,12,0,1
64,77,K4H4,3,3,0,1
64,77,K3H3,3,3,0,1
64,78,K4H4,2,2,0,1
64,78,K3H3,2,2,0,1
64,79,K4H4,15,15,0,1
64,79,K3H3,16,16,0,1
64,80,K4H4,2,2,0,1
64,80,K3H3,2,2,0,1
64,81,K4H4,2,2,0,1
64,81,K3H3,2,2,0,1
64,82,K4H4,5,5,0,1
64,82,K3H3,5,5,0,1
64,83,K4H4,8,8,0,1
64,83,K3H3,9,9,0,1
64,84,K4H4,1,1,0,1
64,84,K3H3,1,1,0,1
64,85,K4H4,3,3,0,1
64,85,K3H3,3,3,0,1
64,86,K4H4,6,6,0,1
64,86,K3H3,6,6,0,1
64,87,K4H4,8,8,0,1
64,87,K3H3,8,8,0,1
64,88,K4H4,6,6,0,1
64,88,K3H3,6,6,0,1
64,89,K4H4,5,5,0,1
64,89,K3H3,5,5,0,1
64,90,K4H4,6,6,0,1
64,90,K3H3,6,6,0,1
64,91,K4H4,8,8,0,1
64,91,K3H3,8,8,0,1
64,92,K4H4,1,1,0,1
64,92,K3H3,1,1,0,1
64,93,K4H4,3,3,0,1
64,93,K3H3,3,3,0,1
64,94,K4H4,7,7,0,1
64,94,K3H3,7,7,0,1
64,95,K4H4,18,18,0,1
64,95,K3H3,25,25,0,1
64,96,K4H4,6,6,0,1
64,96,K3H3,6,6,0,1
64,97,K4H4,14,14,0,1
64,97,K3H3,16,16,0,1
64,98,K4H4,2,2,0,1
64,98,K3H3,2,2,0,1
64,99,K4H4,2,2,0,1
64,99,K3H3,2,2,0,1
256,0,K4H4,3,3,0,1
256,0,K3H3,3,3,0,1
256,1,K4H4,1,1,0,1
256,1,K3H3,1,1,0,1
256,2,K4H4,2,2,0,1
256,2,K3H3,2,2,0,1
256,3,K4H4,4,4,0,1
256,3,K3H3,4,4,0,1
256,4,K4H4,7,7,0,1
256,4,K3H3,7,7,0,1
256,5,K4H4,2,2,0,1
256,5,K3H3,2,2,0,1
256,6,K4H4,2,2,0,1
256,6,K3H3,2,2,0,1
256,7,K4H4,3,3,0,1
256,7,K3H3,3,3,0,1
256,8,K4H4,4,4,0,1
256,8,K3H3,4,4,0,1
256,9,K4H4,0,0,0,1
256,9,K3H3,0,0,0,1
256,10,K4H4,1,1,0,1
256,10,K3H3,1,1,0,1
256,11,K4H4,7,7,0,1
256,11,K3H3,7,7,0,1
256,12,K4H4,2,2,0,1
256,12,K3H3,2,2,0,1
256,13,K4H4,2,2,0,1
256,13,K3H3,2,2,0,1
256,14,K4H4,2,2,0,1
256,14,K3H3,2,2,0,1
256,15,K4H4,2,2,0,1
256,15,K3H3,2,2,0,1
256,16,K4H4,2,2,0,1
256,16,K3H3,2,2,0,1
256,17,K4H4,2,2,0,1
256,17,K3H3,2,2,0,1
256,18,K4H4,1,1,0,1
256,18,K3H3,1,1,0,1
256,19,K4H4,2,2,0,1
256,19,K3H3,2,2,0,1
256,20,K4H4,4,4,0,1
256,20,K3H3,4,4,0,1
256,21,K4H4,4,4,0,1
256,21,K3H3,4,4,0,1
256,22,K4H4,3,3,0,1
256,22,K3H3,3,3,0,1
256,23,K4H4,2,2,0,1
256,23,K3H3,2,2,0,1
256,24,K4H4,3,3,0,1
256,24,K3H3,3,3,0,1
256,25,K4H4,5,5,0,1
256,25,K3H3,5,5,0,1
256,26,K4H4,2,2,0,1
256,26,K3H3,2,2,0,1
256,27,K4H4,2,2,0,1
256,27,K3H3,2,2,0,1
256,28,K4H4,2,2,0,1
256,28,K3H3,2,2,0,1
256,29,K4H4,2,2,0,1
256,29,K3H3,2,2,0,1
256,30,K4H4,3,3,0,1
256,30,K3H3,3,3,0,1
256,31,K4H4,4,4,0,1
256,31,K3H3,4,4,0,1
256,32,K4H4,4,4,0,1
256,32,K3H3,4,4,0,1
256,33,K4H4,3,3,0,1
256,33,K3H3,3,3,0,1
256,34,K4H4,2,2,0,1
256,34,K3H3,2,2,0,1
256,35,K4H4,2,2,0,1
256,35,K3H3,2,2,0,1
256,36,K4H4,2,2,0,1
256,36,K3H3,2,2,0,1
256,37,K4H4,2,2,0,1
256,37,K3H3,2,2,0,1
256,38,K4H4,2,2,0,1
256,38,K3H3,2,2,0,1
256,39,K4H4,1,1,0,1
256,39,K3H3,1,1,0,1
256,40,K4H4,2,2,0,1
256,40,K3H3,2,2,0,1
256,41,K4H4,2,2,0,1
256,41,K3H3,2,2,0,1
256,42,K4H4,5,5,0,1
256,42,K3H3,5,5,0,1
256,43,K4H4,1,1,0,1
256,43,K3H3,1,1,0,1
256,44,K4H4,3,3,0,1
256,44,K3H3,3,3,0,1
256,45,K4H4,2,2,0,1
256,45,K3H3,2,2,0,1
256,46,K4H4,2,2,0,1
256,46,K3H3,2,2,0,1
256,47,K4H4,3,3,0,1
256,47,K3H3,3,3,0,1
256,48,K4H4,4,4,0,1
256,48,K3H3,4,4,0,1
256,49,K4H4,2,2,0,1
256,49,K3H3,2,2,0,1
256,50,K4H4,6,6,0,1
256,50,K3H3,6,6,0,1
256,51,K4H4,2,2,0,1
256,51,K3H3,2,2,0,1
256,52,K4H4,1,1,0,1
256,52,K3H3,1,1,0,1
256,53,K4H4,3,3,0,1
256,53,K3H3,3,3,0,1
256,54,K4H4,1,1,0,1
256,54,K3H3,1,1,0,1
256,55,K4H4,1,1,0,1
256,55,K3H3,1,1,0,1
256,56,K4H4,2,2,0,1
256,56,K3H3,2,2,0,1
256,57,K4H4,2,2,0,1
256,57,K3H3,2,2,0,1
256,58,K4H4,2,2,0,1
256,58,K3H3,2,2,0,1
256,59,K4H4,2,2,0,1
256,59,K3H3,2,2,0,1
256,60,K4H4,4,4,0,1
256,60,K3H3,4,4,0,1
256,61,K4H4,4,4,0,1
256,61,K3H3,4,4,0,1
256,62,K4H4,5,5,0,1
256,62,K3H3,5,5,0,1
256,63,K4H4,5,5,0,1
256,63,K3H3,5,5,0,1
256,64,K4H4,2,2,0,1
256,64,K3H3,2,2,0,1
256,65,K4H4,2,2,0,1
256,65,K3H3,2,2,0,1
256,66,K4H4,1,1,0,1
256,66,K3H3,1,1,0,1
256,67,K4H4,4,4,0,1
256,67,K3H3,4,4,0,1
256,68,K4H4,2,2,0,1
256,68,K3H3,2,2,0,1
256,69,K4H4,2,2,0,1
256,69,K3H3,2,2,0,1
256,70,K4H4,1,1,0,1
256,70,K3H3,1,1,0,1
256,71,K4H4,2,2,0,1
256,71,K3H3,2,2,0,1
256,72,K4H4,1,1,0,1
256,72,K3H3,1,1,0,1
256,73,K4H4,2,2,0,1
256,73,K3H3,2,2,0,1
256,74,K4H4,1,1,0,1
256,74,K3H3,1,1,0,1
256,75,K4H4,1,1,0,1
256,75,K3H3,1,1,0,1
256,76,K4H4,4,4,0,1
256,76,K3H3,4,4,0,1
256,77,K4H4,2,2,0,1
256,77,K3H3,2,2,0,1
256,78,K4H4,1,1,0,1
256,78,K3H3,1,1,0,1
256,79,K4H4,1,1,0,1
256,79,K3H3,1,1,0,1
256,80,K4H4,5,5,0,1
256,80,K3H3,5,5,0,1
256,81,K4H4,1,1,0,1
256,81,K3H3,1,1,0,1
256,82,K4H4,1,1,0,1
256,82,K3H3,1,1,0,1
256,83,K4H4,1,1,0,1
256,83,K3H3,1,1,0,1
256,84,K4H4,1,1,0,1
256,84,K3H3,1,1,0,1
256,85,K4H4,3,3,0,1
256,85,K3H3,3,3,0,1
256,86,K4H4,4,4,0,1
256,86,K3H3,4,4,0,1
256,87,K4H4,5,5,0,1
256,87,K3H3,5,5,0,1
256,88,K4H4,1,1,0,1
256,88,K3H3,1,1,0,1
256,89,K4H4,5,5,0,1
256,89,K3H3,5,5,0,1
256,90,K4H4,6,6,0,1
256,90,K3H3,6,6,0,1
256,91,K4H4,1,1,0,1
256,91,K3H3,1,1,0,1
256,92,K4H4,1,1,0,1
256,92,K3H3,1,1,0,1
256,93,K4H4,3,3,0,1
256,93,K3H3,3,3,0,1
256,94,K4H4,1,1,0,1
256,94,K3H3,1,1,0,1
256,95,K4H4,2,2,0,1
256,95,K3H3,2,2,0,1
256,96,K4H4,1,1,0,1
256,96,K3H3,1,1,0,1
256,97,K4H4,1,1,0,1
256,97,K3H3,1,1,0,1
256,98,K4H4,1,1,0,1
256,98,K3H3,1,1,0,1
256,99,K4H4,1,1,0,1
256,99,K3H3,1,1,0,1
