target_count,backend,runs,success_rate,median_trial_count,p95_trial_count,median_L_BBHT,p95_L_BBHT,median_actual_grover_iterations,p95_actual_grover_iterations,median_execution_seconds,p95_execution_seconds,timing_scope
1,FPGA_K3H3_E4_M2,100,1.0,23.0,27.049999999999997,163.5,333.15,44.5,115.05,0.000214,0.0004111,BOARD_COMMAND_TO_RESULT_ELAPSED
1,FPGA_K4H4_E1,100,1.0,23.0,27.049999999999997,163.5,333.15,43.0,106.29999999999998,0.000669,0.00136525,BOARD_COMMAND_TO_RESULT_ELAPSED
1,FPGA_NORMAL_E1,100,1.0,23.0,27.049999999999997,163.5,333.15,163.5,333.15,0.00201,0.0038113,BOARD_COMMAND_TO_RESULT_ELAPSED
1,NUMPY_FLOAT64,100,1.0,23.0,27.0,149.5,325.4,,,0.009441334870643914,0.02126946239732206,NUMPY_CORE_ONLY
1,QISKIT_AER_STATEVECTOR,100,1.0,23.0,27.0,149.5,325.4,,,1.788283234112896,3.7262015191256066,AER_EXECUTION_ONLY
1,RTL_FIXED_NORMAL,100,1.0,23.0,27.049999999999997,163.5,333.15,163.5,333.15,0.02494355384260416,0.0436158564640209,PYTHON_FIXED_MODEL_WALL
1,SOFTWARE_K3H3,100,1.0,23.0,27.049999999999997,163.5,333.15,44.5,115.05,0.012918605469167233,0.02289991388097405,PYTHON_FIXED_MODEL_WALL
1,SOFTWARE_K4H4,100,1.0,23.0,27.049999999999997,163.5,333.15,43.0,106.29999999999998,0.02028796949889511,0.06961860766168683,PYTHON_FIXED_MODEL_WALL
4,FPGA_K3H3_E4_M2,100,1.0,19.0,23.049999999999997,77.0,153.64999999999998,22.0,48.19999999999999,0.0001355,0.00022724999999999997,BOARD_COMMAND_TO_RESULT_ELAPSED
4,FPGA_K4H4_E1,100,1.0,19.0,23.049999999999997,77.0,153.64999999999998,21.0,48.19999999999999,0.00040050000000000003,0.0007211499999999999,BOARD_COMMAND_TO_RESULT_ELAPSED
4,FPGA_NORMAL_E1,100,1.0,19.0,23.049999999999997,77.0,153.64999999999998,77.0,153.64999999999998,0.0010544999999999999,0.0019003999999999996,BOARD_COMMAND_TO_RESULT_ELAPSED
4,NUMPY_FLOAT64,100,1.0,19.0,23.0,74.5,156.14999999999998,,,0.004617119207978249,0.009034781495574861,NUMPY_CORE_ONLY
4,QISKIT_AER_STATEVECTOR,100,1.0,19.0,23.0,74.5,156.14999999999998,,,0.981947869178839,2.0012760575162245,AER_EXECUTION_ONLY
4,RTL_FIXED_NORMAL,100,1.0,19.0,23.049999999999997,77.0,153.64999999999998,77.0,153.64999999999998,0.01204771245829761,0.022461576829664407,PYTHON_FIXED_MODEL_WALL
4,SOFTWARE_K3H3,100,1.0,19.0,23.049999999999997,77.0,153.64999999999998,22.0,48.19999999999999,0.006592981051653624,0.011995459673926233,PYTHON_FIXED_MODEL_WALL
4,SOFTWARE_K4H4,100,1.0,19.0,23.049999999999997,77.0,153.64999999999998,21.0,48.19999999999999,0.006687973509542644,0.013407472369726746,PYTHON_FIXED_MODEL_WALL
16,FPGA_K3H3_E4_M2,100,1.0,16.0,21.0,35.0,84.05,10.0,27.099999999999994,9.2e-05,0.00016205,BOARD_COMMAND_TO_RESULT_ELAPSED
16,FPGA_K4H4_E1,100,1.0,16.0,21.0,35.0,84.05,10.0,25.099999999999994,0.000252,0.00047969999999999995,BOARD_COMMAND_TO_RESULT_ELAPSED
16,FPGA_NORMAL_E1,100,1.0,16.0,21.0,35.0,84.05,35.0,84.05,0.000575,0.0011571,BOARD_COMMAND_TO_RESULT_ELAPSED
16,NUMPY_FLOAT64,100,1.0,16.0,20.049999999999997,35.0,74.34999999999998,,,0.002674120129086077,0.004806620068848132,NUMPY_CORE_ONLY
16,QISKIT_AER_STATEVECTOR,100,1.0,16.0,20.049999999999997,35.0,74.34999999999998,,,0.4458091761916876,0.9869096149806863,AER_EXECUTION_ONLY
16,RTL_FIXED_NORMAL,100,1.0,16.0,21.0,35.0,84.05,35.0,84.05,0.007630011881701648,0.01305315956706181,PYTHON_FIXED_MODEL_WALL
16,SOFTWARE_K3H3,100,1.0,16.0,21.0,35.0,84.05,10.0,27.099999999999994,0.004557010484859347,0.00752219979185611,PYTHON_FIXED_MODEL_WALL
16,SOFTWARE_K4H4,100,1.0,16.0,21.0,35.0,84.05,10.0,25.099999999999994,0.004674264579080045,0.007319913734681904,PYTHON_FIXED_MODEL_WALL
64,FPGA_K3H3_E4_M2,100,1.0,11.0,16.0,13.0,40.0,5.0,13.0,5.6500000000000005e-05,0.00010214999999999999,BOARD_COMMAND_TO_RESULT_ELAPSED
64,FPGA_K4H4_E1,100,1.0,11.0,16.0,13.0,40.0,5.0,12.049999999999997,0.000155,0.00027834999999999996,BOARD_COMMAND_TO_RESULT_ELAPSED
64,FPGA_NORMAL_E1,100,1.0,11.0,16.0,13.0,40.0,13.0,40.0,0.000289,0.0006160499999999998,BOARD_COMMAND_TO_RESULT_ELAPSED
64,NUMPY_FLOAT64,100,1.0,11.0,16.049999999999997,13.5,36.14999999999999,,,0.0013501823414117098,0.002930552221368998,NUMPY_CORE_ONLY
64,QISKIT_AER_STATEVECTOR,100,1.0,11.0,16.049999999999997,13.5,36.14999999999999,,,0.1661703942809254,0.4437534767901524,AER_EXECUTION_ONLY
64,RTL_FIXED_NORMAL,100,1.0,11.0,16.0,13.0,40.0,13.0,40.0,0.004064452135935426,0.007800178707111627,PYTHON_FIXED_MODEL_WALL
64,SOFTWARE_K3H3,100,1.0,11.0,16.0,13.0,40.0,5.0,13.0,0.0028615350602194667,0.005022220872342586,PYTHON_FIXED_MODEL_WALL
64,SOFTWARE_K4H4,100,1.0,11.0,16.0,13.0,40.0,5.0,12.049999999999997,0.0029686554335057735,0.00502447698963806,PYTHON_FIXED_MODEL_WALL
256,FPGA_K3H3_E4_M2,100,1.0,7.0,12.0,5.0,14.049999999999997,2.0,5.0,3.65e-05,6.225e-05,BOARD_COMMAND_TO_RESULT_ELAPSED
256,FPGA_K4H4_E1,100,1.0,7.0,12.0,5.0,14.049999999999997,2.0,5.0,9.15e-05,0.000157,BOARD_COMMAND_TO_RESULT_ELAPSED
256,FPGA_NORMAL_E1,100,1.0,7.0,12.0,5.0,14.049999999999997,5.0,14.049999999999997,0.0001495,0.00030655,BOARD_COMMAND_TO_RESULT_ELAPSED
256,NUMPY_FLOAT64,100,1.0,7.0,12.0,5.0,14.049999999999997,,,0.0006925734924152493,0.0016136071877554058,NUMPY_CORE_ONLY
256,QISKIT_AER_STATEVECTOR,100,1.0,7.0,12.0,5.0,14.049999999999997,,,0.055797827313654125,0.21121051399968566,AER_EXECUTION_ONLY
256,RTL_FIXED_NORMAL,100,1.0,7.0,12.0,5.0,14.049999999999997,5.0,14.049999999999997,0.0023866865085437894,0.004836009046994149,PYTHON_FIXED_MODEL_WALL
256,SOFTWARE_K3H3,100,1.0,7.0,12.0,5.0,14.049999999999997,2.0,5.0,0.0017705034697428346,0.00301687519531697,PYTHON_FIXED_MODEL_WALL
256,SOFTWARE_K4H4,100,1.0,7.0,12.0,5.0,14.049999999999997,2.0,5.0,0.0018203315557911992,0.0032499955268576737,PYTHON_FIXED_MODEL_WALL
