target_count,seed_index,numpy_qiskit_logical_match,fixed_fpga_normal_match,software_k4_fpga_k4_logical_match,software_k4_fpga_k4_physical_iter_match,software_k3_fpga_k3_logical_match,software_k3_fpga_k3_physical_iter_match,all_fpga_logical_match
1,0,True,True,True,True,True,True,True
1,1,True,True,True,True,True,True,True
1,2,True,True,True,True,True,True,True
1,3,True,True,True,True,True,True,True
1,4,True,True,True,True,True,True,True
1,5,True,True,True,True,True,True,True
1,6,True,True,True,True,True,True,True
1,7,True,True,True,True,True,True,True
1,8,True,True,True,True,True,True,True
1,9,True,True,True,True,True,True,True
1,10,True,True,True,True,True,True,True
1,11,True,True,True,True,True,True,True
1,12,True,True,True,True,True,True,True
1,13,True,True,True,True,True,True,True
1,14,True,True,True,True,True,True,True
1,15,True,True,True,True,True,True,True
1,16,True,True,True,True,True,True,True
1,17,True,True,True,True,True,True,True
1,18,True,True,True,True,True,True,True
1,19,True,True,True,True,True,True,True
1,20,True,True,True,True,True,True,True
1,21,True,True,True,True,True,True,True
1,22,True,True,True,True,True,True,True
1,23,True,True,True,True,True,True,True
1,24,True,True,True,True,True,True,True
1,25,True,True,True,True,True,True,True
1,26,True,True,True,True,True,True,True
1,27,True,True,True,True,True,True,True
1,28,True,True,True,True,True,True,True
1,29,True,True,True,True,True,True,True
1,30,True,True,True,True,True,True,True
1,31,True,True,True,True,True,True,True
1,32,True,True,True,True,True,True,True
1,33,True,True,True,True,True,True,True
1,34,True,True,True,True,True,True,True
1,35,True,True,True,True,True,True,True
1,36,True,True,True,True,True,True,True
1,37,True,True,True,True,True,True,True
1,38,True,True,True,True,True,True,True
1,39,True,True,True,True,True,True,True
1,40,True,True,True,True,True,True,True
1,41,True,True,True,True,True,True,True
1,42,True,True,True,True,True,True,True
1,43,True,True,True,True,True,True,True
1,44,True,True,True,True,True,True,True
1,45,True,True,True,True,True,True,True
1,46,True,True,True,True,True,True,True
1,47,True,True,True,True,True,True,True
1,48,True,True,True,True,True,True,True
1,49,True,True,True,True,True,True,True
1,50,True,True,True,True,True,True,True
1,51,True,True,True,True,True,True,True
1,52,True,True,True,True,True,True,True
1,53,True,True,True,True,True,True,True
1,54,True,True,True,True,True,True,True
1,55,True,True,True,True,True,True,True
1,56,True,True,True,True,True,True,True
1,57,True,True,True,True,True,True,True
1,58,True,True,True,True,True,True,True
1,59,True,True,True,True,True,True,True
1,60,True,True,True,True,True,True,True
1,61,True,True,True,True,True,True,True
1,62,True,True,True,True,True,True,True
1,63,True,True,True,True,True,True,True
1,64,True,True,True,True,True,True,True
1,65,True,True,True,True,True,True,True
1,66,True,True,True,True,True,True,True
1,67,True,True,True,True,True,True,True
1,68,True,True,True,True,True,True,True
1,69,True,True,True,True,True,True,True
1,70,True,True,True,True,True,True,True
1,71,True,True,True,True,True,True,True
1,72,True,True,True,True,True,True,True
1,73,True,True,True,True,True,True,True
1,74,True,True,True,True,True,True,True
1,75,True,True,True,True,True,True,True
1,76,True,True,True,True,True,True,True
1,77,True,True,True,True,True,True,True
1,78,True,True,True,True,True,True,True
1,79,True,True,True,True,True,True,True
1,80,True,True,True,True,True,True,True
1,81,True,True,True,True,True,True,True
1,82,True,True,True,True,True,True,True
1,83,True,True,True,True,True,True,True
1,84,True,True,True,True,True,True,True
1,85,True,True,True,True,True,True,True
1,86,True,True,True,True,True,True,True
1,87,True,True,True,True,True,True,True
1,88,True,True,True,True,True,True,True
1,89,True,True,True,True,True,True,True
1,90,True,True,True,True,True,True,True
1,91,True,True,True,True,True,True,True
1,92,True,True,True,True,True,True,True
1,93,True,True,True,True,True,True,True
1,94,True,True,True,True,True,True,True
1,95,True,True,True,True,True,True,True
1,96,True,True,True,True,True,True,True
1,97,True,True,True,True,True,True,True
1,98,True,True,True,True,True,True,True
1,99,True,True,True,True,True,True,True
4,0,True,True,True,True,True,True,True
4,1,True,True,True,True,True,True,True
4,2,True,True,True,True,True,True,True
4,3,True,True,True,True,True,True,True
4,4,True,True,True,True,True,True,True
4,5,True,True,True,True,True,True,True
4,6,True,True,True,True,True,True,True
4,7,True,True,True,True,True,True,True
4,8,True,True,True,True,True,True,True
4,9,True,True,True,True,True,True,True
4,10,True,True,True,True,True,True,True
4,11,True,True,True,True,True,True,True
4,12,True,True,True,True,True,True,True
4,13,True,True,True,True,True,True,True
4,14,True,True,True,True,True,True,True
4,15,True,True,True,True,True,True,True
4,16,True,True,True,True,True,True,True
4,17,True,True,True,True,True,True,True
4,18,True,True,True,True,True,True,True
4,19,True,True,True,True,True,True,True
4,20,True,True,True,True,True,True,True
4,21,True,True,True,True,True,True,True
4,22,True,True,True,True,True,True,True
4,23,True,True,True,True,True,True,True
4,24,True,True,True,True,True,True,True
4,25,True,True,True,True,True,True,True
4,26,True,True,True,True,True,True,True
4,27,True,True,True,True,True,True,True
4,28,True,True,True,True,True,True,True
4,29,True,True,True,True,True,True,True
4,30,True,True,True,True,True,True,True
4,31,True,True,True,True,True,True,True
4,32,True,True,True,True,True,True,True
4,33,True,True,True,True,True,True,True
4,34,True,True,True,True,True,True,True
4,35,True,True,True,True,True,True,True
4,36,True,True,True,True,True,True,True
4,37,True,True,True,True,True,True,True
4,38,True,True,True,True,True,True,True
4,39,True,True,True,True,True,True,True
4,40,True,True,True,True,True,True,True
4,41,True,True,True,True,True,True,True
4,42,True,True,True,True,True,True,True
4,43,True,True,True,True,True,True,True
4,44,True,True,True,True,True,True,True
4,45,True,True,True,True,True,True,True
4,46,True,True,True,True,True,True,True
4,47,True,True,True,True,True,True,True
4,48,True,True,True,True,True,True,True
4,49,True,True,True,True,True,True,True
4,50,True,True,True,True,True,True,True
4,51,True,True,True,True,True,True,True
4,52,True,True,True,True,True,True,True
4,53,True,True,True,True,True,True,True
4,54,True,True,True,True,True,True,True
4,55,True,True,True,True,True,True,True
4,56,True,True,True,True,True,True,True
4,57,True,True,True,True,True,True,True
4,58,True,True,True,True,True,True,True
4,59,True,True,True,True,True,True,True
4,60,True,True,True,True,True,True,True
4,61,True,True,True,True,True,True,True
4,62,True,True,True,True,True,True,True
4,63,True,True,True,True,True,True,True
4,64,True,True,True,True,True,True,True
4,65,True,True,True,True,True,True,True
4,66,True,True,True,True,True,True,True
4,67,True,True,True,True,True,True,True
4,68,True,True,True,True,True,True,True
4,69,True,True,True,True,True,True,True
4,70,True,True,True,True,True,True,True
4,71,True,True,True,True,True,True,True
4,72,True,True,True,True,True,True,True
4,73,True,True,True,True,True,True,True
4,74,True,True,True,True,True,True,True
4,75,True,True,True,True,True,True,True
4,76,True,True,True,True,True,True,True
4,77,True,True,True,True,True,True,True
4,78,True,True,True,True,True,True,True
4,79,True,True,True,True,True,True,True
4,80,True,True,True,True,True,True,True
4,81,True,True,True,True,True,True,True
4,82,True,True,True,True,True,True,True
4,83,True,True,True,True,True,True,True
4,84,True,True,True,True,True,True,True
4,85,True,True,True,True,True,True,True
4,86,True,True,True,True,True,True,True
4,87,True,True,True,True,True,True,True
4,88,True,True,True,True,True,True,True
4,89,True,True,True,True,True,True,True
4,90,True,True,True,True,True,True,True
4,91,True,True,True,True,True,True,True
4,92,True,True,True,True,True,True,True
4,93,True,True,True,True,True,True,True
4,94,True,True,True,True,True,True,True
4,95,True,True,True,True,True,True,True
4,96,True,True,True,True,True,True,True
4,97,True,True,True,True,True,True,True
4,98,True,True,True,True,True,True,True
4,99,True,True,True,True,True,True,True
16,0,True,True,True,True,True,True,True
16,1,True,True,True,True,True,True,True
16,2,True,True,True,True,True,True,True
16,3,True,True,True,True,True,True,True
16,4,True,True,True,True,True,True,True
16,5,True,True,True,True,True,True,True
16,6,True,True,True,True,True,True,True
16,7,True,True,True,True,True,True,True
16,8,True,True,True,True,True,True,True
16,9,True,True,True,True,True,True,True
16,10,True,True,True,True,True,True,True
16,11,True,True,True,True,True,True,True
16,12,True,True,True,True,True,True,True
16,13,True,True,True,True,True,True,True
16,14,True,True,True,True,True,True,True
16,15,True,True,True,True,True,True,True
16,16,True,True,True,True,True,True,True
16,17,True,True,True,True,True,True,True
16,18,True,True,True,True,True,True,True
16,19,True,True,True,True,True,True,True
16,20,True,True,True,True,True,True,True
16,21,True,True,True,True,True,True,True
16,22,True,True,True,True,True,True,True
16,23,True,True,True,True,True,True,True
16,24,True,True,True,True,True,True,True
16,25,True,True,True,True,True,True,True
16,26,True,True,True,True,True,True,True
16,27,True,True,True,True,True,True,True
16,28,True,True,True,True,True,True,True
16,29,True,True,True,True,True,True,True
16,30,True,True,True,True,True,True,True
16,31,True,True,True,True,True,True,True
16,32,True,True,True,True,True,True,True
16,33,True,True,True,True,True,True,True
16,34,True,True,True,True,True,True,True
16,35,True,True,True,True,True,True,True
16,36,True,True,True,True,True,True,True
16,37,True,True,True,True,True,True,True
16,38,True,True,True,True,True,True,True
16,39,True,True,True,True,True,True,True
16,40,True,True,True,True,True,True,True
16,41,True,True,True,True,True,True,True
16,42,True,True,True,True,True,True,True
16,43,True,True,True,True,True,True,True
16,44,True,True,True,True,True,True,True
16,45,True,True,True,True,True,True,True
16,46,True,True,True,True,True,True,True
16,47,True,True,True,True,True,True,True
16,48,True,True,True,True,True,True,True
16,49,True,True,True,True,True,True,True
16,50,True,True,True,True,True,True,True
16,51,True,True,True,True,True,True,True
16,52,True,True,True,True,True,True,True
16,53,True,True,True,True,True,True,True
16,54,True,True,True,True,True,True,True
16,55,True,True,True,True,True,True,True
16,56,True,True,True,True,True,True,True
16,57,True,True,True,True,True,True,True
16,58,True,True,True,True,True,True,True
16,59,True,True,True,True,True,True,True
16,60,True,True,True,True,True,True,True
16,61,True,True,True,True,True,True,True
16,62,True,True,True,True,True,True,True
16,63,True,True,True,True,True,True,True
16,64,True,True,True,True,True,True,True
16,65,True,True,True,True,True,True,True
16,66,True,True,True,True,True,True,True
16,67,True,True,True,True,True,True,True
16,68,True,True,True,True,True,True,True
16,69,True,True,True,True,True,True,True
16,70,True,True,True,True,True,True,True
16,71,True,True,True,True,True,True,True
16,72,True,True,True,True,True,True,True
16,73,True,True,True,True,True,True,True
16,74,True,True,True,True,True,True,True
16,75,True,True,True,True,True,True,True
16,76,True,True,True,True,True,True,True
16,77,True,True,True,True,True,True,True
16,78,True,True,True,True,True,True,True
16,79,True,True,True,True,True,True,True
16,80,True,True,True,True,True,True,True
16,81,True,True,True,True,True,True,True
16,82,True,True,True,True,True,True,True
16,83,True,True,True,True,True,True,True
16,84,True,True,True,True,True,True,True
16,85,True,True,True,True,True,True,True
16,86,True,True,True,True,True,True,True
16,87,True,True,True,True,True,True,True
16,88,True,True,True,True,True,True,True
16,89,True,True,True,True,True,True,True
16,90,True,True,True,True,True,True,True
16,91,True,True,True,True,True,True,True
16,92,True,True,True,True,True,True,True
16,93,True,True,True,True,True,True,True
16,94,True,True,True,True,True,True,True
16,95,True,True,True,True,True,True,True
16,96,True,True,True,True,True,True,True
16,97,True,True,True,True,True,True,True
16,98,True,True,True,True,True,True,True
16,99,True,True,True,True,True,True,True
64,0,True,True,True,True,True,True,True
64,1,True,True,True,True,True,True,True
64,2,True,True,True,True,True,True,True
64,3,True,True,True,True,True,True,True
64,4,True,True,True,True,True,True,True
64,5,True,True,True,True,True,True,True
64,6,True,True,True,True,True,True,True
64,7,True,True,True,True,True,True,True
64,8,True,True,True,True,True,True,True
64,9,True,True,True,True,True,True,True
64,10,True,True,True,True,True,True,True
64,11,True,True,True,True,True,True,True
64,12,True,True,True,True,True,True,True
64,13,True,True,True,True,True,True,True
64,14,True,True,True,True,True,True,True
64,15,True,True,True,True,True,True,True
64,16,True,True,True,True,True,True,True
64,17,True,True,True,True,True,True,True
64,18,True,True,True,True,True,True,True
64,19,True,True,True,True,True,True,True
64,20,True,True,True,True,True,True,True
64,21,True,True,True,True,True,True,True
64,22,True,True,True,True,True,True,True
64,23,True,True,True,True,True,True,True
64,24,True,True,True,True,True,True,True
64,25,True,True,True,True,True,True,True
64,26,True,True,True,True,True,True,True
64,27,True,True,True,True,True,True,True
64,28,True,True,True,True,True,True,True
64,29,True,True,True,True,True,True,True
64,30,True,True,True,True,True,True,True
64,31,True,True,True,True,True,True,True
64,32,True,True,True,True,True,True,True
64,33,True,True,True,True,True,True,True
64,34,True,True,True,True,True,True,True
64,35,True,True,True,True,True,True,True
64,36,True,True,True,True,True,True,True
64,37,True,True,True,True,True,True,True
64,38,True,True,True,True,True,True,True
64,39,True,True,True,True,True,True,True
64,40,True,True,True,True,True,True,True
64,41,True,True,True,True,True,True,True
64,42,True,True,True,True,True,True,True
64,43,True,True,True,True,True,True,True
64,44,True,True,True,True,True,True,True
64,45,True,True,True,True,True,True,True
64,46,True,True,True,True,True,True,True
64,47,True,True,True,True,True,True,True
64,48,True,True,True,True,True,True,True
64,49,True,True,True,True,True,True,True
64,50,True,True,True,True,True,True,True
64,51,True,True,True,True,True,True,True
64,52,True,True,True,True,True,True,True
64,53,True,True,True,True,True,True,True
64,54,True,True,True,True,True,True,True
64,55,True,True,True,True,True,True,True
64,56,True,True,True,True,True,True,True
64,57,True,True,True,True,True,True,True
64,58,True,True,True,True,True,True,True
64,59,True,True,True,True,True,True,True
64,60,True,True,True,True,True,True,True
64,61,True,True,True,True,True,True,True
64,62,True,True,True,True,True,True,True
64,63,True,True,True,True,True,True,True
64,64,True,True,True,True,True,True,True
64,65,True,True,True,True,True,True,True
64,66,True,True,True,True,True,True,True
64,67,True,True,True,True,True,True,True
64,68,True,True,True,True,True,True,True
64,69,True,True,True,True,True,True,True
64,70,True,True,True,True,True,True,True
64,71,True,True,True,True,True,True,True
64,72,True,True,True,True,True,True,True
64,73,True,True,True,True,True,True,True
64,74,True,True,True,True,True,True,True
64,75,True,True,True,True,True,True,True
64,76,True,True,True,True,True,True,True
64,77,True,True,True,True,True,True,True
64,78,True,True,True,True,True,True,True
64,79,True,True,True,True,True,True,True
64,80,True,True,True,True,True,True,True
64,81,True,True,True,True,True,True,True
64,82,True,True,True,True,True,True,True
64,83,True,True,True,True,True,True,True
64,84,True,True,True,True,True,True,True
64,85,True,True,True,True,True,True,True
64,86,True,True,True,True,True,True,True
64,87,True,True,True,True,True,True,True
64,88,True,True,True,True,True,True,True
64,89,True,True,True,True,True,True,True
64,90,True,True,True,True,True,True,True
64,91,True,True,True,True,True,True,True
64,92,True,True,True,True,True,True,True
64,93,True,True,True,True,True,True,True
64,94,True,True,True,True,True,True,True
64,95,True,True,True,True,True,True,True
64,96,True,True,True,True,True,True,True
64,97,True,True,True,True,True,True,True
64,98,True,True,True,True,True,True,True
64,99,True,True,True,True,True,True,True
256,0,True,True,True,True,True,True,True
256,1,True,True,True,True,True,True,True
256,2,True,True,True,True,True,True,True
256,3,True,True,True,True,True,True,True
256,4,True,True,True,True,True,True,True
256,5,True,True,True,True,True,True,True
256,6,True,True,True,True,True,True,True
256,7,True,True,True,True,True,True,True
256,8,True,True,True,True,True,True,True
256,9,True,True,True,True,True,True,True
256,10,True,True,True,True,True,True,True
256,11,True,True,True,True,True,True,True
256,12,True,True,True,True,True,True,True
256,13,True,True,True,True,True,True,True
256,14,True,True,True,True,True,True,True
256,15,True,True,True,True,True,True,True
256,16,True,True,True,True,True,True,True
256,17,True,True,True,True,True,True,True
256,18,True,True,True,True,True,True,True
256,19,True,True,True,True,True,True,True
256,20,True,True,True,True,True,True,True
256,21,True,True,True,True,True,True,True
256,22,True,True,True,True,True,True,True
256,23,True,True,True,True,True,True,True
256,24,True,True,True,True,True,True,True
256,25,True,True,True,True,True,True,True
256,26,True,True,True,True,True,True,True
256,27,True,True,True,True,True,True,True
256,28,True,True,True,True,True,True,True
256,29,True,True,True,True,True,True,True
256,30,True,True,True,True,True,True,True
256,31,True,True,True,True,True,True,True
256,32,True,True,True,True,True,True,True
256,33,True,True,True,True,True,True,True
256,34,True,True,True,True,True,True,True
256,35,True,True,True,True,True,True,True
256,36,True,True,True,True,True,True,True
256,37,True,True,True,True,True,True,True
256,38,True,True,True,True,True,True,True
256,39,True,True,True,True,True,True,True
256,40,True,True,True,True,True,True,True
256,41,True,True,True,True,True,True,True
256,42,True,True,True,True,True,True,True
256,43,True,True,True,True,True,True,True
256,44,True,True,True,True,True,True,True
256,45,True,True,True,True,True,True,True
256,46,True,True,True,True,True,True,True
256,47,True,True,True,True,True,True,True
256,48,True,True,True,True,True,True,True
256,49,True,True,True,True,True,True,True
256,50,True,True,True,True,True,True,True
256,51,True,True,True,True,True,True,True
256,52,True,True,True,True,True,True,True
256,53,True,True,True,True,True,True,True
256,54,True,True,True,True,True,True,True
256,55,True,True,True,True,True,True,True
256,56,True,True,True,True,True,True,True
256,57,True,True,True,True,True,True,True
256,58,True,True,True,True,True,True,True
256,59,True,True,True,True,True,True,True
256,60,True,True,True,True,True,True,True
256,61,True,True,True,True,True,True,True
256,62,True,True,True,True,True,True,True
256,63,True,True,True,True,True,True,True
256,64,True,True,True,True,True,True,True
256,65,True,True,True,True,True,True,True
256,66,True,True,True,True,True,True,True
256,67,True,True,True,True,True,True,True
256,68,True,True,True,True,True,True,True
256,69,True,True,True,True,True,True,True
256,70,True,True,True,True,True,True,True
256,71,True,True,True,True,True,True,True
256,72,True,True,True,True,True,True,True
256,73,True,True,True,True,True,True,True
256,74,True,True,True,True,True,True,True
256,75,True,True,True,True,True,True,True
256,76,True,True,True,True,True,True,True
256,77,True,True,True,True,True,True,True
256,78,True,True,True,True,True,True,True
256,79,True,True,True,True,True,True,True
256,80,True,True,True,True,True,True,True
256,81,True,True,True,True,True,True,True
256,82,True,True,True,True,True,True,True
256,83,True,True,True,True,True,True,True
256,84,True,True,True,True,True,True,True
256,85,True,True,True,True,True,True,True
256,86,True,True,True,True,True,True,True
256,87,True,True,True,True,True,True,True
256,88,True,True,True,True,True,True,True
256,89,True,True,True,True,True,True,True
256,90,True,True,True,True,True,True,True
256,91,True,True,True,True,True,True,True
256,92,True,True,True,True,True,True,True
256,93,True,True,True,True,True,True,True
256,94,True,True,True,True,True,True,True
256,95,True,True,True,True,True,True,True
256,96,True,True,True,True,True,True,True
256,97,True,True,True,True,True,True,True
256,98,True,True,True,True,True,True,True
256,99,True,True,True,True,True,True,True
