target_count,seed_index,semantic_equal,result_index,trial_count,L_BBHT,Normal-E1,K4/H4-E1,K4/H4-E4,K3/H3-E4,K3/H3-E4-M1,K3/H3-E4-M2
1,0,1,507,25,308,351419,100198,46053,42604,36204,30913
1,1,1,507,15,23,43034,26532,19235,17529,13689,11136
1,2,1,507,22,181,216242,66949,35844,32193,26561,21870
1,3,1,507,25,239,280705,81920,42495,38665,32265,26538
1,4,1,507,24,240,279130,88274,43345,37897,31999,27653
1,5,1,507,23,155,190119,67021,36714,32688,26800,22566
1,6,1,507,9,14,26191,16278,12821,11712,9408,7619
1,7,1,507,23,180,215454,78065,37744,35245,29357,25496
1,8,1,507,26,261,304469,113884,50052,47682,41035,35380
1,9,1,507,24,148,185357,85580,41034,41929,35828,30057
1,10,1,507,20,93,122259,53016,29591,27875,22802,18832
1,11,1,507,23,175,209862,70385,37198,32955,27067,23640
1,12,1,507,18,42,66710,30347,22394,20853,16444,13051
1,13,1,507,24,218,259187,82239,41918,40007,33863,26622
1,14,1,507,21,133,166475,63724,35691,31717,26513,20783
1,15,1,507,27,333,380484,135967,58052,57020,50171,44152
1,16,1,507,25,225,265798,73861,40492,36102,29708,24131
1,17,1,507,25,152,190801,65779,38811,36648,30310,24641
1,18,1,507,24,216,255347,99644,45621,42877,36782,31470
1,19,1,507,22,122,155710,70077,37539,34466,28834,23524
1,20,1,507,27,311,358969,133667,57707,56382,49470,41887
1,21,1,507,26,200,240521,94869,46868,42496,35919,31104
1,22,1,507,15,37,57548,26150,18853,17587,13747,11042
1,23,1,507,23,141,177206,60930,38441,32648,26760,21101
1,24,1,507,21,159,192118,61958,33157,31310,25934,21443
1,25,1,507,25,210,250309,111852,50795,45118,39022,33429
1,26,1,507,27,215,257005,91735,45696,42184,35272,30251
1,27,1,507,24,174,211538,68148,37043,33965,27836,22928
1,28,1,507,25,256,297648,91804,43035,41362,34962,29464
1,29,1,507,21,133,164607,61406,32605,30387,25011,21168
1,30,1,507,19,63,89265,48688,29103,24922,20229,17273
1,31,1,507,27,273,317006,105741,49032,45987,39082,34179
1,32,1,507,22,93,124901,48571,28986,28043,22411,17938
1,33,1,507,19,93,120185,49571,29850,25117,20288,17126
1,34,1,507,27,290,335327,140214,58421,53907,47146,41598
1,35,1,507,16,40,62933,31820,22219,20156,16060,12381
1,36,1,507,24,229,268771,78356,38803,38096,31952,26485
1,37,1,507,23,169,205137,70476,37473,34165,28277,23484
1,38,1,507,21,123,155370,50592,30239,28961,23585,18692
1,39,1,507,21,105,136890,55102,33120,29207,23831,19123
1,40,1,507,18,48,73287,34366,23997,21497,16889,13331
1,41,1,507,24,196,232959,101211,47096,42607,36657,33140
1,42,1,507,21,126,158055,60253,32988,30003,24627,20248
1,43,1,507,28,252,297738,89778,45617,41942,34774,28787
1,44,1,507,28,368,416592,147697,58992,57127,49959,44636
1,45,1,507,21,131,162227,56393,30664,28474,23116,19540
1,46,1,507,20,96,126699,43867,28122,26433,21313,15970
1,47,1,507,21,120,151531,50206,30063,27292,21916,17815
1,48,1,507,25,157,196374,68678,41437,34931,28668,22515
1,49,1,507,23,148,184541,67198,36093,34069,28203,22199
1,50,1,507,26,275,318088,91999,45348,41800,35144,29990
1,51,1,507,22,122,154680,48875,31106,27076,21465,17491
1,52,1,507,26,256,299876,120278,56436,49446,42790,36278
1,53,1,507,24,167,204691,71132,38642,35142,28998,23508
1,54,1,507,25,283,326209,99274,45897,43618,37233,31227
1,55,1,507,26,269,311994,114089,49960,46530,39940,34708
1,56,1,507,23,142,177165,80999,40015,36866,30978,26013
1,57,1,507,24,241,280527,80449,39360,40642,34498,29551
1,58,1,507,28,369,419071,172371,69748,62815,55660,49423
1,59,1,507,24,141,178645,55359,33470,33169,27025,20906
1,60,1,507,21,135,167217,57466,33513,29343,24149,20069
1,61,1,507,27,306,353876,96830,48061,53404,46538,39420
1,62,1,507,24,196,233986,71570,37500,34484,28507,23580
1,63,1,507,19,67,95281,34964,24595,23619,18755,13721
1,64,1,507,23,129,162081,61126,35189,30705,25031,21751
1,65,1,507,26,277,320708,122201,51313,49901,43245,37412
1,66,1,507,15,45,65700,29821,20988,18272,14516,12143
1,67,1,507,22,105,137899,71694,37132,34743,29111,24170
1,68,1,507,26,239,281865,110343,49286,46466,39810,33957
1,69,1,507,23,160,195056,81389,38764,36428,30540,26376
1,70,1,507,26,243,284728,122196,54227,50113,43644,39295
1,71,1,507,25,235,276145,66986,37417,35052,28652,23162
1,72,1,507,12,15,30733,18259,14802,13691,10619,8678
1,73,1,507,19,49,76056,34383,24782,22723,17859,13363
1,74,1,507,23,212,248845,67256,36945,32269,26381,22197
1,75,1,507,15,42,63284,29098,20770,18689,14849,11547
1,76,1,507,17,64,87842,37515,23306,21627,17275,14347
1,77,1,507,22,113,144915,50187,29892,28985,23353,19469
1,78,1,507,31,430,485040,129421,59146,60146,52219,46396
1,79,1,507,24,138,174753,80448,41032,37954,31810,26346
1,80,1,507,27,381,428963,148520,59047,56053,49244,43936
1,81,1,507,28,300,345801,109608,51564,50363,43267,38771
1,82,1,507,27,336,383072,144752,58848,56115,49287,43458
1,83,1,507,20,110,140860,55686,31493,29319,24199,19381
1,84,1,507,26,277,321133,117354,51989,49539,42883,36921
1,85,1,507,22,145,179160,64236,35802,33233,27601,22686
1,86,1,507,24,200,238823,93597,44156,40628,34674,29381
1,87,1,507,23,191,227704,77761,37898,36260,30372,25497
1,88,1,507,24,199,236807,93886,43398,40436,34432,29745
1,89,1,507,16,41,63997,26768,20239,19130,15034,11145
1,90,1,507,24,174,212148,97311,43934,42522,36378,30933
1,91,1,507,17,53,77466,38265,24531,22344,17992,14247
1,92,1,507,20,86,115236,45920,27871,26360,21294,17004
1,93,1,507,23,192,229101,77174,38752,36222,30334,25308
1,94,1,507,18,62,87078,43395,25346,24544,19936,16921
1,95,1,507,20,75,104194,43632,29423,26903,22039,17665
1,96,1,507,24,183,220000,94268,45189,40427,34402,30470
1,97,1,507,21,102,133076,52237,31499,28095,22719,18616
1,98,1,507,20,102,131437,43140,27882,24707,19587,15763
1,99,1,507,27,263,306679,173707,67338,61491,54711,49776
4,0,1,8685,21,119,151009,62890,33321,30981,25605,20935
4,1,1,8685,23,132,166356,68879,35470,33208,27320,23031
4,2,1,2852,19,89,116867,47194,28377,25137,20273,16461
4,3,1,2852,20,101,131509,52538,30649,28200,23080,18375
4,4,1,4724,16,47,69664,30555,21722,19397,15301,11977
4,5,1,2852,20,72,100652,40216,27704,24384,19264,15285
4,6,1,507,9,14,26215,16302,12845,11736,9432,7643
4,7,1,507,21,112,143012,60197,32164,29819,24460,20553
4,8,1,2852,15,40,61652,26057,19528,18324,14484,10924
4,9,1,2852,23,94,128492,56024,32982,33929,28194,22418
4,10,1,2852,19,65,91832,40889,25912,23962,19145,15479
4,11,1,4724,15,41,61835,28437,20372,18006,14346,11477
4,12,1,507,18,42,66710,30345,22371,20853,16442,13049
4,13,1,2852,22,128,163142,68796,36923,35029,29397,23077
4,14,1,4724,17,59,84580,35882,24745,22199,18001,13243
4,15,1,8685,21,85,116066,61419,34154,31688,26312,21703
4,16,1,2852,21,116,148285,45588,29211,26854,21478,16342
4,17,1,507,24,121,156705,61196,36066,34552,28408,23698
4,18,1,8685,22,116,149353,50339,30754,29268,23684,18608
4,19,1,507,21,82,112768,54532,32765,29637,24261,19389
4,20,1,507,22,112,146131,54670,32013,32827,27195,21297
4,21,1,2852,9,4,16450,16866,13409,12300,9996,7680
4,22,1,507,15,37,57603,26196,18899,17642,13802,11144
4,23,1,8685,12,21,39242,23673,17912,16803,13731,9589
4,24,1,8685,9,14,25932,16017,12560,11451,9147,7699
4,25,1,4724,19,77,104832,44259,26978,24965,20101,16070
4,26,1,2852,21,83,112722,45036,28877,25639,20263,16502
4,27,1,507,19,77,105186,42840,26327,25316,20455,16102
4,28,1,2852,23,142,177074,55911,32538,30817,24929,19997
4,29,1,2852,18,62,87746,39982,25005,23616,19008,15414
4,30,1,2852,20,80,108248,49512,29927,25880,21016,17658
4,31,1,4724,10,14,28295,17870,14413,13302,10742,8024
4,32,1,4724,21,70,99604,47443,27858,27014,21638,17629
4,33,1,8685,20,98,126807,52342,31221,27127,22038,18588
4,34,1,8685,11,17,32248,18218,14761,13652,10836,8305
4,35,1,8685,18,73,100158,39756,26315,23603,18995,14504
4,36,1,4724,17,47,71816,37517,24076,22895,18543,14316
4,37,1,507,20,85,114094,55385,31740,28237,23117,19292
4,38,1,8685,16,54,77426,33905,22993,20723,16627,12768
4,39,1,4724,18,71,97588,44474,27193,24424,19816,15843
4,40,1,507,18,48,73261,34339,23970,21471,16863,13359
4,41,1,2852,12,14,30274,22258,16497,15060,11988,9490
4,42,1,2852,15,34,55205,30567,20966,19134,15294,11951
4,43,1,4724,19,98,126770,43880,28135,24687,19823,15784
4,44,1,2852,21,123,154199,54288,30095,28453,23077,19200
4,45,1,2852,20,102,131157,55833,30104,27870,22812,19173
4,46,1,507,18,68,95073,38833,25392,23952,19344,14557
4,47,1,8685,19,76,103559,48691,28549,25790,20926,17134
4,48,1,2852,22,95,128295,62249,36555,31893,26398,20916
4,49,1,507,16,44,67755,31603,22002,20846,16750,12164
4,50,1,8685,12,9,24515,16171,14250,13141,10069,8128
4,51,1,4724,21,111,141673,48118,30367,26041,20925,17206
4,52,1,2852,18,73,100546,43777,27264,25052,20444,15316
4,53,1,4724,20,77,106623,50324,31102,27438,22318,17477
4,54,1,2852,24,217,256725,93502,43965,41494,35350,29513
4,55,1,507,23,124,158393,78176,37855,36022,30183,25462
4,56,1,8685,19,59,86342,41838,26093,24798,19934,15622
4,57,1,4724,22,166,199817,64822,33717,31792,26258,22280
4,58,1,507,21,97,128972,45839,29326,27294,21918,16585
4,59,1,2852,20,86,116351,43420,27675,27600,22480,17244
4,60,1,507,18,84,110614,43426,27101,24294,19821,16211
4,61,1,507,22,123,157900,73686,37973,36015,30435,24352
4,62,1,2852,23,153,188962,60936,34439,31736,26015,20674
4,63,1,2852,18,54,80530,30918,22853,22009,17401,12614
4,64,1,507,19,64,90315,37010,25371,22416,17759,14657
4,65,1,8685,23,131,165662,88505,40645,39248,33360,28392
4,66,1,4724,25,172,210239,86302,42909,40845,34541,29960
4,67,1,8685,16,30,51953,26685,19771,18846,14750,11532
4,68,1,2852,21,81,112032,54645,31220,29399,24023,19103
4,69,1,8685,22,106,138392,51028,30675,28368,22736,18355
4,70,1,2852,23,119,152938,59932,34971,33092,27371,23128
4,71,1,2852,22,124,158054,63699,34898,32884,27252,21851
4,72,1,507,12,15,30733,18259,14802,13691,10619,8678
4,73,1,2852,20,66,94950,40178,27561,24878,19758,15075
4,74,1,507,21,145,176868,57755,32840,28662,23286,19477
4,75,1,2852,9,9,21708,16959,13502,12391,10087,7647
4,76,1,2852,16,47,69238,30773,21172,19501,15405,12445
4,77,1,507,18,67,92007,41555,24274,22973,18365,15438
4,78,1,4724,25,177,216315,89073,44527,42696,36472,30976
4,79,1,2852,22,90,122687,55191,33621,30387,24755,19573
4,80,1,8685,24,175,212613,75804,38555,36000,29856,24712
4,81,1,8685,9,12,24215,15332,12643,11534,9230,7410
4,82,1,8685,12,18,35152,20612,16387,15276,12204,8961
4,83,1,8685,14,23,42809,25791,19262,17815,14231,10768
4,84,1,4724,21,132,164736,50425,30840,28763,23387,18466
4,85,1,4724,20,91,120491,48015,29495,27648,22528,18394
4,86,1,8685,21,91,122049,43904,28159,26310,21124,16535
4,87,1,4724,19,89,117074,41783,26038,24275,19411,15400
4,88,1,8685,16,48,70518,33760,21855,20542,16490,13286
4,89,1,507,16,41,64011,26782,20253,19144,15048,11158
4,90,1,8685,18,54,79984,41739,25226,24911,20303,16242
4,91,1,507,17,53,77422,38246,24508,22300,17948,14242
4,92,1,2852,11,13,28229,20398,15405,14294,11478,8854
4,93,1,8685,20,96,126257,47489,28672,27179,22059,17275
4,94,1,4724,19,71,98062,44505,26456,25722,20858,17224
4,95,1,8685,17,47,71292,41188,26979,22591,18495,14738
4,96,1,8685,19,74,100911,40450,26256,23083,18219,14881
4,97,1,2852,22,124,157213,53083,32345,28997,23365,18965
4,98,1,8685,20,102,131657,43528,28286,24927,19807,15764
4,99,1,8685,16,42,64588,32527,21390,20281,16185,12729
16,0,1,4512,11,15,30404,17403,14714,13605,10789,8010
16,1,1,507,15,23,43043,26541,19244,17538,13698,11176
16,2,1,10593,17,56,80108,35482,22809,21359,17007,13552
16,3,1,5281,18,56,81842,42032,26408,23912,19304,15546
16,4,1,4512,14,27,46417,23924,18163,16762,13178,10193
16,5,1,10839,15,18,38186,22660,18435,16788,12948,10070
16,6,1,3947,17,68,92220,37175,23734,21615,17263,14220
16,7,1,5281,12,25,41145,21855,16094,14572,11500,9479
16,8,1,2852,14,32,52262,24312,18551,17440,13856,10274
16,9,1,3947,12,20,37567,21994,17001,15890,12818,9234
16,10,1,14405,15,35,55562,28752,19919,18196,14403,11534
16,11,1,1721,17,57,80467,29483,21418,19359,15007,12434
16,12,1,5281,16,28,49931,29061,21099,19554,15670,12337
16,13,1,10593,16,43,66955,27656,21127,20548,16452,11694
16,14,1,4724,19,71,99867,39829,27156,24869,20162,14724
16,15,1,14405,21,85,116214,61534,34269,31836,26460,21694
16,16,1,10931,13,30,48481,24697,18168,16503,13175,10144
16,17,1,5281,11,13,28285,18389,14932,13823,11007,8348
16,18,1,5281,14,27,46270,26001,18704,17141,13610,10678
16,19,1,10931,21,82,113122,54885,33105,29991,24615,19459
16,20,1,10931,17,58,83232,33582,23213,21620,17268,12949
16,21,1,7786,19,67,94573,37318,25413,24109,19245,15167
16,22,1,491,15,37,57570,26158,18861,17609,13769,11098
16,23,1,8685,12,21,39278,23709,17948,16839,13767,9625
16,24,1,7786,16,47,70020,31034,21433,20816,16720,13069
16,25,1,491,9,6,17473,13753,11832,10723,8419,7064
16,26,1,4512,15,29,48893,26630,18565,17456,13616,11244
16,27,1,3947,14,32,51967,27258,19193,17941,14357,11177
16,28,1,5281,11,17,32027,19033,14808,13699,10883,8550
16,29,1,7786,14,30,49852,22984,17991,16829,13245,9880
16,30,1,3947,15,26,46174,23911,18150,17041,13201,10552
16,31,1,2852,14,35,55022,26244,18947,17631,14047,10682
16,32,1,5281,21,70,99915,47847,28262,27325,21949,17568
16,33,1,491,13,23,40572,21391,16398,15289,11961,9463
16,34,1,8685,11,17,32251,18221,14764,13655,10839,8308
16,35,1,10593,15,30,51406,31132,21531,19468,15628,11979
16,36,1,10931,7,5,15341,13670,11749,10640,8848,6499
16,37,1,491,2,1,3364,7335,6182,5073,4561,4439
16,38,1,15288,15,40,61976,28254,20957,18913,15073,11151
16,39,1,15288,18,71,97871,44655,27374,24707,20099,15816
16,40,1,507,18,48,73305,34396,24027,21515,16907,13403
16,41,1,491,14,29,48154,25790,18493,16959,13375,10745
16,42,1,4512,17,57,81676,35373,23468,21625,17273,13416
16,43,1,10839,8,6,16466,14289,11600,10491,8443,7056
16,44,1,2852,20,93,121730,41998,26253,24562,19442,15941
16,45,1,7786,12,21,36693,21121,15360,14251,11179,9362
16,46,1,5281,18,68,95183,39205,25764,24062,19454,14450
16,47,1,1801,15,30,50698,29475,19874,19030,15190,12105
16,48,1,15288,13,13,31673,22822,17829,16720,13392,9654
16,49,1,15288,16,44,68209,32033,22432,21300,17204,12167
16,50,1,8685,18,48,72874,33126,22757,21881,17273,13910
16,51,1,10931,16,43,65441,28300,21003,18774,14678,11389
16,52,1,10931,16,43,66672,35473,23568,21594,17498,12957
16,53,1,1801,17,33,57099,29117,21820,20378,16026,11908
16,54,1,5281,22,121,154728,53269,32148,29870,24238,18929
16,55,1,10931,16,33,55505,27286,20757,19028,14998,11448
16,56,1,10931,10,10,23879,16551,13862,12753,10193,7661
16,57,1,7786,17,61,85127,33032,21895,20682,16330,13123
16,58,1,1721,15,37,58983,31267,21666,19817,15977,11910
16,59,1,7786,16,49,72574,34729,22824,21295,17199,12948
16,60,1,7786,18,84,110861,43539,27271,24541,19933,16198
16,61,1,14405,21,83,115402,51560,31975,29779,24466,18350
16,62,1,491,19,77,104858,37414,25509,23135,18438,14209
16,63,1,7786,16,42,65405,29207,21142,20298,16202,11940
16,64,1,10931,16,32,53814,31555,22218,19432,15542,12519
16,65,1,10839,21,67,96626,48382,28957,27529,22153,17958
16,66,1,491,15,45,65639,29777,20944,18211,14452,12113
16,67,1,8685,16,30,51960,26690,19776,18853,14757,11537
16,68,1,3947,21,81,112044,54648,31223,29411,24035,19075
16,69,1,5281,17,36,59597,31054,22221,20443,16091,12661
16,70,1,2852,4,3,8122,9011,7858,6749,5725,5140
16,71,1,2852,16,27,49603,31033,22200,20256,16160,12282
16,72,1,491,12,15,30707,18233,14776,13665,10593,8652
16,73,1,1721,17,35,59230,29754,21689,20578,16226,11987
16,74,1,10593,10,15,28450,18027,13802,12693,10133,8190
16,75,1,15288,14,31,50820,23324,18850,16766,13182,9910
16,76,1,2852,10,13,26079,16687,13230,12121,9561,7959
16,77,1,8685,15,31,50958,25607,18310,17190,13350,10916
16,78,1,15288,17,41,65733,29027,21730,20619,16267,11880
16,79,1,491,16,43,65273,34224,22319,20464,16368,13210
16,80,1,491,12,16,32187,19713,15488,14379,11307,8963
16,81,1,8685,9,12,24214,15331,12642,11533,9229,7409
16,82,1,8685,12,18,35143,20603,16378,15267,12195,8952
16,83,1,2852,10,12,25963,18638,14413,13304,10744,8243
16,84,1,7786,18,66,92256,42139,26394,24659,20051,16021
16,85,1,2852,18,44,69343,33931,24330,22881,18273,14439
16,86,1,7786,15,36,57003,26797,19500,18079,14429,11365
16,87,1,7786,16,46,68582,31350,21284,19870,15774,12442
16,88,1,10593,16,48,70534,33779,21874,20558,16513,13269
16,89,1,5281,14,27,47156,25407,18878,17769,14185,10448
16,90,1,5281,18,54,80396,42151,25638,25323,20715,16214
16,91,1,10931,17,53,77736,38536,24782,22614,18262,14266
16,92,1,507,20,86,115197,45910,27861,26321,21261,17047
16,93,1,5281,15,45,66404,28396,20331,18446,14606,11519
16,94,1,1721,17,40,63202,29025,20960,20452,16100,13084
16,95,1,4724,10,12,26090,18766,14541,13432,10872,8340
16,96,1,4724,17,42,65260,31651,22818,19643,15291,12329
16,97,1,1801,16,33,54909,34027,22505,20562,16466,13642
16,98,1,1801,13,20,37398,22350,16589,15480,12152,9809
16,99,1,15288,21,101,131877,56228,32035,28718,23409,19213
64,0,1,2852,6,4,12332,12204,10283,9174,7638,6094
64,1,1,8685,13,14,31394,20625,16400,15142,11814,9347
64,2,1,8089,7,3,12299,12697,10776,9667,7875,6425
64,3,1,4876,13,19,37203,21123,16898,15787,12459,9310
64,4,1,4720,8,4,15035,13888,11967,10858,8810,6803
64,5,1,4876,18,40,64983,32421,24006,21193,16585,12915
64,6,1,7786,12,24,40453,20753,15760,14651,11579,9173
64,7,1,1801,12,25,40671,21536,15775,14098,11040,9470
64,8,1,3304,11,13,28560,19694,15469,14358,11542,8639
64,9,1,12001,1,0,1446,5924,5539,4430,4174,3834
64,10,1,8685,5,4,10653,11035,9114,8005,6725,5738
64,11,1,682,12,19,35094,21738,15977,14717,11645,9378
64,12,1,26,14,20,39195,27587,19630,17566,14174,11180
64,13,1,9302,11,17,33064,19032,15575,14464,11648,8373
64,14,1,14567,12,19,36167,21629,16636,15525,12453,9148
64,15,1,7400,10,7,20667,17473,14016,12905,10345,7968
64,16,1,10839,13,30,48389,24648,18119,16411,13083,10064
64,17,1,6247,7,6,15762,13063,11142,10033,8241,6450
64,18,1,14542,9,8,20191,16471,13014,11905,9601,7626
64,19,1,4724,11,16,31646,20714,15721,14612,11796,8862
64,20,1,14542,13,20,38338,21372,17147,15890,12562,9258
64,21,1,11647,13,18,36029,22017,17024,15915,12587,9593
64,22,1,4724,8,6,16170,13995,11306,10197,8149,7103
64,23,1,16090,10,13,28025,19668,15443,14334,11774,8343
64,24,1,2888,3,2,5690,8120,6967,5858,5090,4783
64,25,1,3073,6,3,10648,11554,9633,8524,6988,6033
64,26,1,8225,12,13,28787,20445,15452,14343,11271,9144
64,27,1,173,10,11,25022,15627,13706,12597,10037,7443
64,28,1,10593,10,14,27681,18295,14070,12961,10401,8259
64,29,1,14542,7,6,16164,13460,11539,10430,8638,6382
64,30,1,3903,11,11,25556,16686,13997,12888,10072,8068
64,31,1,160,11,19,34486,19476,15251,14086,11270,8584
64,32,1,4720,2,1,3814,7787,6634,5525,5013,4457
64,33,1,160,4,1,6315,9268,8115,7006,5982,5087
64,34,1,6247,10,13,27137,17748,14291,13182,10622,7966
64,35,1,7400,13,18,36099,24149,17620,16509,13181,10032
64,36,1,5531,14,23,43131,26542,19245,18136,14552,10753
64,37,1,8225,16,28,50146,25856,19710,19101,15005,11718
64,38,1,10931,10,17,31647,19160,14935,13824,11264,8360
64,39,1,2888,11,13,28393,17457,14768,13659,10843,8157
64,40,1,11272,10,9,22601,17341,13884,12773,10213,7960
64,41,1,4512,6,5,12855,11693,9772,8663,7127,6048
64,42,1,507,10,8,21587,18394,14169,13058,10498,8214
64,43,1,11272,10,12,25557,18234,14009,12900,10340,8242
64,44,1,7400,11,8,22557,16787,14098,12989,10173,8045
64,45,1,7786,11,14,28174,17241,13784,12675,9859,8258
64,46,1,6247,9,10,22656,16872,13415,12304,10000,7622
64,47,1,5200,15,30,50833,29924,20323,19165,15325,12085
64,48,1,15288,13,13,31640,22789,17796,16687,13359,9621
64,49,1,10234,11,11,26912,20110,15885,14774,11958,8621
64,50,1,1038,16,32,53477,29731,20130,18964,14868,12086
64,51,1,14405,8,10,20662,14352,11663,10554,8506,6933
64,52,1,16090,16,43,66928,35477,23572,21850,17754,13027
64,53,1,15469,13,21,39272,23190,17429,16320,12992,9750
64,54,1,14405,9,13,25664,16781,13324,12213,9909,7562
64,55,1,11647,2,1,4014,7987,6834,5725,5213,4471
64,56,1,7786,7,4,13584,12946,11025,9916,8124,6364
64,57,1,3876,12,15,31030,19589,15364,14253,11181,8961
64,58,1,8225,5,4,11015,11398,9477,8368,7088,5729
64,59,1,8225,11,14,29817,18883,15426,14317,11501,8423
64,60,1,3903,2,1,3573,7544,6391,5282,4770,4462
64,61,1,13012,10,13,27584,17157,14468,13359,10799,7740
64,62,1,15288,5,4,11223,11604,9683,8574,7294,5780
64,63,1,14567,10,11,24390,18098,13873,12762,10202,8197
64,64,1,1801,10,10,23595,17302,13845,12736,10176,7985
64,65,1,26,15,28,48521,23159,18166,17324,13484,10430
64,66,1,9302,13,26,43531,23800,18039,15682,12465,10245
64,67,1,682,11,15,29825,18895,14670,13559,10743,8522
64,68,1,1825,12,24,40985,21285,16292,15181,12109,9207
64,69,1,8225,15,23,43691,22459,18234,17125,13285,9921
64,70,1,5531,15,40,60813,30923,21322,18553,14872,12057
64,71,1,2852,16,27,49541,30975,22142,20194,16098,12250
64,72,1,13048,13,20,37321,20809,16584,14872,11597,9284
64,73,1,701,17,35,59195,29719,21654,20543,16191,11983
64,74,1,507,16,48,70314,31788,22246,19540,15444,12391
64,75,1,10812,7,5,14871,12167,11014,9905,8113,6105
64,76,1,1801,15,36,56632,29020,20187,18500,14660,11792
64,77,1,701,8,8,18338,14096,11407,10298,8250,6987
64,78,1,5281,6,5,13240,12078,10157,9048,7512,6061
64,79,1,8089,16,43,65168,34500,22595,20359,16306,13283
64,80,1,8799,8,4,14432,13285,11364,10255,8207,6789
64,81,1,7786,7,6,15152,12450,10529,9420,7628,6457
64,82,1,10234,11,15,30680,19748,15523,14412,11596,8631
64,83,1,5270,14,23,43199,26126,19597,18205,14621,10793
64,84,1,14494,3,1,5185,8647,7494,6385,5617,4814
64,85,1,5200,10,13,26446,16024,13335,12226,9666,7723
64,86,1,586,12,19,35169,20946,15953,14532,11650,9460
64,87,1,10593,13,23,40795,23680,17151,16040,12712,10090
64,88,1,7786,13,25,43086,21842,16849,15738,12410,9546
64,89,1,10931,10,13,27625,19269,15044,13935,11375,8347
64,90,1,16090,13,12,30061,22246,17253,16137,12809,9629
64,91,1,13048,14,18,37927,25517,19342,17833,14249,10590
64,92,1,5341,3,1,5285,8749,7596,6487,5719,4792
64,93,1,13012,10,14,27653,16194,13505,12396,9836,7738
64,94,1,507,13,21,38300,22683,16922,15350,12022,9870
64,95,1,507,20,75,104031,43482,29273,26740,21876,17573
64,96,1,13012,14,21,39826,22206,17213,16102,12518,9866
64,97,1,1801,16,33,54905,34026,22504,20558,16462,13742
64,98,1,491,10,7,20401,15138,13217,12108,9548,7388
64,99,1,5531,6,4,11939,11816,9895,8786,7250,6109
256,0,1,15288,8,7,18108,14898,12209,11100,9052,7045
256,1,1,5849,5,2,8854,10266,9113,8004,6724,5489
256,2,1,8081,7,3,12296,12694,10773,9664,7872,6422
256,3,1,16060,9,8,20334,16618,13161,12050,9746,7647
256,4,1,12680,12,17,33629,22484,16723,15322,12250,9480
256,5,1,7233,10,5,18367,15172,13251,12142,9582,7515
256,6,1,3716,7,7,16391,12657,10736,9627,7835,6385
256,7,1,3545,8,8,18141,13897,11208,10099,8051,6974
256,8,1,11907,10,8,22162,17935,14478,13367,10807,8027
256,9,1,12001,1,0,1446,5924,5539,4430,4174,3834
256,10,1,5451,4,2,7230,9152,7999,6890,5866,5126
256,11,1,873,12,19,35097,21741,15980,14720,11648,9443
256,12,1,90,5,3,9680,11095,9174,8065,6785,5736
256,13,1,7326,6,5,13225,12064,10143,9034,7498,6078
256,14,1,1930,6,7,15414,12186,10265,9156,7620,6107
256,15,1,13448,9,3,15198,14575,12654,11545,9241,7080
256,16,1,12329,6,4,11820,11693,9772,8663,7127,6048
256,17,1,6247,7,6,15736,13037,11116,10007,8215,6424
256,18,1,4389,7,4,13002,11329,10176,9067,7275,6135
256,19,1,13749,7,3,12652,13047,11126,10017,8225,6372
256,20,1,6940,9,9,21679,16929,13472,12363,10059,7650
256,21,1,2302,9,4,16458,16874,13417,12308,10004,7688
256,22,1,7844,9,7,18460,14743,12054,10945,8641,7379
256,23,1,6733,5,4,11055,11437,9516,8407,7127,5737
256,24,1,4724,8,10,20365,14056,11367,10258,8210,7009
256,25,1,9555,12,14,29978,19570,15345,14236,11164,8944
256,26,1,6702,9,6,17375,13653,11732,10623,8319,6995
256,27,1,10532,6,4,12093,11965,10044,8935,7399,6072
256,28,1,314,8,7,17881,13639,11718,10609,8561,6771
256,29,1,14410,7,6,16174,13470,11549,10440,8648,6392
256,30,1,4956,9,7,18803,15083,12394,11285,8981,7409
256,31,1,15859,9,10,22871,17087,13630,12519,10215,7651
256,32,1,11246,10,12,25510,17153,13696,12585,10025,8020
256,33,1,825,8,8,18536,14292,11603,10494,8446,7028
256,34,1,10842,7,5,14918,13250,11329,10220,8428,6420
256,35,1,9972,6,6,14335,12142,10221,9112,7576,6063
256,36,1,16297,6,3,11844,12748,10827,9718,8182,6142
256,37,1,1456,5,4,10396,10776,8855,7746,6466,5758
256,38,1,11990,6,5,13719,12559,10638,9529,7993,6108
256,39,1,10839,4,2,7309,9229,8076,6967,5943,5141
256,40,1,586,5,4,10938,11318,9397,8288,7008,5711
256,41,1,7400,5,4,10599,10979,9058,7949,6669,5713
256,42,1,507,10,8,21595,18402,14177,13066,10506,8222
256,43,1,160,6,3,10474,10344,9191,8082,6546,5777
256,44,1,7400,11,8,22554,16784,14095,12986,10170,8011
256,45,1,8996,6,4,11798,11670,9749,8640,7104,6056
256,46,1,15586,8,6,17208,13995,12074,10965,8917,6724
256,47,1,56,9,6,18330,15646,12957,11848,9544,7383
256,48,1,10265,11,7,22321,18616,15159,14050,11234,8393
256,49,1,5281,9,6,18814,15092,13171,12062,9758,7101
256,50,1,2160,13,15,31790,20932,15939,14773,11445,9449
256,51,1,6300,5,4,10569,10949,9028,7919,6639,5683
256,52,1,13448,3,1,5586,9049,7896,6787,6019,4782
256,53,1,8799,9,7,19536,15816,13127,12018,9714,7398
256,54,1,7615,4,2,7258,9178,8025,6916,5892,5090
256,55,1,12785,4,2,7715,9637,8484,7375,6351,5146
256,56,1,7780,7,4,13568,12930,11009,9900,8108,6379
256,57,1,9459,7,2,10810,12240,10319,9210,7418,6433
256,58,1,8225,5,4,11033,11416,9495,8386,7106,5747
256,59,1,4389,6,5,13707,12545,10624,9515,7979,6125
256,60,1,11343,9,10,21809,16209,12752,11457,9153,7643
256,61,1,12329,11,17,32995,18962,15505,14396,11580,8367
256,62,1,5666,10,13,27162,18804,14579,13470,10910,8285
256,63,1,14388,10,11,24376,18084,13859,12748,10188,8214
256,64,1,3410,8,4,14769,13622,11701,10592,8544,6785
256,65,1,10195,6,3,10965,11871,9950,8841,7305,6071
256,66,1,1133,6,2,9697,10600,9447,8338,6802,5816
256,67,1,5270,10,10,23622,17331,13874,12763,10203,7981
256,68,1,8996,8,6,16804,13594,11673,10564,8516,6788
256,69,1,15374,7,3,12607,13002,11081,9972,8180,6420
256,70,1,2789,4,3,8087,8976,7823,6714,5690,5105
256,71,1,15233,8,6,16951,13739,11818,10709,8661,6747
256,72,1,1859,7,4,13391,11720,10567,9458,7666,6123
256,73,1,9230,7,6,15784,13081,11160,10051,8259,6375
256,74,1,2442,6,2,10070,10974,9821,8712,7176,5787
256,75,1,14410,2,1,3984,7957,6804,5695,5183,4410
256,76,1,13239,9,10,21723,15939,12482,11373,9069,7559
256,77,1,9230,7,5,14097,12428,10507,9398,7606,6342
256,78,1,3237,2,1,3550,7521,6368,5259,4747,4439
256,79,1,11111,2,1,3737,7711,6558,5449,4937,4443
256,80,1,8089,10,10,23366,18108,13883,12774,10214,8271
256,81,1,9492,6,4,11761,10599,9446,8337,6801,5846
256,82,1,14992,3,1,5576,9038,7885,6776,6008,4833
256,83,1,15859,3,2,6427,8857,7704,6595,5827,4807
256,84,1,10082,6,4,11887,10723,9570,8461,6925,5815
256,85,1,8851,9,10,22064,15250,12561,11452,9148,7390
256,86,1,10812,11,13,27861,18275,14818,13397,10771,8580
256,87,1,6247,12,15,31119,19676,15451,14340,11268,8924
256,88,1,1038,6,3,10989,10859,9706,8597,7061,5796
256,89,1,10532,10,13,27535,19179,14954,13845,11285,8288
256,90,1,15943,13,12,30032,22217,17224,16108,12780,9600
256,91,1,9960,4,1,6708,9662,8509,7400,6376,5140
256,92,1,8081,4,1,6606,9561,8408,7299,6275,5132
256,93,1,12684,10,14,27618,16159,13470,12361,9801,7672
256,94,1,2888,7,3,11785,11145,9992,8883,7091,6106
256,95,1,2852,9,7,19633,14880,12959,11850,9546,7137
256,96,1,1456,4,2,6808,8730,7577,6468,5444,5107
256,97,1,13286,6,3,11249,11118,9965,8856,7320,5838
256,98,1,10964,2,1,3721,7693,6540,5431,4919,4456
256,99,1,2852,5,2,8584,10001,8848,7739,6459,5472
