m,seed_idx,mode,result_index,trial,l_bbht,iter,cycles,cfgerr
1,0,dram,507,25,308,70,139561,0
1,1,dram,507,15,23,0,16234,0
1,2,dram,507,22,181,0,26843,0
1,3,dram,507,25,239,0,31425,0
1,4,dram,507,24,240,0,29333,0
1,5,dram,507,23,155,0,26546,0
1,6,dram,507,9,14,0,10225,0
1,7,dram,507,23,180,0,29185,0
1,8,dram,507,26,261,8,44383,0
1,9,dram,507,24,148,0,29520,0
1,10,dram,507,20,93,0,24774,0
1,11,dram,507,23,175,0,27188,0
1,12,dram,507,18,42,0,21381,0
1,13,dram,507,24,218,0,31062,0
1,14,dram,507,21,133,0,26133,0
1,15,dram,507,27,333,21,66727,0
1,16,dram,507,25,225,0,29937,0
1,17,dram,507,25,152,0,32435,0
1,18,dram,507,24,216,0,30331,0
1,19,dram,507,22,122,0,27258,0
1,20,dram,507,27,311,0,34797,0
1,21,dram,507,26,200,0,29958,0
1,22,dram,507,15,37,0,17889,0
1,23,dram,507,23,141,0,30719,0
1,24,dram,507,21,159,0,26510,0
1,25,dram,507,25,210,0,32040,0
1,26,dram,507,27,215,0,31485,0
1,27,dram,507,24,174,0,28887,0
1,28,dram,507,25,256,0,32893,0
1,29,dram,507,21,133,0,24265,0
1,30,dram,507,19,63,0,21716,0
1,31,dram,507,27,273,0,34723,0
1,32,dram,507,22,93,0,25868,0
1,33,dram,507,19,93,0,21668,0
1,34,dram,507,27,290,1,35478,0
1,35,dram,507,16,40,0,19626,0
1,36,dram,507,24,229,0,28756,0
1,37,dram,507,23,169,0,30242,0
1,38,dram,507,21,123,0,27455,0
1,39,dram,507,21,105,0,27547,0
1,40,dram,507,18,48,0,21244,0
1,41,dram,507,24,196,0,29657,0
1,42,dram,507,21,126,0,26492,0
1,43,dram,507,28,252,0,37137,0
1,44,dram,507,28,368,5,41854,0
1,45,dram,507,21,131,0,24983,0
1,46,dram,507,20,96,0,25094,0
1,47,dram,507,21,120,0,24618,0
1,48,dram,507,25,157,0,31767,0
1,49,dram,507,23,148,0,28704,0
1,50,dram,507,26,275,0,31620,0
1,51,dram,507,22,122,0,27820,0
1,52,dram,507,26,256,0,34100,0
1,53,dram,507,24,167,0,31346,0
1,54,dram,507,25,283,0,32015,0
1,55,dram,507,26,269,0,33316,0
1,56,dram,507,23,142,0,28580,0
1,57,dram,507,24,241,0,27611,0
1,58,dram,507,28,369,20,67649,0
1,59,dram,507,24,141,0,31620,0
1,60,dram,507,21,135,0,26390,0
1,61,dram,507,27,306,0,35945,0
1,62,dram,507,24,196,0,29641,0
1,63,dram,507,19,67,0,24676,0
1,64,dram,507,23,129,0,25893,0
1,65,dram,507,26,277,0,32163,0
1,66,dram,507,15,45,0,16712,0
1,67,dram,507,22,105,0,28040,0
1,68,dram,507,26,239,0,32058,0
1,69,dram,507,23,160,0,27888,0
1,70,dram,507,26,243,0,30811,0
1,71,dram,507,25,235,0,31513,0
1,72,dram,507,12,15,0,13756,0
1,73,dram,507,19,49,0,24012,0
1,74,dram,507,23,212,0,27434,0
1,75,dram,507,15,42,0,17922,0
1,76,dram,507,17,64,0,21346,0
1,77,dram,507,22,113,0,26814,0
1,78,dram,507,31,430,0,39061,0
1,79,dram,507,24,138,0,31881,0
1,80,dram,507,27,381,0,33546,0
1,81,dram,507,28,300,0,32487,0
1,82,dram,507,27,336,0,33097,0
1,83,dram,507,20,110,0,26341,0
1,84,dram,507,26,277,0,33148,0
1,85,dram,507,22,145,0,27992,0
1,86,dram,507,24,200,0,31894,0
1,87,dram,507,23,191,0,29029,0
1,88,dram,507,24,199,0,28836,0
1,89,dram,507,16,41,0,19152,0
1,90,dram,507,24,174,0,30496,0
1,91,dram,507,17,53,0,20752,0
1,92,dram,507,20,86,0,24477,0
1,93,dram,507,23,192,0,26780,0
1,94,dram,507,18,62,0,21605,0
1,95,dram,507,20,75,0,24271,0
1,96,dram,507,24,183,0,28030,0
1,97,dram,507,21,102,0,25789,0
1,98,dram,507,20,102,0,24677,0
1,99,dram,507,27,263,0,33661,0
4,0,dram,8685,21,119,38,85699,0
4,1,dram,8685,23,132,0,27047,0
4,2,dram,2852,19,89,0,22471,0
4,3,dram,2852,20,101,0,25255,0
4,4,dram,4724,16,47,0,19148,0
4,5,dram,2852,20,72,0,22785,0
4,6,dram,507,9,14,0,10249,0
4,7,dram,507,21,112,0,26965,0
4,8,dram,2852,15,40,0,17840,0
4,9,dram,2852,23,94,0,28426,0
4,10,dram,2852,19,65,0,23260,0
4,11,dram,4724,15,41,0,17506,0
4,12,dram,507,18,42,0,21381,0
4,13,dram,2852,22,128,2,31072,0
4,14,dram,4724,17,59,0,20636,0
4,15,dram,8685,21,85,0,25813,0
4,16,dram,2852,21,116,0,24977,0
4,17,dram,507,24,121,0,30351,0
4,18,dram,8685,22,116,0,27615,0
4,19,dram,507,21,82,0,25625,0
4,20,dram,507,22,112,0,27998,0
4,21,dram,2852,9,4,0,8717,0
4,22,dram,507,15,37,0,17944,0
4,23,dram,8685,12,21,0,16594,0
4,24,dram,8685,9,14,0,9977,0
4,25,dram,4724,19,77,0,23886,0
4,26,dram,2852,21,83,0,23503,0
4,27,dram,507,19,77,0,22681,0
4,28,dram,2852,23,142,0,30059,0
4,29,dram,2852,18,62,0,20714,0
4,30,dram,2852,20,80,0,23149,0
4,31,dram,4724,10,14,0,13383,0
4,32,dram,4724,21,70,0,24846,0
4,33,dram,8685,20,98,0,23136,0
4,34,dram,8685,11,17,0,13732,0
4,35,dram,8685,18,73,0,22784,0
4,36,dram,4724,17,47,0,20784,0
4,37,dram,507,20,85,0,25938,0
4,38,dram,8685,16,54,0,20733,0
4,39,dram,4724,18,71,0,23334,0
4,40,dram,507,18,48,0,21218,0
4,41,dram,2852,12,14,0,14846,0
4,42,dram,2852,15,34,0,18623,0
4,43,dram,4724,19,98,0,25174,0
4,44,dram,2852,21,123,0,25230,0
4,45,dram,2852,20,102,0,23859,0
4,46,dram,507,18,68,0,22370,0
4,47,dram,8685,19,76,0,22076,0
4,48,dram,2852,22,95,0,27701,0
4,49,dram,507,16,44,0,19284,0
4,50,dram,8685,12,9,0,12682,0
4,51,dram,4724,21,111,0,26165,0
4,52,dram,2852,18,73,0,23721,0
4,53,dram,4724,20,77,0,26204,0
4,54,dram,2852,24,217,21,63312,0
4,55,dram,507,23,124,0,29467,0
4,56,dram,8685,19,59,0,23452,0
4,57,dram,4724,22,166,0,24354,0
4,58,dram,507,21,97,0,27915,0
4,59,dram,2852,20,86,0,26108,0
4,60,dram,507,18,84,0,22437,0
4,61,dram,507,22,123,0,28953,0
4,62,dram,2852,23,153,0,29025,0
4,63,dram,2852,18,54,0,23343,0
4,64,dram,507,19,64,0,21228,0
4,65,dram,8685,23,131,0,27902,0
4,66,dram,4724,25,172,0,30159,0
4,67,dram,8685,16,30,0,19514,0
4,68,dram,2852,21,81,0,25384,0
4,69,dram,8685,22,106,0,26995,0
4,70,dram,2852,23,119,0,27080,0
4,71,dram,2852,22,124,0,28579,0
4,72,dram,507,12,15,0,13756,0
4,73,dram,2852,20,66,0,25356,0
4,74,dram,507,21,145,0,24646,0
4,75,dram,2852,9,9,0,10896,0
4,76,dram,2852,16,47,0,20292,0
4,77,dram,507,18,67,0,21380,0
4,78,dram,4724,25,177,0,31619,0
4,79,dram,2852,22,90,0,29377,0
4,80,dram,8685,24,175,0,29961,0
4,81,dram,8685,9,12,0,10315,0
4,82,dram,8685,12,18,0,13506,0
4,83,dram,8685,14,23,0,18095,0
4,84,dram,4724,21,132,0,26481,0
4,85,dram,4724,20,91,0,25083,0
4,86,dram,8685,21,91,0,27684,0
4,87,dram,4724,19,89,0,23721,0
4,88,dram,8685,16,48,0,18453,0
4,89,dram,507,16,41,0,19166,0
4,90,dram,8685,18,54,0,22753,0
4,91,dram,507,17,53,0,20708,0
4,92,dram,2852,11,13,0,12780,0
4,93,dram,8685,20,96,0,23598,0
4,94,dram,4724,19,71,0,23303,0
4,95,dram,8685,17,47,0,20260,0
4,96,dram,8685,19,74,0,21483,0
4,97,dram,2852,22,124,0,27211,0
4,98,dram,8685,20,102,0,24897,0
4,99,dram,8685,16,42,0,19753,0
16,0,dram,4512,11,15,3,18594,0
16,1,dram,507,15,23,6,25564,0
16,2,dram,10593,17,56,7,30651,0
16,3,dram,5281,18,56,2,25158,0
16,4,dram,4512,14,27,0,16539,0
16,5,dram,10839,15,18,0,16046,0
16,6,dram,3947,17,68,0,20549,0
16,7,dram,5281,12,25,0,14892,0
16,8,dram,2852,14,32,0,16703,0
16,9,dram,3947,12,20,0,13855,0
16,10,dram,14405,15,35,0,17947,0
16,11,dram,1721,17,57,0,19632,0
16,12,dram,5281,16,28,0,19042,0
16,13,dram,10593,16,43,0,19528,0
16,14,dram,4724,19,71,0,23549,0
16,15,dram,14405,21,85,16,50810,0
16,16,dram,10931,13,30,0,14450,0
16,17,dram,5281,11,13,0,13363,0
16,18,dram,5281,14,27,0,16381,0
16,19,dram,10931,21,82,0,25979,0
16,20,dram,10931,17,58,0,21364,0
16,21,dram,7786,19,67,0,21860,0
16,22,dram,491,15,37,0,17911,0
16,23,dram,8685,12,21,0,16630,0
16,24,dram,7786,16,47,0,20053,0
16,25,dram,491,9,6,0,10287,0
16,26,dram,4512,15,29,0,15917,0
16,27,dram,3947,14,32,0,15892,0
16,28,dram,5281,11,17,0,14027,0
16,29,dram,7786,14,30,0,15832,0
16,30,dram,3947,15,26,0,16813,0
16,31,dram,2852,14,35,0,18450,0
16,32,dram,5281,21,70,0,25157,0
16,33,dram,491,13,23,0,14299,0
16,34,dram,8685,11,17,0,13735,0
16,35,dram,10593,15,30,0,18418,0
16,36,dram,10931,7,5,0,8134,0
16,37,dram,491,2,1,0,2342,0
16,38,dram,15288,15,40,0,19734,0
16,39,dram,15288,18,71,0,23617,0
16,40,dram,507,18,48,0,21262,0
16,41,dram,491,14,29,0,17253,0
16,42,dram,4512,17,57,0,21357,0
16,43,dram,10839,8,6,0,10312,0
16,44,dram,2852,20,93,0,23740,0
16,45,dram,7786,12,21,0,14561,0
16,46,dram,5281,18,68,0,22480,0
16,47,dram,1801,15,30,0,17216,0
16,48,dram,15288,13,13,0,15708,0
16,49,dram,15288,16,44,0,19738,0
16,50,dram,8685,18,48,0,20809,0
16,51,dram,10931,16,43,0,20122,0
16,52,dram,10931,16,43,0,20815,0
16,53,dram,1801,17,33,0,22099,0
16,54,dram,5281,22,121,0,27847,0
16,55,dram,10931,16,33,0,21032,0
16,56,dram,10931,10,10,0,12045,0
16,57,dram,7786,17,61,0,18074,0
16,58,dram,1721,15,37,0,19840,0
16,59,dram,7786,16,49,0,20519,0
16,60,dram,7786,18,84,0,22684,0
16,61,dram,14405,21,83,0,27764,0
16,62,dram,491,19,77,0,23385,0
16,63,dram,7786,16,42,0,20592,0
16,64,dram,10931,16,32,0,17750,0
16,65,dram,10839,21,67,0,24956,0
16,66,dram,491,15,45,0,16651,0
16,67,dram,8685,16,30,0,19521,0
16,68,dram,3947,21,81,0,25396,0
16,69,dram,5281,17,36,0,20455,0
16,70,dram,2852,4,3,0,4002,0
16,71,dram,2852,16,27,0,20263,0
16,72,dram,491,12,15,0,13730,0
16,73,dram,1721,17,35,0,21626,0
16,74,dram,10593,10,15,0,11462,0
16,75,dram,15288,14,31,0,16810,0
16,76,dram,2852,10,13,0,12200,0
16,77,dram,8685,15,31,0,17486,0
16,78,dram,15288,17,41,0,21437,0
16,79,dram,491,16,43,0,20459,0
16,80,dram,491,12,16,0,14188,0
16,81,dram,8685,9,12,0,10314,0
16,82,dram,8685,12,18,0,13497,0
16,83,dram,2852,10,12,0,12579,0
16,84,dram,7786,18,66,0,22146,0
16,85,dram,2852,18,44,0,22464,0
16,86,dram,7786,15,36,0,19409,0
16,87,dram,7786,16,46,0,19615,0
16,88,dram,10593,16,48,0,18469,0
16,89,dram,5281,14,27,0,16751,0
16,90,dram,5281,18,54,0,23165,0
16,91,dram,10931,17,53,0,21022,0
16,92,dram,507,20,86,0,24438,0
16,93,dram,5281,15,45,0,16900,0
16,94,dram,1721,17,40,0,20444,0
16,95,dram,4724,10,12,0,12201,0
16,96,dram,4724,17,42,0,18866,0
16,97,dram,1801,16,33,0,18844,0
16,98,dram,1801,13,20,0,15794,0
16,99,dram,15288,21,101,0,26139,0
64,0,dram,2852,6,4,2,10814,0
64,1,dram,8685,13,14,3,18014,0
64,2,dram,8089,7,3,0,7674,0
64,3,dram,4876,13,19,0,15578,0
64,4,dram,4720,8,4,0,8861,0
64,5,dram,4876,18,40,6,28943,0
64,6,dram,7786,12,24,0,14179,0
64,7,dram,1801,12,25,0,14418,0
64,8,dram,3304,11,13,0,13122,0
64,9,dram,12001,1,0,0,1446,0
64,10,dram,8685,5,4,0,5511,0
64,11,dram,682,12,19,0,13985,0
64,12,dram,26,14,20,0,16548,0
64,13,dram,9302,11,17,0,12978,0
64,14,dram,14567,12,19,0,14015,0
64,15,dram,7400,10,7,0,10889,0
64,16,dram,10839,13,30,0,14358,0
64,17,dram,6247,7,6,0,8565,0
64,18,dram,14542,9,8,0,10412,0
64,19,dram,4724,11,16,0,13109,0
64,20,dram,14542,13,20,0,15680,0
64,21,dram,11647,13,18,0,13878,0
64,22,dram,4724,8,6,0,8457,0
64,23,dram,16090,10,13,0,13619,0
64,24,dram,2888,3,2,0,3119,0
64,25,dram,3073,6,3,0,6539,0
64,26,dram,8225,12,13,0,12833,0
64,27,dram,173,10,11,0,11123,0
64,28,dram,10593,10,14,0,12769,0
64,29,dram,14542,7,6,0,8967,0
64,30,dram,3903,11,11,0,11657,0
64,31,dram,160,11,19,0,14420,0
64,32,dram,4720,2,1,0,2792,0
64,33,dram,160,4,1,0,4261,0
64,34,dram,6247,10,13,0,12742,0
64,35,dram,7400,13,18,0,15496,0
64,36,dram,5531,14,23,0,16858,0
64,37,dram,8225,16,28,0,20827,0
64,38,dram,10931,10,17,0,13647,0
64,39,dram,2888,11,13,0,14514,0
64,40,dram,11272,10,9,0,11284,0
64,41,dram,4512,6,5,0,7734,0
64,42,dram,507,10,8,0,11819,0
64,43,dram,11272,10,12,0,13227,0
64,44,dram,7400,11,8,0,12800,0
64,45,dram,7786,11,14,0,12746,0
64,46,dram,6247,9,10,0,10306,0
64,47,dram,5200,15,30,1,18905,0
64,48,dram,15288,13,13,0,15675,0
64,49,dram,10234,11,11,0,13529,0
64,50,dram,1038,16,32,0,17918,0
64,51,dram,14405,8,10,0,9871,0
64,52,dram,16090,16,43,3,25731,0
64,53,dram,15469,13,21,0,16635,0
64,54,dram,14405,9,13,0,10742,0
64,55,dram,11647,2,1,0,2992,0
64,56,dram,7786,7,4,0,7926,0
64,57,dram,3876,12,15,0,11440,0
64,58,dram,8225,5,4,0,6389,0
64,59,dram,8225,11,14,0,14389,0
64,60,dram,3903,2,1,0,2551,0
64,61,dram,13012,10,13,0,12673,0
64,62,dram,15288,5,4,0,6081,0
64,63,dram,14567,10,11,0,11534,0
64,64,dram,1801,10,10,0,10718,0
64,65,dram,26,15,28,0,17094,0
64,66,dram,9302,13,26,0,14148,0
64,67,dram,682,11,15,0,12837,0
64,68,dram,1825,12,24,0,13668,0
64,69,dram,8225,15,23,0,17956,0
64,70,dram,5531,15,40,0,18055,0
64,71,dram,2852,16,27,0,20201,0
64,72,dram,13048,13,20,0,15190,0
64,73,dram,701,17,35,0,21591,0
64,74,dram,507,16,48,0,18238,0
64,75,dram,10812,7,5,0,8180,0
64,76,dram,1801,15,36,0,19038,0
64,77,dram,701,8,8,0,9086,0
64,78,dram,5281,6,5,0,7592,0
64,79,dram,8089,16,43,0,20354,0
64,80,dram,8799,8,4,0,8785,0
64,81,dram,7786,7,6,0,7955,0
64,82,dram,10234,11,15,0,12122,0
64,83,dram,5270,14,23,0,18485,0
64,84,dram,14494,3,1,0,3647,0
64,85,dram,5200,10,13,0,11513,0
64,86,dram,586,12,19,0,15103,0
64,87,dram,10593,13,23,0,15554,0
64,88,dram,7786,13,25,0,14747,0
64,89,dram,10931,10,13,0,11649,0
64,90,dram,16090,13,12,0,16172,0
64,91,dram,13048,14,18,0,17335,0
64,92,dram,5341,3,1,0,3747,0
64,93,dram,13012,10,14,0,10644,0
64,94,dram,507,13,21,0,15125,0
64,95,dram,507,20,75,3,28768,0
64,96,dram,13012,14,21,0,15619,0
64,97,dram,1801,16,33,0,18840,0
64,98,dram,491,10,7,0,12193,0
64,99,dram,5531,6,4,0,7324,0
256,0,dram,15288,8,7,3,15056,0
256,1,dram,5849,5,2,0,5251,0
256,2,dram,8081,7,3,0,7671,0
256,3,dram,16060,9,8,1,11593,0
256,4,dram,12680,12,17,3,18719,0
256,5,dram,7233,10,5,0,10128,0
256,6,dram,3716,7,7,0,7634,0
256,7,dram,3545,8,8,0,9405,0
256,8,dram,11907,10,8,0,11878,0
256,9,dram,12001,1,0,0,1446,0
256,10,dram,5451,4,2,0,4143,0
256,11,dram,873,12,19,0,13472,0
256,12,dram,90,5,3,0,6087,0
256,13,dram,7326,6,5,0,6534,0
256,14,dram,1930,6,7,0,6657,0
256,15,dram,13448,9,3,0,9541,0
256,16,dram,12329,6,4,0,6678,0
256,17,dram,6247,7,6,0,8539,0
256,18,dram,4389,7,4,0,7344,0
256,19,dram,13749,7,3,0,8027,0
256,20,dram,6940,9,9,0,11394,0
256,21,dram,2302,9,4,0,8725,0
256,22,dram,7844,9,7,0,9725,0
256,23,dram,6733,5,4,0,6429,0
256,24,dram,4724,8,10,0,8531,0
256,25,dram,9555,12,14,0,14034,0
256,26,dram,6702,9,6,0,8630,0
256,27,dram,10532,6,4,0,6435,0
256,28,dram,314,8,7,0,10705,0
256,29,dram,14410,7,6,0,8977,0
256,30,dram,4956,9,7,0,9541,0
256,31,dram,15859,9,10,0,12607,0
256,32,dram,11246,10,12,0,11094,0
256,33,dram,825,8,8,0,8768,0
256,34,dram,10842,7,5,0,8754,0
256,35,dram,9972,6,6,0,7654,0
256,36,dram,16297,6,3,0,7219,0
256,37,dram,1456,5,4,0,6297,0
256,38,dram,11990,6,5,0,8071,0
256,39,dram,10839,4,2,0,5265,0
256,40,dram,586,5,4,0,5796,0
256,41,dram,7400,5,4,0,6500,0
256,42,dram,507,10,8,0,11827,0
256,43,dram,160,6,3,0,7408,0
256,44,dram,7400,11,8,0,12797,0
256,45,dram,8996,6,4,0,7183,0
256,46,dram,15586,8,6,0,8979,0
256,47,dram,56,9,6,0,10101,0
256,48,dram,10265,11,7,0,12543,0
256,49,dram,5281,9,6,0,10585,0
256,50,dram,2160,13,15,0,13770,0
256,51,dram,6300,5,4,0,5943,0
256,52,dram,13448,3,1,0,4048,0
256,53,dram,8799,9,7,0,11317,0
256,54,dram,7615,4,2,0,4171,0
256,55,dram,12785,4,2,0,5671,0
256,56,dram,7780,7,4,0,7910,0
256,57,dram,9459,7,2,0,6175,0
256,58,dram,8225,5,4,0,6407,0
256,59,dram,4389,6,5,0,8059,0
256,60,dram,11343,9,10,0,10502,0
256,61,dram,12329,11,17,0,13963,0
256,62,dram,5666,10,13,0,12240,0
256,63,dram,14388,10,11,0,11520,0
256,64,dram,3410,8,4,0,8595,0
256,65,dram,10195,6,3,0,6856,0
256,66,dram,1133,6,2,0,6621,0
256,67,dram,5270,10,10,0,11788,0
256,68,dram,8996,8,6,0,9091,0
256,69,dram,15374,7,3,0,7982,0
256,70,dram,2789,4,3,0,3967,0
256,71,dram,15233,8,6,0,9765,0
256,72,dram,1859,7,4,0,7733,0
256,73,dram,9230,7,6,0,8587,0
256,74,dram,2442,6,2,0,6994,0
256,75,dram,14410,2,1,0,2962,0
256,76,dram,13239,9,10,0,10932,0
256,77,dram,9230,7,5,0,7933,0
256,78,dram,3237,2,1,0,2528,0
256,79,dram,11111,2,1,0,2715,0
256,80,dram,8089,10,10,0,11543,0
256,81,dram,9492,6,4,0,6619,0
256,82,dram,14992,3,1,0,4038,0
256,83,dram,15859,3,2,0,3856,0
256,84,dram,10082,6,4,0,5702,0
256,85,dram,8851,9,10,0,10746,0
256,86,dram,10812,11,13,0,13982,0
256,87,dram,6247,12,15,0,14131,0
256,88,dram,1038,6,3,0,5837,0
256,89,dram,10532,10,13,0,11559,0
256,90,dram,15943,13,12,0,16143,0
256,91,dram,9960,4,1,0,4654,0
256,92,dram,8081,4,1,0,5068,0
256,93,dram,12684,10,14,0,10093,0
256,94,dram,2888,7,3,0,7160,0
256,95,dram,2852,9,7,0,10898,0
256,96,dram,1456,4,2,0,4764,0
256,97,dram,13286,6,3,0,6097,0
256,98,dram,10964,2,1,0,2699,0
256,99,dram,2852,5,2,0,6024,0
