target,seed,normal_cycles,h4_cycles,delta_cycles,speedup,normal_iter,h4_iter,delta_iter
1,0,351394,100177,251217,3.5077313155714385,308,70,238
1,1,43019,22147,20872,1.9424301259764303,23,9,14
1,2,216220,62558,153662,3.45631254196106,181,40,141
1,3,280680,77526,203154,3.6204628124758145,239,51,188
1,4,279106,83884,195222,3.327285298745887,240,58,182
1,5,190096,62628,127468,3.0353196653254138,155,41,114
1,6,26182,11897,14285,2.2007228713120957,14,4,10
1,7,215431,73675,141756,2.924071937563624,180,52,128
1,8,304443,109490,194953,2.7805553018540508,261,83,178
1,9,185333,81186,104147,2.2828196979774837,148,57,91
1,10,122239,48628,73611,2.5137575059636426,93,30,63
1,11,209839,68637,141202,3.0572286084764775,175,44,131
1,12,66692,25958,40734,2.5692272131905387,42,10,32
1,13,259163,77845,181318,3.3292183184533366,218,52,166
1,14,166454,59334,107120,2.8053729733373785,133,36,97
1,15,380457,131574,248883,2.891581923480323,333,101,232
1,16,265773,69469,196304,3.825778404756078,225,45,180
1,17,190776,61386,129390,3.1078095982797382,152,35,117
1,18,255323,95252,160071,2.680500146978541,216,70,146
1,19,155688,65686,90002,2.370185427640593,122,42,80
1,20,358942,129272,229670,2.7766415000928277,311,100,211
1,21,240495,94180,146315,2.553567636440858,200,62,138
1,22,57533,21764,35769,2.6434938430435584,37,9,28
1,23,177183,56539,120644,3.1338191336953254,141,31,110
1,24,192097,57567,134530,3.3369291434328696,159,37,122
1,25,250284,107458,142826,2.329133242755309,210,79,131
1,26,256978,87340,169638,2.9422715823219603,215,61,154
1,27,211514,63756,147758,3.3175544262500782,174,40,134
1,28,297623,87408,210215,3.4049858136555007,256,63,193
1,29,164586,57017,107569,2.8866127646140627,133,37,96
1,30,89246,44299,44947,2.014627869703605,63,25,38
1,31,316979,101347,215632,3.1276604142204505,273,74,199
1,32,124879,46805,78074,2.6680696506783463,93,25,68
1,33,120166,45183,74983,2.6595400925126707,93,26,67
1,34,335300,135819,199481,2.4687267613515047,290,106,184
1,35,62917,27433,35484,2.2934786570918235,40,12,28
1,36,268747,73963,194784,3.63353298270757,229,51,178
1,37,205114,66083,139031,3.1038845088752023,169,43,126
1,38,155349,46202,109147,3.3623869096575905,123,26,97
1,39,136869,50712,86157,2.6989469947941314,105,29,76
1,40,73269,29978,43291,2.4440923343785443,48,13,35
1,41,232935,96820,136115,2.4058562280520555,196,73,123
1,42,158034,55864,102170,2.828905914363454,126,35,91
1,43,297710,89217,208493,3.336920093704115,252,57,195
1,44,416564,143303,273261,2.906875641124052,368,115,253
1,45,162206,52001,110205,3.1192861675737005,131,33,98
1,46,126679,39478,87201,3.208850499012108,96,20,76
1,47,151510,45816,105694,3.3069233455561378,120,26,94
1,48,196349,64286,132063,3.0543042030924306,157,36,121
1,49,184518,62808,121710,2.937810470003821,148,40,108
4,0,150988,58500,92488,2.580991452991453,119,38,81
4,1,166333,64487,101846,2.579326065718672,132,43,89
4,2,116848,42805,74043,2.7297745590468403,89,24,65
4,3,131489,48148,83341,2.730933787488577,101,28,73
4,4,69648,30541,39107,2.280475426475885,47,11,36
4,5,100632,35825,64807,2.8089881367759943,72,18,54
4,6,26206,11921,14285,2.1983055112826104,14,4,10
4,7,142991,55807,87184,2.5622412958947804,112,36,76
4,8,61637,21671,39966,2.8442157722301693,40,8,32
4,9,128469,51631,76838,2.4882144448102883,94,29,65
4,10,91813,36501,55312,2.5153557436782554,65,19,46
4,11,61820,24053,37767,2.5701575687024487,41,10,31
4,12,66692,25956,40736,2.5694251810756663,42,10,32
4,13,163120,64403,98717,2.5328012670217226,128,41,87
4,14,84563,31495,53068,2.6849658675980312,59,14,45
4,15,116045,57030,59015,2.034806242328599,85,35,50
4,16,148264,41199,107065,3.5987281244690403,116,21,95
4,17,156681,60879,95802,2.573646084856847,121,33,88
4,18,149331,45947,103384,3.250070733671404,116,25,91
4,19,112747,50142,62605,2.248554106338,82,28,54
4,20,146109,50278,95831,2.906022514817614,112,29,83
4,21,16441,12485,3956,1.3168602322787344,4,4,0
4,22,57588,21811,35777,2.640319105038742,37,9,28
4,23,39230,19289,19941,2.033801648608015,21,7,14
4,24,25923,11636,14287,2.2278274321072535,14,4,10
4,25,104813,39869,64944,2.6289347613433995,77,22,55
4,26,112701,40645,72056,2.772813384180096,83,22,61
4,27,105167,38452,66715,2.7350202850306875,77,21,56
4,28,177051,51517,125534,3.4367490342993574,142,30,112
4,29,87728,35595,52133,2.464615816828206,62,19,43
4,30,108228,45122,63106,2.3985638934444395,80,25,55
4,31,28285,17294,10991,1.6355383369954897,14,4,10
4,32,99583,43050,56533,2.313193960511034,70,25,45
4,33,126787,47954,78833,2.6439295991992324,98,28,70
4,34,32237,13835,18402,2.330104806649801,17,4,13
4,35,100140,35368,64772,2.8313729925356252,73,17,56
4,36,71799,33129,38670,2.167255274834737,47,17,30
4,37,114074,50995,63079,2.236964408275321,85,31,54
4,38,77410,29519,47891,2.6223788068701515,54,14,40
4,39,97570,40087,57483,2.43395614538379,71,22,49
4,40,73243,29951,43292,2.445427531635004,48,13,35
4,41,30262,17875,12387,1.692979020979021,14,7,7
4,42,55190,26182,29008,2.107936750439233,34,12,22
4,43,126751,39492,87259,3.209536108578953,98,20,78
4,44,154178,49898,104280,3.0898633211751974,123,31,92
4,45,131137,55467,75670,2.3642345899363586,102,33,69
4,46,95055,34445,60610,2.75961678037451,68,17,51
4,47,103540,44302,59238,2.337140535416008,76,26,50
4,48,128273,57858,70415,2.2170313526219365,95,34,61
4,49,67739,27216,40523,2.488940329218107,44,12,32
16,0,30393,13020,17373,2.334331797235023,15,3,12
16,1,43028,22156,20872,1.9420473009568515,23,9,14
16,2,80091,31094,48997,2.575770245063356,56,16,40
16,3,81824,37644,44180,2.173626607161832,56,20,36
16,4,46403,19539,26864,2.3748912431547162,27,7,20
16,5,38171,18274,19897,2.0888147094232243,18,5,13
16,6,92203,32788,59415,2.812095888739783,68,17,51
16,7,41133,17472,23661,2.354223901098901,25,7,18
16,8,52248,19926,32322,2.6221017765733214,32,7,25
16,9,37555,17610,19945,2.13259511641113,20,6,14
16,10,55547,28183,27364,1.9709399283255864,35,11,24
16,11,80450,25097,55353,3.2055624178188626,57,10,47
16,12,49915,24674,25241,2.0229796546972523,28,10,18
16,13,66939,23268,43671,2.8768695203713253,43,8,35
16,14,99848,35440,64408,2.8173814898419867,71,16,55
16,15,116193,57145,59048,2.03330125120308,85,35,50
16,16,48468,20314,28154,2.3859407305306686,30,8,22
16,17,28274,14006,14268,2.0187062687419677,13,4,9
16,18,46256,21616,24640,2.139896373056995,27,9,18
16,19,113101,50495,62606,2.239845529260323,82,28,54
16,20,83215,29195,54020,2.850316835074499,58,13,45
16,21,94554,32930,61624,2.8713634983297904,67,15,52
16,22,57555,21772,35783,2.6435329781370567,37,9,28
16,23,39266,19325,19941,2.031875808538163,21,7,14
16,24,70004,26647,43357,2.6270874770142982,47,12,35
16,25,17464,12150,5314,1.437366255144033,6,2,4
16,26,48878,22243,26635,2.197455379220429,29,10,19
16,27,51953,22874,29079,2.2712686893416105,32,10,22
16,28,32016,14650,17366,2.1853924914675766,17,5,12
16,29,49838,18599,31239,2.67960643045325,30,6,24
16,30,46159,19524,26635,2.3642183978692892,26,7,19
16,31,55008,21860,33148,2.516376944190302,35,9,26
16,32,99894,43455,56439,2.2987918536416982,70,25,45
16,33,40559,17006,23553,2.3849817711395978,23,6,17
16,34,32240,13838,18402,2.3298164474635064,17,4,13
16,35,51391,26746,24645,1.9214461975622523,30,12,18
16,36,15334,9291,6043,1.6504143795070498,5,2,3
16,37,3362,2961,401,1.1354272205336036,1,1,0
16,38,61961,23869,38092,2.5958774980099713,40,9,31
16,39,97853,40267,57586,2.4301040554300046,71,22,49
16,40,73287,30008,43279,2.442248733671021,48,13,35
16,41,48140,21406,26734,2.248902176959731,29,9,20
16,42,81659,30986,50673,2.6353514490415026,57,15,42
16,43,16458,14281,2177,1.1524403053007493,6,3,3
16,44,121710,37610,84100,3.23610741823983,93,20,73
16,45,36681,16737,19944,2.191611399892454,21,7,14
16,46,95165,34817,60348,2.733291208317776,68,17,51
16,47,50683,25089,25594,2.0201283430985693,30,12,18
16,48,31660,18437,13223,1.717199110484352,13,6,7
16,49,68193,27646,40547,2.4666497865875714,44,12,32
64,0,12326,7826,4500,1.5750063889598773,4,2,2
64,1,31381,16241,15140,1.9322086078443446,14,5,9
64,2,12292,8318,3974,1.4777590767011302,3,2,1
64,3,37190,16738,20452,2.221890309475445,19,5,14
64,4,15027,9508,5519,1.5804585612116113,4,2,2
64,5,64965,28032,36933,2.3175299657534247,40,12,28
64,6,40441,16369,24072,2.4705846417007757,24,6,18
64,7,40659,17153,23506,2.3703725295866613,25,7,18
64,8,28549,15311,13238,1.8646071451897328,13,5,8
64,9,1445,1551,-106,0.9316569954867827,0,0,0
64,10,10648,6658,3990,1.599279062781616,4,2,2
64,11,35082,17355,17727,2.0214347450302506,19,7,12
64,12,39181,23202,15979,1.6886906301180933,20,10,10
64,13,33053,17781,15272,1.8588943254035206,17,4,13
64,14,36155,17245,18910,2.096549724557843,19,6,13
64,15,20657,13091,7566,1.5779543197616683,7,4,3
64,16,48376,20265,28111,2.3871699975326917,30,8,22
64,17,15755,8684,7071,1.814256103178259,6,2,4
64,18,20182,12090,8092,1.669313482216708,8,4,4
64,19,31635,16331,15304,1.9371134651889046,16,6,10
64,20,38325,16988,21337,2.2560042382858487,20,5,15
64,21,36016,17632,18384,2.042649727767695,18,6,12
64,22,16162,9615,6547,1.6809152366094644,6,3,3
64,23,28015,15286,12729,1.8327227528457413,13,5,8
64,24,5687,3745,1942,1.518558077436582,2,1,1
64,25,10642,7176,3466,1.4829988851727982,3,2,1
64,26,28775,16061,12714,1.7916069983189091,13,6,7
64,27,25012,11245,13767,2.224277456647399,11,2,9
64,28,27671,13913,13758,1.988859340185438,14,5,9
64,29,16157,9081,7076,1.7792093381786147,6,2,4
64,30,25545,12303,13242,2.076322848085833,11,3,8
64,31,34475,15094,19381,2.28402014045316,19,5,14
64,32,3812,3413,399,1.1169059478464693,1,1,0
64,33,6311,4892,1419,1.2900654129190514,1,1,0
64,34,27127,13366,13761,2.0295525961394585,13,4,9
64,35,36086,19764,16322,1.8258449706537139,18,8,10
64,36,43117,22156,20961,1.946064271529157,23,9,14
64,37,50130,24337,25793,2.0598266014710114,28,7,21
64,38,31637,14778,16859,2.1408174313168225,17,5,12
64,39,28382,13074,15308,2.1708734893682116,13,3,10
64,40,22591,12959,9632,1.7432672274095224,9,4,5
64,41,12849,7315,5534,1.7565276828434724,5,2,3
64,42,21577,14012,7565,1.5398943762489294,8,5,3
64,43,25547,13852,11695,1.844282414091828,12,5,7
64,44,22546,12404,10142,1.8176394711383426,8,3,5
64,45,28163,12858,15305,2.190309534919894,14,4,10
64,46,22647,12491,10156,1.813065407093107,10,4,6
64,47,50818,25538,25280,1.989897407784478,30,12,18
64,48,31627,18404,13223,1.7184851119321887,13,6,7
64,49,26901,15727,11174,1.7104978699052584,11,5,6
256,0,18100,10518,7582,1.7208594789884009,7,3,4
256,1,8849,5889,2960,1.5026320258108337,2,1,1
256,2,12289,8315,3974,1.477931449188214,3,2,1
256,3,20325,12237,8088,1.6609463103701887,8,4,4
256,4,33617,18101,15516,1.8571902104856086,17,7,10
256,5,18357,10790,7567,1.70129749768304,5,2,3
256,6,16384,8278,8106,1.9792220343078037,7,2,5
256,7,18133,9517,8616,1.9053273090259535,8,3,5
256,8,22152,13553,8599,1.6344720726038515,8,4,4
256,9,1445,1551,-106,0.9316569954867827,0,0,0
256,10,7226,4776,2450,1.5129815745393635,2,1,1
256,11,35085,20143,14942,1.7417961574740604,19,7,12
256,12,9675,6718,2957,1.4401607621315868,3,2,1
256,13,13219,7686,5533,1.719880301847515,5,2,3
256,14,15408,7808,7600,1.973360655737705,7,2,5
256,15,15189,10194,4995,1.4899941141848145,3,2,1
256,16,11814,7315,4499,1.6150375939849624,4,2,2
256,17,15729,8658,7071,1.8167013167013166,6,2,4
256,18,12995,6950,6045,1.8697841726618705,4,1,3
256,19,12645,8668,3977,1.458814028610983,3,2,1
256,20,21670,12548,9122,1.7269684411858464,9,4,5
256,21,16449,12493,3956,1.3166573281037381,4,4,0
256,22,18451,10362,8089,1.7806408029337966,7,3,4
256,23,11050,7060,3990,1.565155807365439,4,2,2
256,24,20357,9676,10681,2.10386523356759,10,3,7
256,25,29966,15186,14780,1.9732648492032134,14,5,9
256,26,17366,9272,8094,1.8729508196721312,6,2,4
256,27,12087,7587,4500,1.5931198102016608,4,2,2
256,28,17873,9259,8614,1.930338049465385,7,2,5
256,29,16167,9091,7076,1.7783522164778351,6,2,4
256,30,18794,10702,8092,1.756120351336199,7,3,4
256,31,22862,12706,10156,1.7993074138202425,10,4,6
256,32,25500,12771,12729,1.9967112990368805,12,4,8
256,33,18528,9912,8616,1.8692493946731235,8,3,5
256,34,14911,8871,6040,1.6808702513809042,5,2,3
256,35,14329,7764,6565,1.8455692941782587,6,2,4
256,36,11838,8370,3468,1.414336917562724,3,2,1
256,37,10391,6399,3992,1.6238474761681512,4,2,2
256,38,13713,8181,5532,1.6762009534286761,5,2,3
256,39,7305,4853,2452,1.5052544817638573,2,1,1
256,40,10933,6941,3992,1.5751332660999855,4,2,2
256,41,10594,6602,3992,1.6046652529536505,4,2,2
256,42,21585,17734,3851,1.217153490470283,8,5,3
256,43,10468,5966,4502,1.7546094535702312,3,1,2
256,44,22543,12401,10142,1.8178372711878075,8,3,5
256,45,11792,7292,4500,1.617114646187603,4,2,2
256,46,17200,9615,7585,1.7888715548621945,6,2,4
256,47,18321,11265,7056,1.626364846870839,6,3,3
256,48,22310,14233,8077,1.5674840160191106,7,4,3
256,49,18805,10711,8094,1.7556717393333956,6,2,4
